track_id,split,artist_id,audio_path,text,labels,graph_path,mel_path,num_nodes
211,training,127,/content/gnn-bert-music-context/data/raw/fma_small/000/000211.mp3,Track: In America. Album: Blue Piano. Artist: Ed Askew,"[0.0, 0.0, 1.0, 0.0, 0.0, 0.0, 0.0, 0.0]",/content/gnn-bert-music-context/data/processed/graphs/000211.pt,/content/gnn-bert-music-context/data/processed/mels/000211.pt,6
255,training,80,/content/gnn-bert-music-context/data/raw/fma_small/000/000255.mp3,Track: We Want to be Old. Album: On Opaque Things. Artist: Bird Names,"[0.0, 0.0, 0.0, 0.0, 0.0, 0.0, 0.0, 1.0]",/content/gnn-bert-music-context/data/processed/graphs/000255.pt,/content/gnn-bert-music-context/data/processed/mels/000255.pt,6
368,training,84,/content/gnn-bert-music-context/data/raw/fma_small/000/000368.mp3,Track: Vampires. Album: 30th Anniversary Blah Blah Blah. Artist: Blah Blah Blah,"[0.0, 0.0, 0.0, 0.0, 0.0, 0.0, 0.0, 1.0]",/content/gnn-bert-music-context/data/processed/graphs/000368.pt,/content/gnn-bert-music-context/data/processed/mels/000368.pt,6
546,training,101,/content/gnn-bert-music-context/data/raw/fma_small/000/000546.mp3,Track: If You Have No One. Album: One Mind. Artist: Charles Manson,"[0.0, 0.0, 1.0, 0.0, 0.0, 0.0, 0.0, 0.0]",/content/gnn-bert-music-context/data/processed/graphs/000546.pt,/content/gnn-bert-music-context/data/processed/mels/000546.pt,6
676,training,136,/content/gnn-bert-music-context/data/raw/fma_small/000/000676.mp3,Track: The Tension. Album: Change Thoughts (radio edit). Artist: Fanatic,"[0.0, 0.0, 0.0, 1.0, 0.0, 0.0, 0.0, 0.0]",/content/gnn-bert-music-context/data/processed/graphs/000676.pt,/content/gnn-bert-music-context/data/processed/mels/000676.pt,6
718,training,143,/content/gnn-bert-music-context/data/raw/fma_small/000/000718.mp3,Track: Song Of The Spindle Berry. Album: Kobold Moon. Artist: Fursaxa,"[0.0, 0.0, 1.0, 0.0, 0.0, 0.0, 0.0, 0.0]",/content/gnn-bert-music-context/data/processed/graphs/000718.pt,/content/gnn-bert-music-context/data/processed/mels/000718.pt,6
822,training,155,/content/gnn-bert-music-context/data/raw/fma_small/000/000822.mp3,"Track: Tom & Jerry. Album: Sir 12"" EP. Artist: Hecuba","[0.0, 0.0, 0.0, 0.0, 0.0, 0.0, 1.0, 0.0]",/content/gnn-bert-music-context/data/processed/graphs/000822.pt,/content/gnn-bert-music-context/data/processed/mels/000822.pt,6
995,training,177,/content/gnn-bert-music-context/data/raw/fma_small/000/000995.mp3,Track: No Good Deed Goes Unpunished. Album: The Death of Patience. Artist: Kevin Shields,"[0.0, 1.0, 0.0, 0.0, 0.0, 0.0, 0.0, 0.0]",/content/gnn-bert-music-context/data/processed/graphs/000995.pt,/content/gnn-bert-music-context/data/processed/mels/000995.pt,6
1082,training,199,/content/gnn-bert-music-context/data/raw/fma_small/001/001082.mp3,Track: Nam Nhi-tu. Album: Black Mirror: Reflections In Global Musics (1915-1955). Artist: M. Nguyen Van Minh-Con,"[0.0, 0.0, 0.0, 0.0, 0.0, 1.0, 0.0, 0.0]",/content/gnn-bert-music-context/data/processed/graphs/001082.pt,/content/gnn-bert-music-context/data/processed/mels/001082.pt,6
1083,training,200,/content/gnn-bert-music-context/data/raw/fma_small/001/001083.mp3,Track: Feasting on Energy. Album: High Beams. Artist: Magic Lantern,"[0.0, 1.0, 0.0, 0.0, 0.0, 0.0, 0.0, 0.0]",/content/gnn-bert-music-context/data/processed/graphs/001083.pt,/content/gnn-bert-music-context/data/processed/mels/001083.pt,6
1510,training,253,/content/gnn-bert-music-context/data/raw/fma_small/001/001510.mp3,Track: Zombie. Album: They Lured Us Into the Basement. Artist: Ric Royer &amp; G. Lucas Crane,"[0.0, 1.0, 0.0, 0.0, 0.0, 0.0, 0.0, 0.0]",/content/gnn-bert-music-context/data/processed/graphs/001510.pt,/content/gnn-bert-music-context/data/processed/mels/001510.pt,6
1685,training,1259,/content/gnn-bert-music-context/data/raw/fma_small/001/001685.mp3,"Track: Eni Wana Damu. Album: Zanzibar, New York. Artist: The Sounds of Taraab","[0.0, 0.0, 0.0, 0.0, 0.0, 1.0, 0.0, 0.0]",/content/gnn-bert-music-context/data/processed/graphs/001685.pt,/content/gnn-bert-music-context/data/processed/mels/001685.pt,6
1686,training,1259,/content/gnn-bert-music-context/data/raw/fma_small/001/001686.mp3,"Track: Rufiji. Album: Zanzibar, New York. Artist: The Sounds of Taraab","[0.0, 0.0, 0.0, 0.0, 0.0, 1.0, 0.0, 0.0]",/content/gnn-bert-music-context/data/processed/graphs/001686.pt,/content/gnn-bert-music-context/data/processed/mels/001686.pt,6
1701,training,278,/content/gnn-bert-music-context/data/raw/fma_small/001/001701.mp3,Track: Clouds. Album: This is Fire. Artist: Spires That in the Sunset Rise,"[0.0, 0.0, 1.0, 0.0, 0.0, 0.0, 0.0, 0.0]",/content/gnn-bert-music-context/data/processed/graphs/001701.pt,/content/gnn-bert-music-context/data/processed/mels/001701.pt,6
1706,training,279,/content/gnn-bert-music-context/data/raw/fma_small/001/001706.mp3,Track: In the Pineys. Album: In the Pineys. Artist: Strapping Fieldhands,"[0.0, 0.0, 0.0, 0.0, 0.0, 0.0, 0.0, 1.0]",/content/gnn-bert-music-context/data/processed/graphs/001706.pt,/content/gnn-bert-music-context/data/processed/mels/001706.pt,6
1733,training,288,/content/gnn-bert-music-context/data/raw/fma_small/001/001733.mp3,Track: Keinsein. Album: Teeth Mtn CD-R. Artist: Teeth Mountain,"[0.0, 1.0, 0.0, 0.0, 0.0, 0.0, 0.0, 0.0]",/content/gnn-bert-music-context/data/processed/graphs/001733.pt,/content/gnn-bert-music-context/data/processed/mels/001733.pt,6
1736,training,288,/content/gnn-bert-music-context/data/raw/fma_small/001/001736.mp3,Track: Soft Beast. Album: Teeth Mtn CD-R. Artist: Teeth Mountain,"[0.0, 1.0, 0.0, 0.0, 0.0, 0.0, 0.0, 0.0]",/content/gnn-bert-music-context/data/processed/graphs/001736.pt,/content/gnn-bert-music-context/data/processed/mels/001736.pt,6
1924,training,312,/content/gnn-bert-music-context/data/raw/fma_small/001/001924.mp3,Track: Calling For You. Album: Inside the Skate Scandal. Artist: The Twin Atlas,"[0.0, 0.0, 1.0, 0.0, 0.0, 0.0, 0.0, 0.0]",/content/gnn-bert-music-context/data/processed/graphs/001924.pt,/content/gnn-bert-music-context/data/processed/mels/001924.pt,6
2097,training,153,/content/gnn-bert-music-context/data/raw/fma_small/002/002097.mp3,Track: My Sweet Miasma. Album: Paradise Now. Artist: Hall Of Fame,"[0.0, 0.0, 1.0, 0.0, 0.0, 0.0, 0.0, 0.0]",/content/gnn-bert-music-context/data/processed/graphs/002097.pt,/content/gnn-bert-music-context/data/processed/mels/002097.pt,6
3724,training,876,/content/gnn-bert-music-context/data/raw/fma_small/003/003724.mp3,Track: Temporary Famine Ship. Album: Live at WFMU on Liz B's Show on 7/7/2008. Artist: Indian Jewelry,"[0.0, 0.0, 0.0, 0.0, 0.0, 0.0, 0.0, 1.0]",/content/gnn-bert-music-context/data/processed/graphs/003724.pt,/content/gnn-bert-music-context/data/processed/mels/003724.pt,6
3778,training,932,/content/gnn-bert-music-context/data/raw/fma_small/003/003778.mp3,Track: Calor Calor. Album: Live at WFMU on Rob Weisberg's Show on 10/18/2008. Artist: La Troba Kung-Fu,"[0.0, 0.0, 0.0, 0.0, 0.0, 1.0, 0.0, 0.0]",/content/gnn-bert-music-context/data/processed/graphs/003778.pt,/content/gnn-bert-music-context/data/processed/mels/003778.pt,6
4067,training,1374,/content/gnn-bert-music-context/data/raw/fma_small/004/004067.mp3,Track: Por Rosa. Album: Live at WFMU on Irene Trudel's Show on 6/9/2008. Artist: Peter Walker,"[0.0, 0.0, 1.0, 0.0, 0.0, 0.0, 0.0, 0.0]",/content/gnn-bert-music-context/data/processed/graphs/004067.pt,/content/gnn-bert-music-context/data/processed/mels/004067.pt,6
4068,training,1374,/content/gnn-bert-music-context/data/raw/fma_small/004/004068.mp3,Track: Alegrias Variation. Album: Live at WFMU on Irene Trudel's Show on 6/9/2008. Artist: Peter Walker,"[0.0, 0.0, 1.0, 0.0, 0.0, 0.0, 0.0, 0.0]",/content/gnn-bert-music-context/data/processed/graphs/004068.pt,/content/gnn-bert-music-context/data/processed/mels/004068.pt,6
4078,training,1134,/content/gnn-bert-music-context/data/raw/fma_small/004/004078.mp3,Track: No Suspires. Album: Pistolera Live at Barbes on Rob Weisberg's Show 5/17/2008. Artist: Pistolera,"[0.0, 0.0, 0.0, 0.0, 0.0, 1.0, 0.0, 0.0]",/content/gnn-bert-music-context/data/processed/graphs/004078.pt,/content/gnn-bert-music-context/data/processed/mels/004078.pt,6
4079,training,1134,/content/gnn-bert-music-context/data/raw/fma_small/004/004079.mp3,Track: Extranjero. Album: Pistolera Live at Barbes on Rob Weisberg's Show 5/17/2008. Artist: Pistolera,"[0.0, 0.0, 0.0, 0.0, 0.0, 1.0, 0.0, 0.0]",/content/gnn-bert-music-context/data/processed/graphs/004079.pt,/content/gnn-bert-music-context/data/processed/mels/004079.pt,6
4098,training,1140,/content/gnn-bert-music-context/data/raw/fma_small/004/004098.mp3,Track: Russo Trap. Album: Polka Madre Live at WFMU on Rob Weisberg's Show on 9/6/2008. Artist: Polka Madre,"[0.0, 0.0, 0.0, 0.0, 0.0, 1.0, 0.0, 0.0]",/content/gnn-bert-music-context/data/processed/graphs/004098.pt,/content/gnn-bert-music-context/data/processed/mels/004098.pt,6
4234,training,1259,/content/gnn-bert-music-context/data/raw/fma_small/004/004234.mp3,Track: Mapenzi Matamu. Album: Live at WFMU on Rob Weisberg's Show on 4/7/2007. Artist: The Sounds of Taraab,"[0.0, 0.0, 0.0, 0.0, 0.0, 1.0, 0.0, 0.0]",/content/gnn-bert-music-context/data/processed/graphs/004234.pt,/content/gnn-bert-music-context/data/processed/mels/004234.pt,6
4520,training,846,/content/gnn-bert-music-context/data/raw/fma_small/004/004520.mp3,Track: From Stardust to Sentience. Album: Live at WFMU on Marty McSorely's Show on 10/28/2008. Artist: High Places,"[1.0, 0.0, 0.0, 0.0, 0.0, 0.0, 0.0, 0.0]",/content/gnn-bert-music-context/data/processed/graphs/004520.pt,/content/gnn-bert-music-context/data/processed/mels/004520.pt,6
4522,training,846,/content/gnn-bert-music-context/data/raw/fma_small/004/004522.mp3,Track: Oceanus. Album: Live at WFMU on Marty McSorely's Show on 10/28/2008. Artist: High Places,"[1.0, 0.0, 0.0, 0.0, 0.0, 0.0, 0.0, 0.0]",/content/gnn-bert-music-context/data/processed/graphs/004522.pt,/content/gnn-bert-music-context/data/processed/mels/004522.pt,6
4682,training,618,/content/gnn-bert-music-context/data/raw/fma_small/004/004682.mp3,Track: Asylum (Permanent Underclass). Album: Live at WFMU on Mike's Show on 9/25/2004. Artist: Dälek,"[0.0, 0.0, 0.0, 1.0, 0.0, 0.0, 0.0, 0.0]",/content/gnn-bert-music-context/data/processed/graphs/004682.pt,/content/gnn-bert-music-context/data/processed/mels/004682.pt,6
4782,training,823,/content/gnn-bert-music-context/data/raw/fma_small/004/004782.mp3,"Track: Thing With a Hook. Album: Half Japanese Live WFMU SXSW Showcase at Spiro's in Austin, TX on 3/14/2008. Artist: Half Japanese","[0.0, 0.0, 0.0, 0.0, 0.0, 0.0, 0.0, 1.0]",/content/gnn-bert-music-context/data/processed/graphs/004782.pt,/content/gnn-bert-music-context/data/processed/mels/004782.pt,6
4838,training,1119,/content/gnn-bert-music-context/data/raw/fma_small/004/004838.mp3,Track: Punk Rock. Album: Live at WFMU on The Cherry Blossom Clinic 6/21/2002. Artist: Peelander-Z,"[0.0, 0.0, 0.0, 0.0, 0.0, 0.0, 0.0, 1.0]",/content/gnn-bert-music-context/data/processed/graphs/004838.pt,/content/gnn-bert-music-context/data/processed/mels/004838.pt,6
5006,training,1075,/content/gnn-bert-music-context/data/raw/fma_small/005/005006.mp3,"Track: So Long, Silver Lining. Album: Live at WFMU on Mike L's Show on 11/10/2002. Artist: New Bomb Turks","[0.0, 0.0, 0.0, 0.0, 0.0, 0.0, 0.0, 1.0]",/content/gnn-bert-music-context/data/processed/graphs/005006.pt,/content/gnn-bert-music-context/data/processed/mels/005006.pt,6
5171,training,1625,/content/gnn-bert-music-context/data/raw/fma_small/005/005171.mp3,Track: Cover Up. Album: Live at WFMU 5/5/08 on Irene Trudel's show. Artist: Peter Biedermann,"[0.0, 0.0, 1.0, 0.0, 0.0, 0.0, 0.0, 0.0]",/content/gnn-bert-music-context/data/processed/graphs/005171.pt,/content/gnn-bert-music-context/data/processed/mels/005171.pt,6
5268,training,618,/content/gnn-bert-music-context/data/raw/fma_small/005/005268.mp3,Track: 3 Rocks Blessed. Album: Live at WFMU on Mike's Show on 7/11/2002. Artist: Dälek,"[0.0, 0.0, 0.0, 1.0, 0.0, 0.0, 0.0, 0.0]",/content/gnn-bert-music-context/data/processed/graphs/005268.pt,/content/gnn-bert-music-context/data/processed/mels/005268.pt,6
5376,training,826,/content/gnn-bert-music-context/data/raw/fma_small/005/005376.mp3,Track: The Clouds. Album: Live at WFMU on Bethany's Show on 9/10/2006. Artist: Mary Halvorson and Jessica Pavone,"[0.0, 0.0, 1.0, 0.0, 0.0, 0.0, 0.0, 0.0]",/content/gnn-bert-music-context/data/processed/graphs/005376.pt,/content/gnn-bert-music-context/data/processed/mels/005376.pt,6
5521,training,1764,/content/gnn-bert-music-context/data/raw/fma_small/005/005521.mp3,Track: alone now. Album: Three Forks. Artist: The Apartment,"[0.0, 1.0, 0.0, 0.0, 0.0, 0.0, 0.0, 0.0]",/content/gnn-bert-music-context/data/processed/graphs/005521.pt,/content/gnn-bert-music-context/data/processed/mels/005521.pt,6
6332,training,1835,/content/gnn-bert-music-context/data/raw/fma_small/006/006332.mp3,Track: Taso's Hasapiko. Album: Raya Brass Band Live on WFMU from the 2009 Golden Festival in NYC. Artist: Raya Brass Band,"[0.0, 0.0, 0.0, 0.0, 0.0, 1.0, 0.0, 0.0]",/content/gnn-bert-music-context/data/processed/graphs/006332.pt,/content/gnn-bert-music-context/data/processed/mels/006332.pt,6
6373,training,1839,/content/gnn-bert-music-context/data/raw/fma_small/006/006373.mp3,Track: Semseyemin Ucu Kare with Oud Solo by Haig Manoukian. Album: Keyif Live on WFMU from the 2009 Golden Festival in NYC. Artist: Orkestra Keyif,"[0.0, 0.0, 0.0, 0.0, 0.0, 1.0, 0.0, 0.0]",/content/gnn-bert-music-context/data/processed/graphs/006373.pt,/content/gnn-bert-music-context/data/processed/mels/006373.pt,6
6379,training,1259,/content/gnn-bert-music-context/data/raw/fma_small/006/006379.mp3,Track: Matamu Choz. Album: Sounds of Taraab Live on WFMU from the 2009 Golden Festival in NYC. Artist: The Sounds of Taraab,"[0.0, 0.0, 0.0, 0.0, 0.0, 1.0, 0.0, 0.0]",/content/gnn-bert-music-context/data/processed/graphs/006379.pt,/content/gnn-bert-music-context/data/processed/mels/006379.pt,6
6390,validation,1834,/content/gnn-bert-music-context/data/raw/fma_small/006/006390.mp3,Track: track 5. Album: Kavala Brass Band Live on WFMU from the 2009 Golden Festival in NYC. Artist: Kavala Brass Band,"[0.0, 0.0, 0.0, 0.0, 0.0, 1.0, 0.0, 0.0]",/content/gnn-bert-music-context/data/processed/graphs/006390.pt,/content/gnn-bert-music-context/data/processed/mels/006390.pt,6
6393,training,1837,/content/gnn-bert-music-context/data/raw/fma_small/006/006393.mp3,Track: Rumor. Album: Zikrayat Live on WFMU from the 2009 Golden Festival in NYC. Artist: Zikrayat,"[0.0, 0.0, 0.0, 0.0, 0.0, 1.0, 0.0, 0.0]",/content/gnn-bert-music-context/data/processed/graphs/006393.pt,/content/gnn-bert-music-context/data/processed/mels/006393.pt,6
6439,training,706,/content/gnn-bert-music-context/data/raw/fma_small/006/006439.mp3,Track: Crossover. Album: Live at ATP 2008. Artist: EPMD,"[0.0, 0.0, 0.0, 1.0, 0.0, 0.0, 0.0, 0.0]",/content/gnn-bert-music-context/data/processed/graphs/006439.pt,/content/gnn-bert-music-context/data/processed/mels/006439.pt,6
6448,training,706,/content/gnn-bert-music-context/data/raw/fma_small/006/006448.mp3,Track: Please Listen To My Demo. Album: Live at ATP 2008. Artist: EPMD,"[0.0, 0.0, 0.0, 1.0, 0.0, 0.0, 0.0, 0.0]",/content/gnn-bert-music-context/data/processed/graphs/006448.pt,/content/gnn-bert-music-context/data/processed/mels/006448.pt,6
6469,training,1839,/content/gnn-bert-music-context/data/raw/fma_small/006/006469.mp3,Track: Derya'da Deryaliklar. Album: Keyif Live on WFMU from the 2009 Golden Festival in NYC. Artist: Orkestra Keyif,"[0.0, 0.0, 0.0, 0.0, 0.0, 1.0, 0.0, 0.0]",/content/gnn-bert-music-context/data/processed/graphs/006469.pt,/content/gnn-bert-music-context/data/processed/mels/006469.pt,6
6679,training,1771,/content/gnn-bert-music-context/data/raw/fma_small/006/006679.mp3,Track: Different Strokes for Different Folks. Album: 'Percussion' As Percussion. Artist: Jarrod Fowler,"[0.0, 1.0, 0.0, 0.0, 0.0, 0.0, 0.0, 0.0]",/content/gnn-bert-music-context/data/processed/graphs/006679.pt,/content/gnn-bert-music-context/data/processed/mels/006679.pt,6
6783,validation,1346,/content/gnn-bert-music-context/data/raw/fma_small/006/006783.mp3,Track: Fisherman's Girl. Album: Live at WFMU on Dan Bodah's Show on 4/6/2008. Artist: Cath and Phil Tyler,"[0.0, 0.0, 1.0, 0.0, 0.0, 0.0, 0.0, 0.0]",/content/gnn-bert-music-context/data/processed/graphs/006783.pt,/content/gnn-bert-music-context/data/processed/mels/006783.pt,6
6857,training,16207,/content/gnn-bert-music-context/data/raw/fma_small/006/006857.mp3,Track: Drone Trailer. Album: Live at WFMU on Dan Bodah's Show 8/17/2008. Artist: MV + EE and Willie Lane,"[0.0, 0.0, 1.0, 0.0, 0.0, 0.0, 0.0, 0.0]",/content/gnn-bert-music-context/data/processed/graphs/006857.pt,/content/gnn-bert-music-context/data/processed/mels/006857.pt,6
7011,validation,1907,/content/gnn-bert-music-context/data/raw/fma_small/007/007011.mp3,Track: in sleepy electricity. Album: sleepy. Artist: junior85,"[1.0, 0.0, 0.0, 0.0, 0.0, 0.0, 0.0, 0.0]",/content/gnn-bert-music-context/data/processed/graphs/007011.pt,/content/gnn-bert-music-context/data/processed/mels/007011.pt,6
7379,test,10,/content/gnn-bert-music-context/data/raw/fma_small/007/007379.mp3,Track: it's hard to fall asleep. Album: Dark Falcon. Artist: Lucky Dragons,"[0.0, 1.0, 0.0, 0.0, 0.0, 0.0, 0.0, 0.0]",/content/gnn-bert-music-context/data/processed/graphs/007379.pt,/content/gnn-bert-music-context/data/processed/mels/007379.pt,6
7393,test,10,/content/gnn-bert-music-context/data/raw/fma_small/007/007393.mp3,Track: leaving things as they are. Album: Dark Falcon. Artist: Lucky Dragons,"[0.0, 1.0, 0.0, 0.0, 0.0, 0.0, 0.0, 0.0]",/content/gnn-bert-music-context/data/processed/graphs/007393.pt,/content/gnn-bert-music-context/data/processed/mels/007393.pt,6
7489,training,1953,/content/gnn-bert-music-context/data/raw/fma_small/007/007489.mp3,Track: Too Much to deal with. Album: Seeing Things. Artist: BrokeMC,"[0.0, 0.0, 0.0, 1.0, 0.0, 0.0, 0.0, 0.0]",/content/gnn-bert-music-context/data/processed/graphs/007489.pt,/content/gnn-bert-music-context/data/processed/mels/007489.pt,6
7710,training,1331,/content/gnn-bert-music-context/data/raw/fma_small/007/007710.mp3,Track: What If We Do. Album: Live at WFMU on Trouble's Show on 3/03/2005. Artist: Mia Doi Todd,"[0.0, 0.0, 1.0, 0.0, 0.0, 0.0, 0.0, 0.0]",/content/gnn-bert-music-context/data/processed/graphs/007710.pt,/content/gnn-bert-music-context/data/processed/mels/007710.pt,6
8345,training,39,/content/gnn-bert-music-context/data/raw/fma_small/008/008345.mp3,Track: Walter. Album: Free Matter for the Blind Volume 3: Real Horrible. Artist: Walter,"[0.0, 1.0, 0.0, 0.0, 0.0, 0.0, 0.0, 0.0]",/content/gnn-bert-music-context/data/processed/graphs/008345.pt,/content/gnn-bert-music-context/data/processed/mels/008345.pt,6
8357,training,2,/content/gnn-bert-music-context/data/raw/fma_small/008/008357.mp3,Track: Promocja Belkot radio commercial. Album: Free Matter for the Blind Volume 4: Foreigner. Artist: Free Matter for the Blind,"[0.0, 1.0, 0.0, 0.0, 0.0, 0.0, 0.0, 0.0]",/content/gnn-bert-music-context/data/processed/graphs/008357.pt,/content/gnn-bert-music-context/data/processed/mels/008357.pt,6
8372,training,120,/content/gnn-bert-music-context/data/raw/fma_small/008/008372.mp3,Track: variations on Foreigners. Album: Free Matter for the Blind Volume 4: Foreigner. Artist: Dirty White Boy,"[0.0, 1.0, 0.0, 0.0, 0.0, 0.0, 0.0, 0.0]",/content/gnn-bert-music-context/data/processed/graphs/008372.pt,/content/gnn-bert-music-context/data/processed/mels/008372.pt,6
9152,training,2247,/content/gnn-bert-music-context/data/raw/fma_small/009/009152.mp3,Track: 1991. Album: Yinyue. Artist: dj smallcock,"[0.0, 1.0, 0.0, 0.0, 0.0, 0.0, 0.0, 0.0]",/content/gnn-bert-music-context/data/processed/graphs/009152.pt,/content/gnn-bert-music-context/data/processed/mels/009152.pt,6
9155,test,2244,/content/gnn-bert-music-context/data/raw/fma_small/009/009155.mp3,Track: Tossypot. Album: Plover Brand. Artist: Peeled Hearts Paste,"[0.0, 1.0, 0.0, 0.0, 0.0, 0.0, 0.0, 0.0]",/content/gnn-bert-music-context/data/processed/graphs/009155.pt,/content/gnn-bert-music-context/data/processed/mels/009155.pt,6
9307,training,2214,/content/gnn-bert-music-context/data/raw/fma_small/009/009307.mp3,Track: Racing Past the Zenith. Album: Confuse Red With Survival. Artist: Kitty Kadoogal,"[0.0, 1.0, 0.0, 0.0, 0.0, 0.0, 0.0, 0.0]",/content/gnn-bert-music-context/data/processed/graphs/009307.pt,/content/gnn-bert-music-context/data/processed/mels/009307.pt,6
9476,training,2243,/content/gnn-bert-music-context/data/raw/fma_small/009/009476.mp3,Track: Plight Of The Bumblebee. Album: Music to Drive By. Artist: A Kombi,"[0.0, 1.0, 0.0, 0.0, 0.0, 0.0, 0.0, 0.0]",/content/gnn-bert-music-context/data/processed/graphs/009476.pt,/content/gnn-bert-music-context/data/processed/mels/009476.pt,6
9553,validation,1917,/content/gnn-bert-music-context/data/raw/fma_small/009/009553.mp3,Track: Morning Birds. Album: Speedbath (working). Artist: Kristin Hersh,"[0.0, 0.0, 0.0, 0.0, 0.0, 0.0, 0.0, 1.0]",/content/gnn-bert-music-context/data/processed/graphs/009553.pt,/content/gnn-bert-music-context/data/processed/mels/009553.pt,6
9721,training,2240,/content/gnn-bert-music-context/data/raw/fma_small/009/009721.mp3,Track: Track 01. Album: Justice Yeldham & the Drummer Who Wishes to Remain Namesless. Artist: Justice Yeldham,"[0.0, 1.0, 0.0, 0.0, 0.0, 0.0, 0.0, 0.0]",/content/gnn-bert-music-context/data/processed/graphs/009721.pt,/content/gnn-bert-music-context/data/processed/mels/009721.pt,6
10381,test,77,/content/gnn-bert-music-context/data/raw/fma_small/010/010381.mp3,Track: Baron in the Trees. Album: Big Blood & The Bleedin' Hearts. Artist: Big Blood,"[0.0, 0.0, 1.0, 0.0, 0.0, 0.0, 0.0, 0.0]",/content/gnn-bert-music-context/data/processed/graphs/010381.pt,/content/gnn-bert-music-context/data/processed/mels/010381.pt,6
10387,test,77,/content/gnn-bert-music-context/data/raw/fma_small/010/010387.mp3,Track: Tease it Like a Cop. Album: Big Blood & The Bleedin' Hearts. Artist: Big Blood,"[0.0, 0.0, 1.0, 0.0, 0.0, 0.0, 0.0, 0.0]",/content/gnn-bert-music-context/data/processed/graphs/010387.pt,/content/gnn-bert-music-context/data/processed/mels/010387.pt,6
10447,test,77,/content/gnn-bert-music-context/data/raw/fma_small/010/010447.mp3,Track: Low Gravity Blues. Album: The Grove. Artist: Big Blood,"[0.0, 0.0, 1.0, 0.0, 0.0, 0.0, 0.0, 0.0]",/content/gnn-bert-music-context/data/processed/graphs/010447.pt,/content/gnn-bert-music-context/data/processed/mels/010447.pt,6
10458,training,2492,/content/gnn-bert-music-context/data/raw/fma_small/010/010458.mp3,Track: Highway. Album: A Streams Area or: Watershed. Artist: Uke of Spaces Corners,"[0.0, 0.0, 1.0, 0.0, 0.0, 0.0, 0.0, 0.0]",/content/gnn-bert-music-context/data/processed/graphs/010458.pt,/content/gnn-bert-music-context/data/processed/mels/010458.pt,6
10575,training,2339,/content/gnn-bert-music-context/data/raw/fma_small/010/010575.mp3,Track: Premonitions: The Fantasy. Album: Harvest of Dreams. Artist: Bobb Trimble,"[0.0, 0.0, 1.0, 0.0, 0.0, 0.0, 0.0, 0.0]",/content/gnn-bert-music-context/data/processed/graphs/010575.pt,/content/gnn-bert-music-context/data/processed/mels/010575.pt,6
10679,test,77,/content/gnn-bert-music-context/data/raw/fma_small/010/010679.mp3,"Track: The Rise Of Quinnisa Rose. Album: Space Gallery Jan. 27, 2007 Sahara Club Jan. 28, 2007. Artist: Big Blood","[0.0, 0.0, 1.0, 0.0, 0.0, 0.0, 0.0, 0.0]",/content/gnn-bert-music-context/data/processed/graphs/010679.pt,/content/gnn-bert-music-context/data/processed/mels/010679.pt,6
10806,training,2735,/content/gnn-bert-music-context/data/raw/fma_small/010/010806.mp3,Track: Glowing Pavements. Album: Super Nude EP. Artist: Lesbian Afternoon,"[0.0, 0.0, 0.0, 0.0, 0.0, 0.0, 1.0, 0.0]",/content/gnn-bert-music-context/data/processed/graphs/010806.pt,/content/gnn-bert-music-context/data/processed/mels/010806.pt,6
10983,training,2240,/content/gnn-bert-music-context/data/raw/fma_small/010/010983.mp3,Track: Track 02. Album: Justice Yeldham & the Drummer Who Wishes to Remain Namesless. Artist: Justice Yeldham,"[0.0, 1.0, 0.0, 0.0, 0.0, 0.0, 0.0, 0.0]",/content/gnn-bert-music-context/data/processed/graphs/010983.pt,/content/gnn-bert-music-context/data/processed/mels/010983.pt,6
11199,training,2880,/content/gnn-bert-music-context/data/raw/fma_small/011/011199.mp3,Track: Love Is An Eternal Lie. Album: netBloc Vol. 20: music to accompany the world traveller. Artist: The Sleeping Tree,"[0.0, 0.0, 0.0, 0.0, 0.0, 0.0, 1.0, 0.0]",/content/gnn-bert-music-context/data/processed/graphs/011199.pt,/content/gnn-bert-music-context/data/processed/mels/011199.pt,6
11204,test,2886,/content/gnn-bert-music-context/data/raw/fma_small/011/011204.mp3,Track: Steppin' In. Album: netBloc Vol. 20: music to accompany the world traveller. Artist: Audible Intelligence,"[0.0, 0.0, 0.0, 1.0, 0.0, 0.0, 0.0, 0.0]",/content/gnn-bert-music-context/data/processed/graphs/011204.pt,/content/gnn-bert-music-context/data/processed/mels/011204.pt,6
11237,training,2240,/content/gnn-bert-music-context/data/raw/fma_small/011/011237.mp3,Track: 270104 berlin. Album: Live in Germany. Artist: Justice Yeldham,"[0.0, 1.0, 0.0, 0.0, 0.0, 0.0, 0.0, 0.0]",/content/gnn-bert-music-context/data/processed/graphs/011237.pt,/content/gnn-bert-music-context/data/processed/mels/011237.pt,6
11504,test,77,/content/gnn-bert-music-context/data/raw/fma_small/011/011504.mp3,Track: A Friendly Noose. Album: Strange Maine 11.04.06. Artist: Big Blood,"[0.0, 0.0, 1.0, 0.0, 0.0, 0.0, 0.0, 0.0]",/content/gnn-bert-music-context/data/processed/graphs/011504.pt,/content/gnn-bert-music-context/data/processed/mels/011504.pt,6
11505,test,77,/content/gnn-bert-music-context/data/raw/fma_small/011/011505.mp3,Track: A Quiet Lousy Roar. Album: Strange Maine 11.04.06. Artist: Big Blood,"[0.0, 0.0, 1.0, 0.0, 0.0, 0.0, 0.0, 0.0]",/content/gnn-bert-music-context/data/processed/graphs/011505.pt,/content/gnn-bert-music-context/data/processed/mels/011505.pt,6
11508,test,77,/content/gnn-bert-music-context/data/raw/fma_small/011/011508.mp3,Track: Under The Concourse. Album: Strange Maine 11.04.06. Artist: Big Blood,"[0.0, 0.0, 1.0, 0.0, 0.0, 0.0, 0.0, 0.0]",/content/gnn-bert-music-context/data/processed/graphs/011508.pt,/content/gnn-bert-music-context/data/processed/mels/011508.pt,6
11544,training,2368,/content/gnn-bert-music-context/data/raw/fma_small/011/011544.mp3,Track: Radiation. Album: Message From Space!. Artist: The Lost Demension,"[0.0, 1.0, 0.0, 0.0, 0.0, 0.0, 0.0, 0.0]",/content/gnn-bert-music-context/data/processed/graphs/011544.pt,/content/gnn-bert-music-context/data/processed/mels/011544.pt,6
11679,training,2795,/content/gnn-bert-music-context/data/raw/fma_small/011/011679.mp3,Track: Ruleta Rusa. Album: Live at WFMU on Transpacific Sound Paradise 4/4/2009. Artist: Cordero,"[0.0, 0.0, 0.0, 0.0, 0.0, 1.0, 0.0, 0.0]",/content/gnn-bert-music-context/data/processed/graphs/011679.pt,/content/gnn-bert-music-context/data/processed/mels/011679.pt,6
11766,training,3089,/content/gnn-bert-music-context/data/raw/fma_small/011/011766.mp3,Track: Beyon My Instrumental     {6th Sense}. Album: It's A 6th Sense Beat Yo!!. Artist: 6th Sense,"[0.0, 0.0, 0.0, 1.0, 0.0, 0.0, 0.0, 0.0]",/content/gnn-bert-music-context/data/processed/graphs/011766.pt,/content/gnn-bert-music-context/data/processed/mels/011766.pt,6
11768,training,3089,/content/gnn-bert-music-context/data/raw/fma_small/011/011768.mp3,Track: The Itis Instrumental     {Black ELement}. Album: It's A 6th Sense Beat Yo!!. Artist: 6th Sense,"[0.0, 0.0, 0.0, 1.0, 0.0, 0.0, 0.0, 0.0]",/content/gnn-bert-music-context/data/processed/graphs/011768.pt,/content/gnn-bert-music-context/data/processed/mels/011768.pt,6
11783,training,3089,/content/gnn-bert-music-context/data/raw/fma_small/011/011783.mp3,Track: Hey Young World Instrumental     {6th Sense}. Album: It's A 6th Sense Beat Yo!!. Artist: 6th Sense,"[0.0, 0.0, 0.0, 1.0, 0.0, 0.0, 0.0, 0.0]",/content/gnn-bert-music-context/data/processed/graphs/011783.pt,/content/gnn-bert-music-context/data/processed/mels/011783.pt,6
11790,training,3089,/content/gnn-bert-music-context/data/raw/fma_small/011/011790.mp3,Track: Just Got Chopped (Crack) Instrumental     {Old Money}. Album: It's A 6th Sense Beat Yo!!. Artist: 6th Sense,"[0.0, 0.0, 0.0, 1.0, 0.0, 0.0, 0.0, 0.0]",/content/gnn-bert-music-context/data/processed/graphs/011790.pt,/content/gnn-bert-music-context/data/processed/mels/011790.pt,6
11795,training,3089,/content/gnn-bert-music-context/data/raw/fma_small/011/011795.mp3,Track: Stakes Is High Instrumental     {U-N-I}. Album: It's A 6th Sense Beat Yo!!. Artist: 6th Sense,"[0.0, 0.0, 0.0, 1.0, 0.0, 0.0, 0.0, 0.0]",/content/gnn-bert-music-context/data/processed/graphs/011795.pt,/content/gnn-bert-music-context/data/processed/mels/011795.pt,6
11839,training,3094,/content/gnn-bert-music-context/data/raw/fma_small/011/011839.mp3,Track: Belief feat. John Mayer. Album: Go For It. Artist: 6th Sense &amp; Mick Boogie,"[0.0, 0.0, 0.0, 1.0, 0.0, 0.0, 0.0, 0.0]",/content/gnn-bert-music-context/data/processed/graphs/011839.pt,/content/gnn-bert-music-context/data/processed/mels/011839.pt,6
11919,training,3070,/content/gnn-bert-music-context/data/raw/fma_small/011/011919.mp3,Track: galerie de portraits. Album: COMEDIE HUMAINE. Artist: WatFatMan,"[0.0, 0.0, 0.0, 1.0, 0.0, 0.0, 0.0, 0.0]",/content/gnn-bert-music-context/data/processed/graphs/011919.pt,/content/gnn-bert-music-context/data/processed/mels/011919.pt,6
12049,test,77,/content/gnn-bert-music-context/data/raw/fma_small/012/012049.mp3,"Track: On a Sunday, Years After. Album: Already Gone I. Artist: Big Blood","[0.0, 0.0, 1.0, 0.0, 0.0, 0.0, 0.0, 0.0]",/content/gnn-bert-music-context/data/processed/graphs/012049.pt,/content/gnn-bert-music-context/data/processed/mels/012049.pt,6
12058,test,77,/content/gnn-bert-music-context/data/raw/fma_small/012/012058.mp3,Track: Land Upon Mud I. Album: Already Gone II. Artist: Big Blood,"[0.0, 0.0, 1.0, 0.0, 0.0, 0.0, 0.0, 0.0]",/content/gnn-bert-music-context/data/processed/graphs/012058.pt,/content/gnn-bert-music-context/data/processed/mels/012058.pt,6
12059,test,77,/content/gnn-bert-music-context/data/raw/fma_small/012/012059.mp3,Track: Brotha-o-Brotha-o-. Album: Already Gone II. Artist: Big Blood,"[0.0, 0.0, 1.0, 0.0, 0.0, 0.0, 0.0, 0.0]",/content/gnn-bert-music-context/data/processed/graphs/012059.pt,/content/gnn-bert-music-context/data/processed/mels/012059.pt,6
12179,test,3222,/content/gnn-bert-music-context/data/raw/fma_small/012/012179.mp3,Track: U Fine. Album: netBloc Vol. 19: Doctorin’ Ur Tastz. Artist: Garmisch,"[0.0, 0.0, 0.0, 0.0, 0.0, 0.0, 1.0, 0.0]",/content/gnn-bert-music-context/data/processed/graphs/012179.pt,/content/gnn-bert-music-context/data/processed/mels/012179.pt,6
12188,validation,3229,/content/gnn-bert-music-context/data/raw/fma_small/012/012188.mp3,"Track: Gimme. Album: netBloc Vol. 18: frais, fresco, frisch, fresh… mmmmmmmmmmm… good. Artist: Christine","[0.0, 0.0, 0.0, 0.0, 0.0, 0.0, 1.0, 0.0]",/content/gnn-bert-music-context/data/processed/graphs/012188.pt,/content/gnn-bert-music-context/data/processed/mels/012188.pt,6
12349,training,3308,/content/gnn-bert-music-context/data/raw/fma_small/012/012349.mp3,Track: Knickers to the Right. Album: 10 Acres of the Finest Sand. Artist: Koonda Holaa,"[0.0, 0.0, 1.0, 0.0, 0.0, 0.0, 0.0, 0.0]",/content/gnn-bert-music-context/data/processed/graphs/012349.pt,/content/gnn-bert-music-context/data/processed/mels/012349.pt,6
12352,training,3308,/content/gnn-bert-music-context/data/raw/fma_small/012/012352.mp3,Track: Try To Find Me. Album: 10 Acres of the Finest Sand. Artist: Koonda Holaa,"[0.0, 0.0, 1.0, 0.0, 0.0, 0.0, 0.0, 0.0]",/content/gnn-bert-music-context/data/processed/graphs/012352.pt,/content/gnn-bert-music-context/data/processed/mels/012352.pt,6
12353,training,3308,/content/gnn-bert-music-context/data/raw/fma_small/012/012353.mp3,Track: 10 Acres of the Finest Sand. Album: 10 Acres of the Finest Sand. Artist: Koonda Holaa,"[0.0, 0.0, 1.0, 0.0, 0.0, 0.0, 0.0, 0.0]",/content/gnn-bert-music-context/data/processed/graphs/012353.pt,/content/gnn-bert-music-context/data/processed/mels/012353.pt,6
12394,training,3350,/content/gnn-bert-music-context/data/raw/fma_small/012/012394.mp3,Track: Is It Too Late For Us All?. Album: netBloc Vol. 15: this album won't eat your gas money. Artist: MUTE,"[0.0, 0.0, 0.0, 1.0, 0.0, 0.0, 0.0, 0.0]",/content/gnn-bert-music-context/data/processed/graphs/012394.pt,/content/gnn-bert-music-context/data/processed/mels/012394.pt,6
12489,test,77,/content/gnn-bert-music-context/data/raw/fma_small/012/012489.mp3,Track: 'Preese 'Preese. Album: Sew Your Wild Days Tour Vol. II. Artist: Big Blood,"[0.0, 0.0, 1.0, 0.0, 0.0, 0.0, 0.0, 0.0]",/content/gnn-bert-music-context/data/processed/graphs/012489.pt,/content/gnn-bert-music-context/data/processed/mels/012489.pt,6
12537,training,3384,/content/gnn-bert-music-context/data/raw/fma_small/012/012537.mp3,Track: Maree Lunaire. Album: netBloc Vol. 12: Anaxagoras. Artist: Smoking After,"[0.0, 0.0, 0.0, 0.0, 0.0, 0.0, 1.0, 0.0]",/content/gnn-bert-music-context/data/processed/graphs/012537.pt,/content/gnn-bert-music-context/data/processed/mels/012537.pt,6
13218,training,3604,/content/gnn-bert-music-context/data/raw/fma_small/013/013218.mp3,Track: Perdon. Album: netBloc Vol. 09: Lo-Fi Adventures on Planet Rheton!. Artist: Sebastian Kramer,"[0.0, 0.0, 0.0, 0.0, 0.0, 0.0, 1.0, 0.0]",/content/gnn-bert-music-context/data/processed/graphs/013218.pt,/content/gnn-bert-music-context/data/processed/mels/013218.pt,6
13537,training,3683,/content/gnn-bert-music-context/data/raw/fma_small/013/013537.mp3,Track: Maru Kiray. Album: Live With Banning Eyre at WFMU on Transpacific Sound Paradise 5/19/09. Artist: Abdoulaye Alhassane Touré,"[0.0, 0.0, 0.0, 0.0, 0.0, 1.0, 0.0, 0.0]",/content/gnn-bert-music-context/data/processed/graphs/013537.pt,/content/gnn-bert-music-context/data/processed/mels/013537.pt,6
13562,training,3703,/content/gnn-bert-music-context/data/raw/fma_small/013/013562.mp3,Track: It's Not Jazzz. Album: netBloc Vol. 04: Soundtrack for the Coming Revolution. Artist: Maniax Memori,"[1.0, 0.0, 0.0, 0.0, 0.0, 0.0, 0.0, 0.0]",/content/gnn-bert-music-context/data/processed/graphs/013562.pt,/content/gnn-bert-music-context/data/processed/mels/013562.pt,6
13670,training,3739,/content/gnn-bert-music-context/data/raw/fma_small/013/013670.mp3,Track: Nada P Flojos. Album: netBloc Vol. 01: The Opening Salvo. Artist: Raflesia,"[0.0, 0.0, 0.0, 1.0, 0.0, 0.0, 0.0, 0.0]",/content/gnn-bert-music-context/data/processed/graphs/013670.pt,/content/gnn-bert-music-context/data/processed/mels/013670.pt,6
13706,test,3766,/content/gnn-bert-music-context/data/raw/fma_small/013/013706.mp3,Track: Love Crime (Qwertypak Venom Remix). Album: Updown. Artist: Goto80,"[1.0, 0.0, 0.0, 0.0, 0.0, 0.0, 0.0, 0.0]",/content/gnn-bert-music-context/data/processed/graphs/013706.pt,/content/gnn-bert-music-context/data/processed/mels/013706.pt,6
13747,training,3771,/content/gnn-bert-music-context/data/raw/fma_small/013/013747.mp3,Track: Must Be a Hit. Album: The Funny Pages. Artist: Laws,"[0.0, 0.0, 0.0, 1.0, 0.0, 0.0, 0.0, 0.0]",/content/gnn-bert-music-context/data/processed/graphs/013747.pt,/content/gnn-bert-music-context/data/processed/mels/013747.pt,6
13767,training,3773,/content/gnn-bert-music-context/data/raw/fma_small/013/013767.mp3,Track: Deranged Barber. Album: Molesting Hip Hop. Artist: Majik Most,"[0.0, 0.0, 0.0, 1.0, 0.0, 0.0, 0.0, 0.0]",/content/gnn-bert-music-context/data/processed/graphs/013767.pt,/content/gnn-bert-music-context/data/processed/mels/013767.pt,6
13929,training,3846,/content/gnn-bert-music-context/data/raw/fma_small/013/013929.mp3,Track: Home On The Range. Album: Old Town School of Folk Music:  Volumes Two And Three. Artist: Old Town School Of Folk Music (Various),"[0.0, 0.0, 1.0, 0.0, 0.0, 0.0, 0.0, 0.0]",/content/gnn-bert-music-context/data/processed/graphs/013929.pt,/content/gnn-bert-music-context/data/processed/mels/013929.pt,6
14318,validation,3936,/content/gnn-bert-music-context/data/raw/fma_small/014/014318.mp3,Track: Bezrodna Nevesta. Album: Live at WFMU with Irene Trudel 6/1/2009. Artist: Black Sea Hotel,"[0.0, 0.0, 0.0, 0.0, 0.0, 1.0, 0.0, 0.0]",/content/gnn-bert-music-context/data/processed/graphs/014318.pt,/content/gnn-bert-music-context/data/processed/mels/014318.pt,6
14391,validation,3985,/content/gnn-bert-music-context/data/raw/fma_small/014/014391.mp3,Track: Freeze. Album: ABBRACADAMN!!!. Artist: Clan Destined,"[0.0, 0.0, 0.0, 1.0, 0.0, 0.0, 0.0, 0.0]",/content/gnn-bert-music-context/data/processed/graphs/014391.pt,/content/gnn-bert-music-context/data/processed/mels/014391.pt,6
14584,training,129,/content/gnn-bert-music-context/data/raw/fma_small/014/014584.mp3,"Track: Dream Garden. Album: Music from ""The House of Dr Faustus"". Artist: Ergo Phizmiz","[0.0, 0.0, 0.0, 0.0, 1.0, 0.0, 0.0, 0.0]",/content/gnn-bert-music-context/data/processed/graphs/014584.pt,/content/gnn-bert-music-context/data/processed/mels/014584.pt,6
14585,training,129,/content/gnn-bert-music-context/data/raw/fma_small/014/014585.mp3,"Track: The Dream of Sergei Prokofiev and Waltz. Album: Music from ""The House of Dr Faustus"". Artist: Ergo Phizmiz","[0.0, 0.0, 0.0, 0.0, 1.0, 0.0, 0.0, 0.0]",/content/gnn-bert-music-context/data/processed/graphs/014585.pt,/content/gnn-bert-music-context/data/processed/mels/014585.pt,6
14589,training,129,/content/gnn-bert-music-context/data/raw/fma_small/014/014589.mp3,"Track: Sad Story. Album: Music from ""The House of Dr Faustus"". Artist: Ergo Phizmiz","[0.0, 0.0, 0.0, 0.0, 1.0, 0.0, 0.0, 0.0]",/content/gnn-bert-music-context/data/processed/graphs/014589.pt,/content/gnn-bert-music-context/data/processed/mels/014589.pt,6
14809,training,4114,/content/gnn-bert-music-context/data/raw/fma_small/014/014809.mp3,Track: The New Year. Album: Burials. Artist: Sebastien Duclos,"[0.0, 0.0, 1.0, 0.0, 0.0, 0.0, 0.0, 0.0]",/content/gnn-bert-music-context/data/processed/graphs/014809.pt,/content/gnn-bert-music-context/data/processed/mels/014809.pt,6
15210,training,4220,/content/gnn-bert-music-context/data/raw/fma_small/015/015210.mp3,Track: Go Away. Album: Da Interview EP. Artist: Seven,"[0.0, 0.0, 0.0, 1.0, 0.0, 0.0, 0.0, 0.0]",/content/gnn-bert-music-context/data/processed/graphs/015210.pt,/content/gnn-bert-music-context/data/processed/mels/015210.pt,6
16162,training,4454,/content/gnn-bert-music-context/data/raw/fma_small/016/016162.mp3,Track: Rock da Dam (Featuring Portformat). Album: netBloc Vol. 23: We Invented The Compilation. Artist: Comfort Fit,"[0.0, 0.0, 0.0, 1.0, 0.0, 0.0, 0.0, 0.0]",/content/gnn-bert-music-context/data/processed/graphs/016162.pt,/content/gnn-bert-music-context/data/processed/mels/016162.pt,6
16338,test,1762,/content/gnn-bert-music-context/data/raw/fma_small/016/016338.mp3,Track: Black Elk Mountain. Album: Soda Fountain. Artist: Twizzle,"[0.0, 0.0, 0.0, 0.0, 0.0, 0.0, 1.0, 0.0]",/content/gnn-bert-music-context/data/processed/graphs/016338.pt,/content/gnn-bert-music-context/data/processed/mels/016338.pt,6
16340,test,1762,/content/gnn-bert-music-context/data/raw/fma_small/016/016340.mp3,Track: Barefoot Girl/ Pebble Road. Album: Soda Fountain. Artist: Twizzle,"[0.0, 0.0, 0.0, 0.0, 0.0, 0.0, 1.0, 0.0]",/content/gnn-bert-music-context/data/processed/graphs/016340.pt,/content/gnn-bert-music-context/data/processed/mels/016340.pt,6
16743,training,4621,/content/gnn-bert-music-context/data/raw/fma_small/016/016743.mp3,Track: Laare. Album: Salam. Artist: Salam,"[0.0, 0.0, 0.0, 0.0, 0.0, 1.0, 0.0, 0.0]",/content/gnn-bert-music-context/data/processed/graphs/016743.pt,/content/gnn-bert-music-context/data/processed/mels/016743.pt,6
17132,training,1516,/content/gnn-bert-music-context/data/raw/fma_small/017/017132.mp3,Track: Mai. Album: LP1. Artist: Love Story In Blood Red,"[0.0, 0.0, 1.0, 0.0, 0.0, 0.0, 0.0, 0.0]",/content/gnn-bert-music-context/data/processed/graphs/017132.pt,/content/gnn-bert-music-context/data/processed/mels/017132.pt,6
17345,validation,4634,/content/gnn-bert-music-context/data/raw/fma_small/017/017345.mp3,Track: Pop song. Album: Echoes Still Singing Limbs. Artist: No Nature,"[0.0, 0.0, 0.0, 0.0, 0.0, 0.0, 1.0, 0.0]",/content/gnn-bert-music-context/data/processed/graphs/017345.pt,/content/gnn-bert-music-context/data/processed/mels/017345.pt,6
17462,training,4743,/content/gnn-bert-music-context/data/raw/fma_small/017/017462.mp3,Track: Baby With A Bamboo Heart. Album: Extremely mild and pleasant tasting The best of Bob Chaos Recordings 1984-1986. Artist: Soul Celtics,"[0.0, 0.0, 0.0, 0.0, 0.0, 0.0, 0.0, 1.0]",/content/gnn-bert-music-context/data/processed/graphs/017462.pt,/content/gnn-bert-music-context/data/processed/mels/017462.pt,6
17606,training,4799,/content/gnn-bert-music-context/data/raw/fma_small/017/017606.mp3,Track: Dyngyldai. Album: Live on WFMU's Transpacific Sound Paradise on 7/24/09. Artist: Alash Ensemble,"[0.0, 0.0, 0.0, 0.0, 0.0, 1.0, 0.0, 0.0]",/content/gnn-bert-music-context/data/processed/graphs/017606.pt,/content/gnn-bert-music-context/data/processed/mels/017606.pt,6
17735,training,4198,/content/gnn-bert-music-context/data/raw/fma_small/017/017735.mp3,Track: Ecstatic Rite. Album: Renihilation. Artist: Liturgy,"[0.0, 0.0, 0.0, 0.0, 0.0, 0.0, 0.0, 1.0]",/content/gnn-bert-music-context/data/processed/graphs/017735.pt,/content/gnn-bert-music-context/data/processed/mels/017735.pt,6
18032,training,4965,/content/gnn-bert-music-context/data/raw/fma_small/018/018032.mp3,Track: Title Unknown. Album: WFMU live broadcast from Barbes on Transpacific Paradise 4/11/09. Artist: Conjunto Guantanamo,"[0.0, 0.0, 0.0, 0.0, 0.0, 1.0, 0.0, 0.0]",/content/gnn-bert-music-context/data/processed/graphs/018032.pt,/content/gnn-bert-music-context/data/processed/mels/018032.pt,6
18038,validation,4967,/content/gnn-bert-music-context/data/raw/fma_small/018/018038.mp3,Track: Title Unknown. Album: WFMU live broadcast from Barbes on Transpacific Paradise 4/11/09. Artist: Diabetela,"[0.0, 0.0, 0.0, 0.0, 0.0, 1.0, 0.0, 0.0]",/content/gnn-bert-music-context/data/processed/graphs/018038.pt,/content/gnn-bert-music-context/data/processed/mels/018038.pt,6
18039,validation,4967,/content/gnn-bert-music-context/data/raw/fma_small/018/018039.mp3,Track: Title Unknown. Album: WFMU live broadcast from Barbes on Transpacific Paradise 4/11/09. Artist: Diabetela,"[0.0, 0.0, 0.0, 0.0, 0.0, 1.0, 0.0, 0.0]",/content/gnn-bert-music-context/data/processed/graphs/018039.pt,/content/gnn-bert-music-context/data/processed/mels/018039.pt,6
18145,training,2532,/content/gnn-bert-music-context/data/raw/fma_small/018/018145.mp3,Track: 2 scratchy 2 dance. Album: 5!5!5!. Artist: Funky Terrorist,"[0.0, 0.0, 0.0, 0.0, 0.0, 0.0, 1.0, 0.0]",/content/gnn-bert-music-context/data/processed/graphs/018145.pt,/content/gnn-bert-music-context/data/processed/mels/018145.pt,6
19073,training,5131,/content/gnn-bert-music-context/data/raw/fma_small/019/019073.mp3,Track: One Stringed Harp. Album: Live on WFMU's Sound and Safe with Trent 9/21/09. Artist: Bell X1,"[0.0, 0.0, 0.0, 0.0, 0.0, 0.0, 1.0, 0.0]",/content/gnn-bert-music-context/data/processed/graphs/019073.pt,/content/gnn-bert-music-context/data/processed/mels/019073.pt,6
19179,training,1263,/content/gnn-bert-music-context/data/raw/fma_small/019/019179.mp3,Track: Mockingbird Hill. Album: Eric: The Falklands Follies. Artist: Special Moments,"[0.0, 0.0, 0.0, 0.0, 0.0, 0.0, 0.0, 1.0]",/content/gnn-bert-music-context/data/processed/graphs/019179.pt,/content/gnn-bert-music-context/data/processed/mels/019179.pt,6
19192,training,548,/content/gnn-bert-music-context/data/raw/fma_small/019/019192.mp3,Track: Until the Sea Shall Free Them. Album: (unreleased). Artist: Tom Carter,"[0.0, 1.0, 0.0, 0.0, 0.0, 0.0, 0.0, 0.0]",/content/gnn-bert-music-context/data/processed/graphs/019192.pt,/content/gnn-bert-music-context/data/processed/mels/019192.pt,6
19412,training,5202,/content/gnn-bert-music-context/data/raw/fma_small/019/019412.mp3,Track: Kyoto Melody. Album: Orquestra Popular De Paio Pires. Artist: Orquestra Popular De Paio Pires,"[0.0, 0.0, 0.0, 0.0, 0.0, 0.0, 1.0, 0.0]",/content/gnn-bert-music-context/data/processed/graphs/019412.pt,/content/gnn-bert-music-context/data/processed/mels/019412.pt,6
19673,validation,855,/content/gnn-bert-music-context/data/raw/fma_small/019/019673.mp3,Track: Banaketwe. Album: Smokey's Secret Family live at Barbés on WFMU 9/19/2009. Artist: Smokey Hormel,"[0.0, 0.0, 0.0, 0.0, 0.0, 1.0, 0.0, 0.0]",/content/gnn-bert-music-context/data/processed/graphs/019673.pt,/content/gnn-bert-music-context/data/processed/mels/019673.pt,6
21400,training,5636,/content/gnn-bert-music-context/data/raw/fma_small/021/021400.mp3,Track: Un Don D'ovules Porteur De Vie. Album: Spring. Artist: Montag,"[0.0, 0.0, 0.0, 0.0, 0.0, 0.0, 1.0, 0.0]",/content/gnn-bert-music-context/data/processed/graphs/021400.pt,/content/gnn-bert-music-context/data/processed/mels/021400.pt,6
21587,validation,5643,/content/gnn-bert-music-context/data/raw/fma_small/021/021587.mp3,Track: Polka Of Wrath. Album: The Book Of Moron. Artist: Santosh,"[0.0, 0.0, 0.0, 0.0, 0.0, 0.0, 1.0, 0.0]",/content/gnn-bert-music-context/data/processed/graphs/021587.pt,/content/gnn-bert-music-context/data/processed/mels/021587.pt,6
21676,training,5731,/content/gnn-bert-music-context/data/raw/fma_small/021/021676.mp3,Track: Life is Glass. Album: Live at Pdx Pop Now '09. Artist: Guidance Counselor,"[0.0, 0.0, 0.0, 0.0, 0.0, 0.0, 1.0, 0.0]",/content/gnn-bert-music-context/data/processed/graphs/021676.pt,/content/gnn-bert-music-context/data/processed/mels/021676.pt,6
21707,training,5709,/content/gnn-bert-music-context/data/raw/fma_small/021/021707.mp3,Track: A Poem In Slow Motion. Album: 30 Days. Artist: Alice Rose,"[0.0, 0.0, 1.0, 0.0, 0.0, 0.0, 0.0, 0.0]",/content/gnn-bert-music-context/data/processed/graphs/021707.pt,/content/gnn-bert-music-context/data/processed/mels/021707.pt,6
22295,training,4454,/content/gnn-bert-music-context/data/raw/fma_small/022/022295.mp3,Track: Sorry. Album: Forget And Remember. Artist: Comfort Fit,"[0.0, 0.0, 0.0, 1.0, 0.0, 0.0, 0.0, 0.0]",/content/gnn-bert-music-context/data/processed/graphs/022295.pt,/content/gnn-bert-music-context/data/processed/mels/022295.pt,6
22479,training,129,/content/gnn-bert-music-context/data/raw/fma_small/022/022479.mp3,Track: Mandrill. Album: Live in Warsaw. Artist: Ergo Phizmiz,"[0.0, 0.0, 0.0, 0.0, 0.0, 0.0, 1.0, 0.0]",/content/gnn-bert-music-context/data/processed/graphs/022479.pt,/content/gnn-bert-music-context/data/processed/mels/022479.pt,6
22480,training,129,/content/gnn-bert-music-context/data/raw/fma_small/022/022480.mp3,Track: Celia. Album: Live in Warsaw. Artist: Ergo Phizmiz,"[0.0, 0.0, 0.0, 0.0, 0.0, 0.0, 1.0, 0.0]",/content/gnn-bert-music-context/data/processed/graphs/022480.pt,/content/gnn-bert-music-context/data/processed/mels/022480.pt,6
23039,training,6045,/content/gnn-bert-music-context/data/raw/fma_small/023/023039.mp3,Track: First Comes Rug Burn Then Comes Fire. Album: netBloc Vol. 26: N.E.T.A.U.D.I.O.. Artist: Pinkle,"[0.0, 0.0, 0.0, 0.0, 0.0, 0.0, 1.0, 0.0]",/content/gnn-bert-music-context/data/processed/graphs/023039.pt,/content/gnn-bert-music-context/data/processed/mels/023039.pt,6
23329,validation,6080,/content/gnn-bert-music-context/data/raw/fma_small/023/023329.mp3,"Track: Sexual Vulnurability. Album: ISSUE Project Room, 9/23/09. Artist: Tony Conrad","[0.0, 1.0, 0.0, 0.0, 0.0, 0.0, 0.0, 0.0]",/content/gnn-bert-music-context/data/processed/graphs/023329.pt,/content/gnn-bert-music-context/data/processed/mels/023329.pt,6
23355,validation,6088,/content/gnn-bert-music-context/data/raw/fma_small/023/023355.mp3,Track: Length and Brecht /Synaecide Remix/. Album: IDMf004 - Length and Brecht (Remixed). Artist: Halogen,"[1.0, 0.0, 0.0, 0.0, 0.0, 0.0, 0.0, 0.0]",/content/gnn-bert-music-context/data/processed/graphs/023355.pt,/content/gnn-bert-music-context/data/processed/mels/023355.pt,6
24369,training,6251,/content/gnn-bert-music-context/data/raw/fma_small/024/024369.mp3,Track: Nobody Told Me. Album: Live at WFMU on Transpacific Sound Paradise 1/7/10. Artist: Cuban Cowboys,"[0.0, 0.0, 0.0, 0.0, 0.0, 1.0, 0.0, 0.0]",/content/gnn-bert-music-context/data/processed/graphs/024369.pt,/content/gnn-bert-music-context/data/processed/mels/024369.pt,6
24429,training,6274,/content/gnn-bert-music-context/data/raw/fma_small/024/024429.mp3,Track: Oh K.. Album: Free Beats Sel. 3. Artist: Black Ant,"[0.0, 0.0, 0.0, 1.0, 0.0, 0.0, 0.0, 0.0]",/content/gnn-bert-music-context/data/processed/graphs/024429.pt,/content/gnn-bert-music-context/data/processed/mels/024429.pt,6
24432,training,6274,/content/gnn-bert-music-context/data/raw/fma_small/024/024432.mp3,Track: Christmas Eve 2009. Album: Free Beats Sel. 3. Artist: Black Ant,"[0.0, 0.0, 0.0, 1.0, 0.0, 0.0, 0.0, 0.0]",/content/gnn-bert-music-context/data/processed/graphs/024432.pt,/content/gnn-bert-music-context/data/processed/mels/024432.pt,6
24512,training,6301,/content/gnn-bert-music-context/data/raw/fma_small/024/024512.mp3,Track: Schreien. Album: Windpipe Moods. Artist: Joerg Piringer,"[0.0, 1.0, 0.0, 0.0, 0.0, 0.0, 0.0, 0.0]",/content/gnn-bert-music-context/data/processed/graphs/024512.pt,/content/gnn-bert-music-context/data/processed/mels/024512.pt,6
24699,training,6343,/content/gnn-bert-music-context/data/raw/fma_small/024/024699.mp3,"Track: Hora Moldavaneasca. Album: Live at the Golden Festival, Jan 16 2010. Artist: Ardei Iute (Moldavian string band)","[0.0, 0.0, 0.0, 0.0, 0.0, 1.0, 0.0, 0.0]",/content/gnn-bert-music-context/data/processed/graphs/024699.pt,/content/gnn-bert-music-context/data/processed/mels/024699.pt,6
24702,training,6343,/content/gnn-bert-music-context/data/raw/fma_small/024/024702.mp3,"Track: Klezmer Hora. Album: Live at the Golden Festival, Jan 16 2010. Artist: Ardei Iute (Moldavian string band)","[0.0, 0.0, 0.0, 0.0, 0.0, 1.0, 0.0, 0.0]",/content/gnn-bert-music-context/data/processed/graphs/024702.pt,/content/gnn-bert-music-context/data/processed/mels/024702.pt,6
24717,training,6348,/content/gnn-bert-music-context/data/raw/fma_small/024/024717.mp3,"Track: O Kurjam Kan O. Album: Live at the Golden Festival, Jan 16 2010 (Kadife). Artist: Kadife","[0.0, 0.0, 0.0, 0.0, 0.0, 1.0, 0.0, 0.0]",/content/gnn-bert-music-context/data/processed/graphs/024717.pt,/content/gnn-bert-music-context/data/processed/mels/024717.pt,6
24747,training,6564,/content/gnn-bert-music-context/data/raw/fma_small/024/024747.mp3,"Track: Mamuliga Branzali / Dimeneata se Numara Banii. Album: GY Golden Festival, Jan 16 2010. Artist: Gipsyork","[0.0, 0.0, 0.0, 0.0, 0.0, 1.0, 0.0, 0.0]",/content/gnn-bert-music-context/data/processed/graphs/024747.pt,/content/gnn-bert-music-context/data/processed/mels/024747.pt,6
24748,training,6564,/content/gnn-bert-music-context/data/raw/fma_small/024/024748.mp3,"Track: Hora Nuca. Album: GY Golden Festival, Jan 16 2010. Artist: Gipsyork","[0.0, 0.0, 0.0, 0.0, 0.0, 1.0, 0.0, 0.0]",/content/gnn-bert-music-context/data/processed/graphs/024748.pt,/content/gnn-bert-music-context/data/processed/mels/024748.pt,6
25324,training,6506,/content/gnn-bert-music-context/data/raw/fma_small/025/025324.mp3,Track: Low Budget Cable Sketch Comedy Show Instrumental Theme Song. Album: #40 Another Collection. Artist: We're Late For Class,"[0.0, 1.0, 0.0, 0.0, 0.0, 0.0, 0.0, 0.0]",/content/gnn-bert-music-context/data/processed/graphs/025324.pt,/content/gnn-bert-music-context/data/processed/mels/025324.pt,6
25669,validation,5303,/content/gnn-bert-music-context/data/raw/fma_small/025/025669.mp3,Track: Love not monnaie (feat. Tribuman). Album: Love Not Money [LCL16]. Artist: Volfoniq,"[0.0, 0.0, 0.0, 0.0, 0.0, 1.0, 0.0, 0.0]",/content/gnn-bert-music-context/data/processed/graphs/025669.pt,/content/gnn-bert-music-context/data/processed/mels/025669.pt,6
26007,training,4454,/content/gnn-bert-music-context/data/raw/fma_small/026/026007.mp3,Track: Can I Help U?. Album: Forget And Remember. Artist: Comfort Fit,"[0.0, 0.0, 0.0, 1.0, 0.0, 0.0, 0.0, 0.0]",/content/gnn-bert-music-context/data/processed/graphs/026007.pt,/content/gnn-bert-music-context/data/processed/mels/026007.pt,6
26013,training,4454,/content/gnn-bert-music-context/data/raw/fma_small/026/026013.mp3,Track: Thursday is Thursdy. Album: Forget And Remember. Artist: Comfort Fit,"[0.0, 0.0, 0.0, 1.0, 0.0, 0.0, 0.0, 0.0]",/content/gnn-bert-music-context/data/processed/graphs/026013.pt,/content/gnn-bert-music-context/data/processed/mels/026013.pt,6
26022,training,4454,/content/gnn-bert-music-context/data/raw/fma_small/026/026022.mp3,Track: The Hunt. Album: Forget And Remember. Artist: Comfort Fit,"[0.0, 0.0, 0.0, 1.0, 0.0, 0.0, 0.0, 0.0]",/content/gnn-bert-music-context/data/processed/graphs/026022.pt,/content/gnn-bert-music-context/data/processed/mels/026022.pt,6
26025,training,4454,/content/gnn-bert-music-context/data/raw/fma_small/026/026025.mp3,Track: Swabian Sound System. Album: Forget And Remember. Artist: Comfort Fit,"[0.0, 0.0, 0.0, 1.0, 0.0, 0.0, 0.0, 0.0]",/content/gnn-bert-music-context/data/processed/graphs/026025.pt,/content/gnn-bert-music-context/data/processed/mels/026025.pt,6
27551,training,6957,/content/gnn-bert-music-context/data/raw/fma_small/027/027551.mp3,"Track: Salahku, Sahabatku. Album: Starlit Carousel. Artist: Frau","[0.0, 0.0, 0.0, 0.0, 0.0, 0.0, 1.0, 0.0]",/content/gnn-bert-music-context/data/processed/graphs/027551.pt,/content/gnn-bert-music-context/data/processed/mels/027551.pt,6
28072,test,7073,/content/gnn-bert-music-context/data/raw/fma_small/028/028072.mp3,"Track: Nice to Know You. Album: Live at WFMU on the Evan ""Funk"" Davies show, April 6 2010. Artist: Bare Wires","[0.0, 0.0, 0.0, 0.0, 0.0, 0.0, 0.0, 1.0]",/content/gnn-bert-music-context/data/processed/graphs/028072.pt,/content/gnn-bert-music-context/data/processed/mels/028072.pt,6
29042,validation,7270,/content/gnn-bert-music-context/data/raw/fma_small/029/029042.mp3,"Track: darix togni. Album: Love, Beats and Pina Coladas. Artist: Digi G'Alessio","[1.0, 0.0, 0.0, 0.0, 0.0, 0.0, 0.0, 0.0]",/content/gnn-bert-music-context/data/processed/graphs/029042.pt,/content/gnn-bert-music-context/data/processed/mels/029042.pt,6
29180,training,7286,/content/gnn-bert-music-context/data/raw/fma_small/029/029180.mp3,Track: mamido. Album: Finnish Eyes. Artist: Charlene Darling,"[0.0, 0.0, 0.0, 0.0, 0.0, 0.0, 1.0, 0.0]",/content/gnn-bert-music-context/data/processed/graphs/029180.pt,/content/gnn-bert-music-context/data/processed/mels/029180.pt,6
29741,training,5457,/content/gnn-bert-music-context/data/raw/fma_small/029/029741.mp3,Track: Il Circo Smorfioso. Album: Silly Songs. Artist: A Smile for Timbuctu,"[0.0, 1.0, 0.0, 0.0, 0.0, 0.0, 0.0, 0.0]",/content/gnn-bert-music-context/data/processed/graphs/029741.pt,/content/gnn-bert-music-context/data/processed/mels/029741.pt,6
29750,training,7407,/content/gnn-bert-music-context/data/raw/fma_small/029/029750.mp3,Track: The Little Monkey Song. Album: Silly Songs. Artist: Pastor McPurvis,"[0.0, 1.0, 0.0, 0.0, 0.0, 0.0, 0.0, 0.0]",/content/gnn-bert-music-context/data/processed/graphs/029750.pt,/content/gnn-bert-music-context/data/processed/mels/029750.pt,6
30316,test,7518,/content/gnn-bert-music-context/data/raw/fma_small/030/030316.mp3,Track: Frozen Assets. Album: This Strange Little Cricket. Artist: Wm. Burke's Hideous Truth,"[0.0, 1.0, 0.0, 0.0, 0.0, 0.0, 0.0, 0.0]",/content/gnn-bert-music-context/data/processed/graphs/030316.pt,/content/gnn-bert-music-context/data/processed/mels/030316.pt,6
30522,training,7550,/content/gnn-bert-music-context/data/raw/fma_small/030/030522.mp3,Track: At Teh Disko. Album: Icarus. Artist: Trash80,"[1.0, 0.0, 0.0, 0.0, 0.0, 0.0, 0.0, 0.0]",/content/gnn-bert-music-context/data/processed/graphs/030522.pt,/content/gnn-bert-music-context/data/processed/mels/030522.pt,6
30740,training,1024,/content/gnn-bert-music-context/data/raw/fma_small/030/030740.mp3,Track: Part IV. Album: The Uses of Infinity (Live at ISSUE Project Room). Artist: Paul Metzger,"[0.0, 1.0, 0.0, 0.0, 0.0, 0.0, 0.0, 0.0]",/content/gnn-bert-music-context/data/processed/graphs/030740.pt,/content/gnn-bert-music-context/data/processed/mels/030740.pt,6
31043,training,7688,/content/gnn-bert-music-context/data/raw/fma_small/031/031043.mp3,Track: The Professor's Lab. Album: Skapmat. Artist: Christian Bjoerklund,"[1.0, 0.0, 0.0, 0.0, 0.0, 0.0, 0.0, 0.0]",/content/gnn-bert-music-context/data/processed/graphs/031043.pt,/content/gnn-bert-music-context/data/processed/mels/031043.pt,6
32325,training,7949,/content/gnn-bert-music-context/data/raw/fma_small/032/032325.mp3,Track: Krime. Album: Chin09: Plushgoolash. Artist: Plushgoolash,"[0.0, 0.0, 0.0, 0.0, 0.0, 0.0, 1.0, 0.0]",/content/gnn-bert-music-context/data/processed/graphs/032325.pt,/content/gnn-bert-music-context/data/processed/mels/032325.pt,6
32337,training,7949,/content/gnn-bert-music-context/data/raw/fma_small/032/032337.mp3,Track: I Invented Everything. Album: Chin09: Plushgoolash. Artist: Plushgoolash,"[0.0, 0.0, 0.0, 0.0, 0.0, 0.0, 1.0, 0.0]",/content/gnn-bert-music-context/data/processed/graphs/032337.pt,/content/gnn-bert-music-context/data/processed/mels/032337.pt,6
32339,training,7949,/content/gnn-bert-music-context/data/raw/fma_small/032/032339.mp3,Track: The Crap Lion. Album: Chin09: Plushgoolash. Artist: Plushgoolash,"[0.0, 0.0, 0.0, 0.0, 0.0, 0.0, 1.0, 0.0]",/content/gnn-bert-music-context/data/processed/graphs/032339.pt,/content/gnn-bert-music-context/data/processed/mels/032339.pt,6
32525,training,7991,/content/gnn-bert-music-context/data/raw/fma_small/032/032525.mp3,"Track: I Can't Help Falling in Love with You. Album: Live at WFMU on Night People, 7/1/10. Artist: Secret Cities","[0.0, 0.0, 0.0, 0.0, 0.0, 0.0, 1.0, 0.0]",/content/gnn-bert-music-context/data/processed/graphs/032525.pt,/content/gnn-bert-music-context/data/processed/mels/032525.pt,6
32759,training,8023,/content/gnn-bert-music-context/data/raw/fma_small/032/032759.mp3,Track: And The Pond Life Flourished. Album: netBloc Vol. 29: Fantastic! Incredible! Stupendous!. Artist: Heifervescent,"[0.0, 0.0, 0.0, 0.0, 0.0, 0.0, 1.0, 0.0]",/content/gnn-bert-music-context/data/processed/graphs/032759.pt,/content/gnn-bert-music-context/data/processed/mels/032759.pt,6
33424,training,8255,/content/gnn-bert-music-context/data/raw/fma_small/033/033424.mp3,Track: ???. Album: ulqutushuy2. Artist: las Salcabambinitas,"[0.0, 0.0, 0.0, 0.0, 0.0, 1.0, 0.0, 0.0]",/content/gnn-bert-music-context/data/processed/graphs/033424.pt,/content/gnn-bert-music-context/data/processed/mels/033424.pt,6
33446,training,5300,/content/gnn-bert-music-context/data/raw/fma_small/033/033446.mp3,"Track: Mad About You. Album: Live in IDC Radio, Tel Aviv. Artist: Yair Yona","[0.0, 0.0, 1.0, 0.0, 0.0, 0.0, 0.0, 0.0]",/content/gnn-bert-music-context/data/processed/graphs/033446.pt,/content/gnn-bert-music-context/data/processed/mels/033446.pt,6
33465,training,8266,/content/gnn-bert-music-context/data/raw/fma_small/033/033465.mp3,"Track: West Coast Love Affair. Album: Live at WFMU on Brian Turner's Show, 7/20/10. Artist: Unrest","[0.0, 0.0, 0.0, 0.0, 0.0, 0.0, 0.0, 1.0]",/content/gnn-bert-music-context/data/processed/graphs/033465.pt,/content/gnn-bert-music-context/data/processed/mels/033465.pt,6
33477,training,8269,/content/gnn-bert-music-context/data/raw/fma_small/033/033477.mp3,"Track: Some nights when our dreams were scratched away, we tried to remain calm with the Single String Charmer. Album: The Mediterranean Drift. Artist: Ran Slavin","[0.0, 1.0, 0.0, 0.0, 0.0, 0.0, 0.0, 0.0]",/content/gnn-bert-music-context/data/processed/graphs/033477.pt,/content/gnn-bert-music-context/data/processed/mels/033477.pt,6
34147,training,5300,/content/gnn-bert-music-context/data/raw/fma_small/034/034147.mp3,"Track: 05 Russian Dance. Album: Live@Uganda Pub, Jerusalem, Israel, 13-07-2010. Artist: Yair Yona","[0.0, 0.0, 1.0, 0.0, 0.0, 0.0, 0.0, 0.0]",/content/gnn-bert-music-context/data/processed/graphs/034147.pt,/content/gnn-bert-music-context/data/processed/mels/034147.pt,6
34257,training,8428,/content/gnn-bert-music-context/data/raw/fma_small/034/034257.mp3,Track: Ocean. Album: Live at WFMU on Beastin' The Airwaves! with Keili. Artist: Bebe Fang,"[0.0, 1.0, 0.0, 0.0, 0.0, 0.0, 0.0, 0.0]",/content/gnn-bert-music-context/data/processed/graphs/034257.pt,/content/gnn-bert-music-context/data/processed/mels/034257.pt,6
34511,training,8472,/content/gnn-bert-music-context/data/raw/fma_small/034/034511.mp3,Track: Vilse (Slutet Cover). Album: Bad Panda #44. Artist: Symfoniorkestern,"[0.0, 0.0, 0.0, 0.0, 0.0, 0.0, 1.0, 0.0]",/content/gnn-bert-music-context/data/processed/graphs/034511.pt,/content/gnn-bert-music-context/data/processed/mels/034511.pt,6
35008,validation,7561,/content/gnn-bert-music-context/data/raw/fma_small/035/035008.mp3,Track: Sadness. Album: Classwar Karaoke - 0011 Survey. Artist: Gurdonark,"[0.0, 1.0, 0.0, 0.0, 0.0, 0.0, 0.0, 0.0]",/content/gnn-bert-music-context/data/processed/graphs/035008.pt,/content/gnn-bert-music-context/data/processed/mels/035008.pt,6
35527,training,5911,/content/gnn-bert-music-context/data/raw/fma_small/035/035527.mp3,Track: Downtown. Album: BAZAR. Artist: Lorenzo's Music,"[0.0, 0.0, 0.0, 0.0, 0.0, 0.0, 0.0, 1.0]",/content/gnn-bert-music-context/data/processed/graphs/035527.pt,/content/gnn-bert-music-context/data/processed/mels/035527.pt,6
36277,training,8688,/content/gnn-bert-music-context/data/raw/fma_small/036/036277.mp3,"Track: Restaurant Concert, Song 2. Album: Live from Guča. Artist: Demiran Ćerimović and His Orkestar","[0.0, 0.0, 0.0, 0.0, 0.0, 1.0, 0.0, 0.0]",/content/gnn-bert-music-context/data/processed/graphs/036277.pt,/content/gnn-bert-music-context/data/processed/mels/036277.pt,6
36304,training,8694,/content/gnn-bert-music-context/data/raw/fma_small/036/036304.mp3,Track: the cherry tree. Album: The Cherry Tree EP. Artist: Burning Bright,"[0.0, 0.0, 0.0, 1.0, 0.0, 0.0, 0.0, 0.0]",/content/gnn-bert-music-context/data/processed/graphs/036304.pt,/content/gnn-bert-music-context/data/processed/mels/036304.pt,6
36380,training,6890,/content/gnn-bert-music-context/data/raw/fma_small/036/036380.mp3,Track: Cybernator (CC BY-NC-SA 3.0). Album: a2n Creative Commons Compilation 2010 // all2gethernow. Artist: Pixelord,"[1.0, 0.0, 0.0, 0.0, 0.0, 0.0, 0.0, 0.0]",/content/gnn-bert-music-context/data/processed/graphs/036380.pt,/content/gnn-bert-music-context/data/processed/mels/036380.pt,6
36526,training,6196,/content/gnn-bert-music-context/data/raw/fma_small/036/036526.mp3,"Track: Faith Defies the Night. Album: Lou Barlow + The Missingmen Live @ WFMU on Cherry Blossom Clinic, Sept. 4th 2010. Artist: Lou Barlow","[0.0, 0.0, 0.0, 0.0, 0.0, 0.0, 0.0, 1.0]",/content/gnn-bert-music-context/data/processed/graphs/036526.pt,/content/gnn-bert-music-context/data/processed/mels/036526.pt,6
36799,test,8784,/content/gnn-bert-music-context/data/raw/fma_small/036/036799.mp3,Track: Tanah. Album: Senyawa. Artist: Rully Shabara & Wukir,"[0.0, 1.0, 0.0, 0.0, 0.0, 0.0, 0.0, 0.0]",/content/gnn-bert-music-context/data/processed/graphs/036799.pt,/content/gnn-bert-music-context/data/processed/mels/036799.pt,6
36983,training,6274,/content/gnn-bert-music-context/data/raw/fma_small/036/036983.mp3,Track: B.. Album: Joanna Preciado. Artist: Black Ant,"[0.0, 0.0, 0.0, 1.0, 0.0, 0.0, 0.0, 0.0]",/content/gnn-bert-music-context/data/processed/graphs/036983.pt,/content/gnn-bert-music-context/data/processed/mels/036983.pt,6
36988,training,6274,/content/gnn-bert-music-context/data/raw/fma_small/036/036988.mp3,Track: Damn.. Album: Joanna Preciado. Artist: Black Ant,"[0.0, 0.0, 0.0, 1.0, 0.0, 0.0, 0.0, 0.0]",/content/gnn-bert-music-context/data/processed/graphs/036988.pt,/content/gnn-bert-music-context/data/processed/mels/036988.pt,6
36997,training,6274,/content/gnn-bert-music-context/data/raw/fma_small/036/036997.mp3,Track: Abstract Concepts - What up in the streets. Album: Joanna Preciado. Artist: Black Ant,"[0.0, 0.0, 0.0, 1.0, 0.0, 0.0, 0.0, 0.0]",/content/gnn-bert-music-context/data/processed/graphs/036997.pt,/content/gnn-bert-music-context/data/processed/mels/036997.pt,6
37131,training,8885,/content/gnn-bert-music-context/data/raw/fma_small/037/037131.mp3,Track: Dracular's Revenge. Album: Calling All Fiends. Artist: Pharmacom,"[1.0, 0.0, 0.0, 0.0, 0.0, 0.0, 0.0, 0.0]",/content/gnn-bert-music-context/data/processed/graphs/037131.pt,/content/gnn-bert-music-context/data/processed/mels/037131.pt,6
37538,training,8995,/content/gnn-bert-music-context/data/raw/fma_small/037/037538.mp3,Track: Latin Electronico. Album: Chin11: The Superfools. Artist: The Superfools,"[0.0, 1.0, 0.0, 0.0, 0.0, 0.0, 0.0, 0.0]",/content/gnn-bert-music-context/data/processed/graphs/037538.pt,/content/gnn-bert-music-context/data/processed/mels/037538.pt,6
37911,training,8873,/content/gnn-bert-music-context/data/raw/fma_small/037/037911.mp3,Track: A Dyslexic Dumb Dead Voice. Album: Calling All Fiends. Artist: Limonadiac,"[0.0, 0.0, 0.0, 0.0, 1.0, 0.0, 0.0, 0.0]",/content/gnn-bert-music-context/data/processed/graphs/037911.pt,/content/gnn-bert-music-context/data/processed/mels/037911.pt,6
38435,training,4925,/content/gnn-bert-music-context/data/raw/fma_small/038/038435.mp3,Track: Beloved Girlfriend. Album: Faster than the Speed of Time. Artist: Kraus,"[0.0, 0.0, 0.0, 0.0, 0.0, 0.0, 0.0, 1.0]",/content/gnn-bert-music-context/data/processed/graphs/038435.pt,/content/gnn-bert-music-context/data/processed/mels/038435.pt,6
38775,test,9237,/content/gnn-bert-music-context/data/raw/fma_small/038/038775.mp3,"Track: Kesh Jig, Leitrim Fancy. Album: Sláinte. Artist: Sláinte","[0.0, 0.0, 0.0, 0.0, 0.0, 1.0, 0.0, 0.0]",/content/gnn-bert-music-context/data/processed/graphs/038775.pt,/content/gnn-bert-music-context/data/processed/mels/038775.pt,6
38776,test,9237,/content/gnn-bert-music-context/data/raw/fma_small/038/038776.mp3,Track: Silver Spear. Album: Sláinte. Artist: Sláinte,"[0.0, 0.0, 0.0, 0.0, 0.0, 1.0, 0.0, 0.0]",/content/gnn-bert-music-context/data/processed/graphs/038776.pt,/content/gnn-bert-music-context/data/processed/mels/038776.pt,6
38823,test,9237,/content/gnn-bert-music-context/data/raw/fma_small/038/038823.mp3,Track: Scully's Reel. Mrs McLeod's. Cooley's Reel. Album: Cup of Tea. Artist: Sláinte,"[0.0, 0.0, 0.0, 0.0, 0.0, 1.0, 0.0, 0.0]",/content/gnn-bert-music-context/data/processed/graphs/038823.pt,/content/gnn-bert-music-context/data/processed/mels/038823.pt,6
38847,training,7587,/content/gnn-bert-music-context/data/raw/fma_small/038/038847.mp3,Track: Ambiguity. Album: Classwar Karaoke - 0012 Survey. Artist: Ambient Fabric,"[0.0, 1.0, 0.0, 0.0, 0.0, 0.0, 0.0, 0.0]",/content/gnn-bert-music-context/data/processed/graphs/038847.pt,/content/gnn-bert-music-context/data/processed/mels/038847.pt,6
38904,validation,9279,/content/gnn-bert-music-context/data/raw/fma_small/038/038904.mp3,"Track: typewriting. Album: This Is The End, Beautiful Friend. Artist: File Under Toner","[0.0, 1.0, 0.0, 0.0, 0.0, 0.0, 0.0, 0.0]",/content/gnn-bert-music-context/data/processed/graphs/038904.pt,/content/gnn-bert-music-context/data/processed/mels/038904.pt,6
38906,validation,9279,/content/gnn-bert-music-context/data/raw/fma_small/038/038906.mp3,"Track: horses. Album: This Is The End, Beautiful Friend. Artist: File Under Toner","[0.0, 1.0, 0.0, 0.0, 0.0, 0.0, 0.0, 0.0]",/content/gnn-bert-music-context/data/processed/graphs/038906.pt,/content/gnn-bert-music-context/data/processed/mels/038906.pt,6
39259,training,2474,/content/gnn-bert-music-context/data/raw/fma_small/039/039259.mp3,Track: Murder in The Dark. Album: Klassicarnage! Free Classical Revisited. Artist: U Can Unlearn Guitar,"[0.0, 1.0, 0.0, 0.0, 0.0, 0.0, 0.0, 0.0]",/content/gnn-bert-music-context/data/processed/graphs/039259.pt,/content/gnn-bert-music-context/data/processed/mels/039259.pt,6
39298,training,9344,/content/gnn-bert-music-context/data/raw/fma_small/039/039298.mp3,Track: Fourty niners. Album: sans titre. Artist: Gina Artworth,"[0.0, 0.0, 0.0, 0.0, 0.0, 0.0, 0.0, 1.0]",/content/gnn-bert-music-context/data/processed/graphs/039298.pt,/content/gnn-bert-music-context/data/processed/mels/039298.pt,6
39359,training,9380,/content/gnn-bert-music-context/data/raw/fma_small/039/039359.mp3,Track: The last hours of sunshine. Album: The last hours of light. Artist: i'dawn,"[0.0, 0.0, 0.0, 0.0, 0.0, 0.0, 0.0, 1.0]",/content/gnn-bert-music-context/data/processed/graphs/039359.pt,/content/gnn-bert-music-context/data/processed/mels/039359.pt,6
39664,training,9409,/content/gnn-bert-music-context/data/raw/fma_small/039/039664.mp3,"Track: My Girl. Album: Live at WFMU on Nat Roe's Show, Nov 17th 2010. Artist: Quiet Hooves","[0.0, 0.0, 0.0, 0.0, 0.0, 0.0, 1.0, 0.0]",/content/gnn-bert-music-context/data/processed/graphs/039664.pt,/content/gnn-bert-music-context/data/processed/mels/039664.pt,6
39666,training,9409,/content/gnn-bert-music-context/data/raw/fma_small/039/039666.mp3,"Track: Meals On Wheels. Album: Live at WFMU on Nat Roe's Show, Nov 17th 2010. Artist: Quiet Hooves","[0.0, 0.0, 0.0, 0.0, 0.0, 0.0, 1.0, 0.0]",/content/gnn-bert-music-context/data/processed/graphs/039666.pt,/content/gnn-bert-music-context/data/processed/mels/039666.pt,6
40121,training,281,/content/gnn-bert-music-context/data/raw/fma_small/040/040121.mp3,Track: Last Chants. Album: Off Duty 12''. Artist: Sun Araw,"[0.0, 1.0, 0.0, 0.0, 0.0, 0.0, 0.0, 0.0]",/content/gnn-bert-music-context/data/processed/graphs/040121.pt,/content/gnn-bert-music-context/data/processed/mels/040121.pt,6
40147,training,152,/content/gnn-bert-music-context/data/raw/fma_small/040/040147.mp3,"Track: Opening Title. Album: Patterns Of Self, Remote. Artist: Gwilly Edmondez","[0.0, 1.0, 0.0, 0.0, 0.0, 0.0, 0.0, 0.0]",/content/gnn-bert-music-context/data/processed/graphs/040147.pt,/content/gnn-bert-music-context/data/processed/mels/040147.pt,6
40230,test,77,/content/gnn-bert-music-context/data/raw/fma_small/040/040230.mp3,Track: Lay Your Head On The Rails (& Comeback). Album: Operators & Things. Artist: Big Blood,"[0.0, 0.0, 1.0, 0.0, 0.0, 0.0, 0.0, 0.0]",/content/gnn-bert-music-context/data/processed/graphs/040230.pt,/content/gnn-bert-music-context/data/processed/mels/040230.pt,6
40243,test,77,/content/gnn-bert-music-context/data/raw/fma_small/040/040243.mp3,Track: Coming Home Pt. III. Album: Dark Country Magic. Artist: Big Blood,"[0.0, 0.0, 1.0, 0.0, 0.0, 0.0, 0.0, 0.0]",/content/gnn-bert-music-context/data/processed/graphs/040243.pt,/content/gnn-bert-music-context/data/processed/mels/040243.pt,6
40509,training,8964,/content/gnn-bert-music-context/data/raw/fma_small/040/040509.mp3,Track: Light Field (excerpt). Album: Light Fields. Artist: Richard Garet,"[0.0, 1.0, 0.0, 0.0, 0.0, 0.0, 0.0, 0.0]",/content/gnn-bert-music-context/data/processed/graphs/040509.pt,/content/gnn-bert-music-context/data/processed/mels/040509.pt,6
40541,training,5934,/content/gnn-bert-music-context/data/raw/fma_small/040/040541.mp3,Track: kiss of halloween. Album: kiss of halloween. Artist: uiutna,"[0.0, 0.0, 0.0, 1.0, 0.0, 0.0, 0.0, 0.0]",/content/gnn-bert-music-context/data/processed/graphs/040541.pt,/content/gnn-bert-music-context/data/processed/mels/040541.pt,6
41095,training,9651,/content/gnn-bert-music-context/data/raw/fma_small/041/041095.mp3,Track: The Lonely Smurfer. Album: Bad Panda #61. Artist: Johnny Hawaii,"[0.0, 0.0, 0.0, 0.0, 0.0, 0.0, 0.0, 1.0]",/content/gnn-bert-music-context/data/processed/graphs/041095.pt,/content/gnn-bert-music-context/data/processed/mels/041095.pt,6
41192,training,8392,/content/gnn-bert-music-context/data/raw/fma_small/041/041192.mp3,Track: Storms That Breed. Album: The Outside Room. Artist: Weyes Blood,"[0.0, 0.0, 1.0, 0.0, 0.0, 0.0, 0.0, 0.0]",/content/gnn-bert-music-context/data/processed/graphs/041192.pt,/content/gnn-bert-music-context/data/processed/mels/041192.pt,6
41310,test,9744,/content/gnn-bert-music-context/data/raw/fma_small/041/041310.mp3,"Track: Mercury Spring. Album: On A Clear Night, You Can Smell For Miles. Artist: Funny Cry Happy","[0.0, 0.0, 1.0, 0.0, 0.0, 0.0, 0.0, 0.0]",/content/gnn-bert-music-context/data/processed/graphs/041310.pt,/content/gnn-bert-music-context/data/processed/mels/041310.pt,6
41714,training,9820,/content/gnn-bert-music-context/data/raw/fma_small/041/041714.mp3,Track: Radiohead. Album: Plunderstudies. Artist: As Seen On TV,"[0.0, 1.0, 0.0, 0.0, 0.0, 0.0, 0.0, 0.0]",/content/gnn-bert-music-context/data/processed/graphs/041714.pt,/content/gnn-bert-music-context/data/processed/mels/041714.pt,6
42030,training,9945,/content/gnn-bert-music-context/data/raw/fma_small/042/042030.mp3,Track: Live to Raze again (Jamaica). Album: La Boite A Sons - Contest Contributions. Artist: Triple D,"[0.0, 0.0, 0.0, 0.0, 0.0, 1.0, 0.0, 0.0]",/content/gnn-bert-music-context/data/processed/graphs/042030.pt,/content/gnn-bert-music-context/data/processed/mels/042030.pt,6
42126,training,9954,/content/gnn-bert-music-context/data/raw/fma_small/042/042126.mp3,Track: Too Far. Album: The Hate Noise Calling Vol. 1 & 2. Artist: The HATE Noise and Anonymous,"[0.0, 1.0, 0.0, 0.0, 0.0, 0.0, 0.0, 0.0]",/content/gnn-bert-music-context/data/processed/graphs/042126.pt,/content/gnn-bert-music-context/data/processed/mels/042126.pt,6
42373,test,9067,/content/gnn-bert-music-context/data/raw/fma_small/042/042373.mp3,Track: Mell's Parade. Album: Directionless EP. Artist: Broke For Free,"[1.0, 0.0, 0.0, 0.0, 0.0, 0.0, 0.0, 0.0]",/content/gnn-bert-music-context/data/processed/graphs/042373.pt,/content/gnn-bert-music-context/data/processed/mels/042373.pt,6
42442,training,9988,/content/gnn-bert-music-context/data/raw/fma_small/042/042442.mp3,Track: A2 Altcheringa. Album: Unnamables. Artist: univeria zekt,"[0.0, 0.0, 0.0, 0.0, 0.0, 0.0, 0.0, 1.0]",/content/gnn-bert-music-context/data/processed/graphs/042442.pt,/content/gnn-bert-music-context/data/processed/mels/042442.pt,6
42463,test,9990,/content/gnn-bert-music-context/data/raw/fma_small/042/042463.mp3,Track: A 1 still a rambler. Album: Ce matin encore. Artist: Yves Rakotomalala,"[0.0, 0.0, 1.0, 0.0, 0.0, 0.0, 0.0, 0.0]",/content/gnn-bert-music-context/data/processed/graphs/042463.pt,/content/gnn-bert-music-context/data/processed/mels/042463.pt,6
42984,training,10034,/content/gnn-bert-music-context/data/raw/fma_small/042/042984.mp3,Track: Lamp Happy Camp. Album: Just Dads and Cthulu Lovetape. Artist: Cave Bears,"[0.0, 1.0, 0.0, 0.0, 0.0, 0.0, 0.0, 0.0]",/content/gnn-bert-music-context/data/processed/graphs/042984.pt,/content/gnn-bert-music-context/data/processed/mels/042984.pt,6
43018,training,10060,/content/gnn-bert-music-context/data/raw/fma_small/043/043018.mp3,"Track: Oske Cherde. Album: Live on WFMU's Transpacific Sound Paradise, Jan 22, 2011. Artist: Huun Huur Tu","[0.0, 0.0, 0.0, 0.0, 0.0, 1.0, 0.0, 0.0]",/content/gnn-bert-music-context/data/processed/graphs/043018.pt,/content/gnn-bert-music-context/data/processed/mels/043018.pt,6
43023,training,10060,/content/gnn-bert-music-context/data/raw/fma_small/043/043023.mp3,"Track: [interview]. Album: Live on WFMU's Transpacific Sound Paradise, Jan 22, 2011. Artist: Huun Huur Tu","[0.0, 0.0, 0.0, 0.0, 0.0, 1.0, 0.0, 0.0]",/content/gnn-bert-music-context/data/processed/graphs/043023.pt,/content/gnn-bert-music-context/data/processed/mels/043023.pt,6
43608,training,3426,/content/gnn-bert-music-context/data/raw/fma_small/043/043608.mp3,Track: 15 minute exorcise (excerpt). Album: UTOPIA=NO PERSON. Artist: Prince Rama,"[0.0, 1.0, 0.0, 0.0, 0.0, 0.0, 0.0, 0.0]",/content/gnn-bert-music-context/data/processed/graphs/043608.pt,/content/gnn-bert-music-context/data/processed/mels/043608.pt,6
43761,training,10180,/content/gnn-bert-music-context/data/raw/fma_small/043/043761.mp3,"Track: Me so horny 2. Album: Unreleased, Unwashed, Rare and Forgotten Inconsistencies. Artist: Kreamy 'Lectric Santa","[0.0, 0.0, 1.0, 0.0, 0.0, 0.0, 0.0, 0.0]",/content/gnn-bert-music-context/data/processed/graphs/043761.pt,/content/gnn-bert-music-context/data/processed/mels/043761.pt,6
43768,test,411,/content/gnn-bert-music-context/data/raw/fma_small/043/043768.mp3,Track: Franklin'in Karsilamasi. Album: Live at the 2011 Golden Festival: Ansambl Mastika. Artist: Ansambl Mastika,"[0.0, 0.0, 0.0, 0.0, 0.0, 1.0, 0.0, 0.0]",/content/gnn-bert-music-context/data/processed/graphs/043768.pt,/content/gnn-bert-music-context/data/processed/mels/043768.pt,6
43844,training,6422,/content/gnn-bert-music-context/data/raw/fma_small/043/043844.mp3,Track: swimming in random thrift store items. Album: Mid-November EP. Artist: Katrah-Quey,"[0.0, 0.0, 0.0, 1.0, 0.0, 0.0, 0.0, 0.0]",/content/gnn-bert-music-context/data/processed/graphs/043844.pt,/content/gnn-bert-music-context/data/processed/mels/043844.pt,6
43861,training,10230,/content/gnn-bert-music-context/data/raw/fma_small/043/043861.mp3,Track: loosemarbles. Album: Sour Soul 12. Artist: Akathasquid,"[0.0, 0.0, 0.0, 1.0, 0.0, 0.0, 0.0, 0.0]",/content/gnn-bert-music-context/data/processed/graphs/043861.pt,/content/gnn-bert-music-context/data/processed/mels/043861.pt,6
43886,training,10234,/content/gnn-bert-music-context/data/raw/fma_small/043/043886.mp3,Track: gunfight at natural history museum. Album: Mnemonic Fragmentation. Artist: Myo,"[0.0, 1.0, 0.0, 0.0, 0.0, 0.0, 0.0, 0.0]",/content/gnn-bert-music-context/data/processed/graphs/043886.pt,/content/gnn-bert-music-context/data/processed/mels/043886.pt,6
44092,training,1774,/content/gnn-bert-music-context/data/raw/fma_small/044/044092.mp3,Track: Future Paths. Album: Mario in an Elevator. Artist: 8 Bit Weapon,"[1.0, 0.0, 0.0, 0.0, 0.0, 0.0, 0.0, 0.0]",/content/gnn-bert-music-context/data/processed/graphs/044092.pt,/content/gnn-bert-music-context/data/processed/mels/044092.pt,6
44169,training,10267,/content/gnn-bert-music-context/data/raw/fma_small/044/044169.mp3,Track: Absence of Day and Night 1. Album: Absence of Day and Night. Artist: Morgan Craft,"[0.0, 1.0, 0.0, 0.0, 0.0, 0.0, 0.0, 0.0]",/content/gnn-bert-music-context/data/processed/graphs/044169.pt,/content/gnn-bert-music-context/data/processed/mels/044169.pt,6
44778,training,10346,/content/gnn-bert-music-context/data/raw/fma_small/044/044778.mp3,Track: In My Mind There Is a Monster. Album: Monstrous Melodies. Artist: Charlie Boraley,"[0.0, 1.0, 0.0, 0.0, 0.0, 0.0, 0.0, 0.0]",/content/gnn-bert-music-context/data/processed/graphs/044778.pt,/content/gnn-bert-music-context/data/processed/mels/044778.pt,6
44782,training,3644,/content/gnn-bert-music-context/data/raw/fma_small/044/044782.mp3,Track: Monster. Album: Monstrous Melodies. Artist: Dorothy's Magic Bag,"[0.0, 1.0, 0.0, 0.0, 0.0, 0.0, 0.0, 0.0]",/content/gnn-bert-music-context/data/processed/graphs/044782.pt,/content/gnn-bert-music-context/data/processed/mels/044782.pt,6
44822,training,10360,/content/gnn-bert-music-context/data/raw/fma_small/044/044822.mp3,Track: Watchyerstep. Album: Game of Death. Artist: Black Bear Combo,"[0.0, 0.0, 0.0, 0.0, 0.0, 1.0, 0.0, 0.0]",/content/gnn-bert-music-context/data/processed/graphs/044822.pt,/content/gnn-bert-music-context/data/processed/mels/044822.pt,6
44851,training,10369,/content/gnn-bert-music-context/data/raw/fma_small/044/044851.mp3,Track: Field Piano 4. Album: fieldpiano. Artist: Sunslide,"[0.0, 1.0, 0.0, 0.0, 0.0, 0.0, 0.0, 0.0]",/content/gnn-bert-music-context/data/processed/graphs/044851.pt,/content/gnn-bert-music-context/data/processed/mels/044851.pt,6
44949,training,10385,/content/gnn-bert-music-context/data/raw/fma_small/044/044949.mp3,Track: Fallaste al sacar tu cuenta. Album: SONGO 21 - Studio sessions 2003. Artist: SONGO 21,"[0.0, 0.0, 0.0, 0.0, 0.0, 1.0, 0.0, 0.0]",/content/gnn-bert-music-context/data/processed/graphs/044949.pt,/content/gnn-bert-music-context/data/processed/mels/044949.pt,6
44950,training,10385,/content/gnn-bert-music-context/data/raw/fma_small/044/044950.mp3,Track: Amor Y Felicidad. Album: SONGO 21 - Studio sessions 2003. Artist: SONGO 21,"[0.0, 0.0, 0.0, 0.0, 0.0, 1.0, 0.0, 0.0]",/content/gnn-bert-music-context/data/processed/graphs/044950.pt,/content/gnn-bert-music-context/data/processed/mels/044950.pt,6
45055,validation,10393,/content/gnn-bert-music-context/data/raw/fma_small/045/045055.mp3,Track: Pesnya Marka. Album: Stilizatsiya Poslevkusiya. Artist: I Drug Moy Gruzovik...,"[0.0, 0.0, 0.0, 0.0, 0.0, 0.0, 0.0, 1.0]",/content/gnn-bert-music-context/data/processed/graphs/045055.pt,/content/gnn-bert-music-context/data/processed/mels/045055.pt,6
45099,training,10397,/content/gnn-bert-music-context/data/raw/fma_small/045/045099.mp3,Track: Spell. Album: Straw Fields. Artist: Rolemusic,"[1.0, 0.0, 0.0, 0.0, 0.0, 0.0, 0.0, 0.0]",/content/gnn-bert-music-context/data/processed/graphs/045099.pt,/content/gnn-bert-music-context/data/processed/mels/045099.pt,6
45100,training,10397,/content/gnn-bert-music-context/data/raw/fma_small/045/045100.mp3,Track: Leafless Quince Tree. Album: Straw Fields. Artist: Rolemusic,"[1.0, 0.0, 0.0, 0.0, 0.0, 0.0, 0.0, 0.0]",/content/gnn-bert-music-context/data/processed/graphs/045100.pt,/content/gnn-bert-music-context/data/processed/mels/045100.pt,6
45128,validation,9454,/content/gnn-bert-music-context/data/raw/fma_small/045/045128.mp3,Track: HHHHOTEL. Album: A SPIDER'S WEB. Artist: Phemale,"[0.0, 0.0, 0.0, 0.0, 0.0, 0.0, 1.0, 0.0]",/content/gnn-bert-music-context/data/processed/graphs/045128.pt,/content/gnn-bert-music-context/data/processed/mels/045128.pt,6
45388,training,10458,/content/gnn-bert-music-context/data/raw/fma_small/045/045388.mp3,Track: I'm Not Ready Right Now. Album: Sauvignon Valley. Artist: Blear Moon,"[0.0, 0.0, 0.0, 0.0, 1.0, 0.0, 0.0, 0.0]",/content/gnn-bert-music-context/data/processed/graphs/045388.pt,/content/gnn-bert-music-context/data/processed/mels/045388.pt,6
45516,training,10469,/content/gnn-bert-music-context/data/raw/fma_small/045/045516.mp3,Track: We wont be mowing today. Album: Evils. Artist: Plusplus,"[0.0, 0.0, 1.0, 0.0, 0.0, 0.0, 0.0, 0.0]",/content/gnn-bert-music-context/data/processed/graphs/045516.pt,/content/gnn-bert-music-context/data/processed/mels/045516.pt,6
45519,training,10469,/content/gnn-bert-music-context/data/raw/fma_small/045/045519.mp3,Track: Swimmer. Album: Evils. Artist: Plusplus,"[0.0, 0.0, 1.0, 0.0, 0.0, 0.0, 0.0, 0.0]",/content/gnn-bert-music-context/data/processed/graphs/045519.pt,/content/gnn-bert-music-context/data/processed/mels/045519.pt,6
45934,test,10497,/content/gnn-bert-music-context/data/raw/fma_small/045/045934.mp3,Track: Melancholic Depression. Album: Peak the Source Vol.1. Artist: Rune Martinsen,"[0.0, 1.0, 0.0, 0.0, 0.0, 0.0, 0.0, 0.0]",/content/gnn-bert-music-context/data/processed/graphs/045934.pt,/content/gnn-bert-music-context/data/processed/mels/045934.pt,6
45941,training,10500,/content/gnn-bert-music-context/data/raw/fma_small/045/045941.mp3,Track: Soul Eater Codex. Album: Peak the Source Vol.1. Artist: Vladimír Hirsch,"[0.0, 1.0, 0.0, 0.0, 0.0, 0.0, 0.0, 0.0]",/content/gnn-bert-music-context/data/processed/graphs/045941.pt,/content/gnn-bert-music-context/data/processed/mels/045941.pt,6
46043,training,129,/content/gnn-bert-music-context/data/raw/fma_small/046/046043.mp3,Track: Florence and the Machine. Album: Peak the Source Vol.3. Artist: Ergo Phizmiz,"[0.0, 1.0, 0.0, 0.0, 0.0, 0.0, 0.0, 0.0]",/content/gnn-bert-music-context/data/processed/graphs/046043.pt,/content/gnn-bert-music-context/data/processed/mels/046043.pt,6
46079,training,2423,/content/gnn-bert-music-context/data/raw/fma_small/046/046079.mp3,Track: Bambu Runcing. Album: Jogja Istimewa. Artist: Zoo,"[0.0, 1.0, 0.0, 0.0, 0.0, 0.0, 0.0, 0.0]",/content/gnn-bert-music-context/data/processed/graphs/046079.pt,/content/gnn-bert-music-context/data/processed/mels/046079.pt,6
46157,training,10590,/content/gnn-bert-music-context/data/raw/fma_small/046/046157.mp3,Track: over and under. Album: fall n; rise n+1. Artist: Antiphon,"[1.0, 0.0, 0.0, 0.0, 0.0, 0.0, 0.0, 0.0]",/content/gnn-bert-music-context/data/processed/graphs/046157.pt,/content/gnn-bert-music-context/data/processed/mels/046157.pt,6
46159,training,10592,/content/gnn-bert-music-context/data/raw/fma_small/046/046159.mp3,Track: All Tremors Cease (lokey's imminent revision). Album: fall n; rise n+1. Artist: Erin Dingle,"[1.0, 0.0, 0.0, 0.0, 0.0, 0.0, 0.0, 0.0]",/content/gnn-bert-music-context/data/processed/graphs/046159.pt,/content/gnn-bert-music-context/data/processed/mels/046159.pt,6
46525,training,7800,/content/gnn-bert-music-context/data/raw/fma_small/046/046525.mp3,Track: Ballet In A Box. Album: Eyelashes Of Lanterns. Artist: Doyeq,"[0.0, 0.0, 0.0, 0.0, 1.0, 0.0, 0.0, 0.0]",/content/gnn-bert-music-context/data/processed/graphs/046525.pt,/content/gnn-bert-music-context/data/processed/mels/046525.pt,6
46611,training,10640,/content/gnn-bert-music-context/data/raw/fma_small/046/046611.mp3,Track: Island on Fire. Album: Bad Panda #77. Artist: Monster Rally,"[0.0, 1.0, 0.0, 0.0, 0.0, 0.0, 0.0, 0.0]",/content/gnn-bert-music-context/data/processed/graphs/046611.pt,/content/gnn-bert-music-context/data/processed/mels/046611.pt,6
46733,training,9101,/content/gnn-bert-music-context/data/raw/fma_small/046/046733.mp3,Track: Hands In. Album: netBloc Vol. 32: Make Way For What Lies Ahead. Artist: KASHKA,"[0.0, 0.0, 0.0, 0.0, 0.0, 0.0, 1.0, 0.0]",/content/gnn-bert-music-context/data/processed/graphs/046733.pt,/content/gnn-bert-music-context/data/processed/mels/046733.pt,6
47199,training,7050,/content/gnn-bert-music-context/data/raw/fma_small/047/047199.mp3,Track: Little Colibriy. Album: Awott. Artist: Asian Women on the Telephone,"[0.0, 1.0, 0.0, 0.0, 0.0, 0.0, 0.0, 0.0]",/content/gnn-bert-music-context/data/processed/graphs/047199.pt,/content/gnn-bert-music-context/data/processed/mels/047199.pt,6
47526,test,7073,/content/gnn-bert-music-context/data/raw/fma_small/047/047526.mp3,Track: Romantic Girl. Album: Live on WFMU's Cherry Blossom Clinic with Terre T April 23 2011. Artist: Bare Wires,"[0.0, 0.0, 0.0, 0.0, 0.0, 0.0, 0.0, 1.0]",/content/gnn-bert-music-context/data/processed/graphs/047526.pt,/content/gnn-bert-music-context/data/processed/mels/047526.pt,6
47894,training,2176,/content/gnn-bert-music-context/data/raw/fma_small/047/047894.mp3,Track: Palm Springs. Album: Parasite Paradise. Artist: Superhumanoids,"[0.0, 0.0, 0.0, 0.0, 0.0, 0.0, 1.0, 0.0]",/content/gnn-bert-music-context/data/processed/graphs/047894.pt,/content/gnn-bert-music-context/data/processed/mels/047894.pt,6
48043,training,668,/content/gnn-bert-music-context/data/raw/fma_small/048/048043.mp3,Track: The Road To Unknown. Album: A Day In Contrast. Artist: Delphine Dora,"[0.0, 1.0, 0.0, 0.0, 0.0, 0.0, 0.0, 0.0]",/content/gnn-bert-music-context/data/processed/graphs/048043.pt,/content/gnn-bert-music-context/data/processed/mels/048043.pt,6
48446,training,7337,/content/gnn-bert-music-context/data/raw/fma_small/048/048446.mp3,Track: pluie d'atome. Album: la nuit t as pas peur. Artist: AlexandreDavidGabriel,"[0.0, 0.0, 0.0, 0.0, 0.0, 0.0, 1.0, 0.0]",/content/gnn-bert-music-context/data/processed/graphs/048446.pt,/content/gnn-bert-music-context/data/processed/mels/048446.pt,6
48452,training,7337,/content/gnn-bert-music-context/data/raw/fma_small/048/048452.mp3,Track: éventé. Album: la nuit t as pas peur. Artist: AlexandreDavidGabriel,"[0.0, 0.0, 0.0, 0.0, 0.0, 0.0, 1.0, 0.0]",/content/gnn-bert-music-context/data/processed/graphs/048452.pt,/content/gnn-bert-music-context/data/processed/mels/048452.pt,6
48456,training,7337,/content/gnn-bert-music-context/data/raw/fma_small/048/048456.mp3,Track: nez. Album: la nuit t as pas peur. Artist: AlexandreDavidGabriel,"[0.0, 0.0, 0.0, 0.0, 0.0, 0.0, 1.0, 0.0]",/content/gnn-bert-music-context/data/processed/graphs/048456.pt,/content/gnn-bert-music-context/data/processed/mels/048456.pt,6
48463,training,9573,/content/gnn-bert-music-context/data/raw/fma_small/048/048463.mp3,"Track: Happiness. Album: The Waves, The Sea. Artist: Sycamore Drive","[1.0, 0.0, 0.0, 0.0, 0.0, 0.0, 0.0, 0.0]",/content/gnn-bert-music-context/data/processed/graphs/048463.pt,/content/gnn-bert-music-context/data/processed/mels/048463.pt,6
48465,training,9573,/content/gnn-bert-music-context/data/raw/fma_small/048/048465.mp3,"Track: Ocean Breeze. Album: The Waves, The Sea. Artist: Sycamore Drive","[1.0, 0.0, 0.0, 0.0, 0.0, 0.0, 0.0, 0.0]",/content/gnn-bert-music-context/data/processed/graphs/048465.pt,/content/gnn-bert-music-context/data/processed/mels/048465.pt,6
49070,training,2240,/content/gnn-bert-music-context/data/raw/fma_small/049/049070.mp3,Track: Bologna Soundcheck 031105. Album: Cicatrix. Artist: Justice Yeldham,"[0.0, 1.0, 0.0, 0.0, 0.0, 0.0, 0.0, 0.0]",/content/gnn-bert-music-context/data/processed/graphs/049070.pt,/content/gnn-bert-music-context/data/processed/mels/049070.pt,6
49071,training,2240,/content/gnn-bert-music-context/data/raw/fma_small/049/049071.mp3,Track: 038 Zwolle 090104. Album: Cicatrix. Artist: Justice Yeldham,"[0.0, 1.0, 0.0, 0.0, 0.0, 0.0, 0.0, 0.0]",/content/gnn-bert-music-context/data/processed/graphs/049071.pt,/content/gnn-bert-music-context/data/processed/mels/049071.pt,6
49478,training,11217,/content/gnn-bert-music-context/data/raw/fma_small/049/049478.mp3,Track: Obituary Of A Sell Out MC (Featuring D-Fine). Album: netBloc Vol. 33: You can get with this.... Artist: A-Rec,"[0.0, 0.0, 0.0, 1.0, 0.0, 0.0, 0.0, 0.0]",/content/gnn-bert-music-context/data/processed/graphs/049478.pt,/content/gnn-bert-music-context/data/processed/mels/049478.pt,6
49844,training,11299,/content/gnn-bert-music-context/data/raw/fma_small/049/049844.mp3,Track: Bubba’s Blues. Album: How It’s Done In Italy. Artist: My Bubba & Mi,"[0.0, 0.0, 1.0, 0.0, 0.0, 0.0, 0.0, 0.0]",/content/gnn-bert-music-context/data/processed/graphs/049844.pt,/content/gnn-bert-music-context/data/processed/mels/049844.pt,6
49847,training,11299,/content/gnn-bert-music-context/data/raw/fma_small/049/049847.mp3,Track: Satisfied mind. Album: How It’s Done In Italy. Artist: My Bubba & Mi,"[0.0, 0.0, 1.0, 0.0, 0.0, 0.0, 0.0, 0.0]",/content/gnn-bert-music-context/data/processed/graphs/049847.pt,/content/gnn-bert-music-context/data/processed/mels/049847.pt,6
49848,training,11299,/content/gnn-bert-music-context/data/raw/fma_small/049/049848.mp3,Track: I will never love a young boy again. Album: How It’s Done In Italy. Artist: My Bubba & Mi,"[0.0, 0.0, 1.0, 0.0, 0.0, 0.0, 0.0, 0.0]",/content/gnn-bert-music-context/data/processed/graphs/049848.pt,/content/gnn-bert-music-context/data/processed/mels/049848.pt,6
49857,training,11299,/content/gnn-bert-music-context/data/raw/fma_small/049/049857.mp3,Track: After you. Album: How It’s Done In Italy. Artist: My Bubba & Mi,"[0.0, 0.0, 1.0, 0.0, 0.0, 0.0, 0.0, 0.0]",/content/gnn-bert-music-context/data/processed/graphs/049857.pt,/content/gnn-bert-music-context/data/processed/mels/049857.pt,6
50264,training,11336,/content/gnn-bert-music-context/data/raw/fma_small/050/050264.mp3,"Track: Mandala. Album: Free! Music! Contest! Sampler 2010 ""Sinn"". Artist: Square Flare","[0.0, 0.0, 0.0, 1.0, 0.0, 0.0, 0.0, 0.0]",/content/gnn-bert-music-context/data/processed/graphs/050264.pt,/content/gnn-bert-music-context/data/processed/mels/050264.pt,6
50272,training,7295,/content/gnn-bert-music-context/data/raw/fma_small/050/050272.mp3,"Track: Destroy She Says. Album: Free! Music! Contest! Sampler 2010 ""Sinn"". Artist: ZOE.LEELA","[0.0, 0.0, 0.0, 0.0, 0.0, 0.0, 1.0, 0.0]",/content/gnn-bert-music-context/data/processed/graphs/050272.pt,/content/gnn-bert-music-context/data/processed/mels/050272.pt,6
50323,training,11364,/content/gnn-bert-music-context/data/raw/fma_small/050/050323.mp3,Track: Wind Blows on the Bird Spotted Hill. Album: Voyage au centre Iaeniaen. Artist: McCloud Zicmuse,"[0.0, 0.0, 1.0, 0.0, 0.0, 0.0, 0.0, 0.0]",/content/gnn-bert-music-context/data/processed/graphs/050323.pt,/content/gnn-bert-music-context/data/processed/mels/050323.pt,6
50754,test,11418,/content/gnn-bert-music-context/data/raw/fma_small/050/050754.mp3,Track: Biopsja Duszy. Album: Biopsja Duszy. Artist: Metalmorphosis,"[0.0, 0.0, 0.0, 0.0, 0.0, 0.0, 0.0, 1.0]",/content/gnn-bert-music-context/data/processed/graphs/050754.pt,/content/gnn-bert-music-context/data/processed/mels/050754.pt,6
50952,training,11431,/content/gnn-bert-music-context/data/raw/fma_small/050/050952.mp3,Track: Cattails. Album: Contemporary Sampler. Artist: Kevin MacLeod,"[0.0, 0.0, 1.0, 0.0, 0.0, 0.0, 0.0, 0.0]",/content/gnn-bert-music-context/data/processed/graphs/050952.pt,/content/gnn-bert-music-context/data/processed/mels/050952.pt,6
51004,training,11431,/content/gnn-bert-music-context/data/raw/fma_small/051/051004.mp3,Track: Tikopia. Album: Global Sampler. Artist: Kevin MacLeod,"[0.0, 0.0, 0.0, 0.0, 0.0, 1.0, 0.0, 0.0]",/content/gnn-bert-music-context/data/processed/graphs/051004.pt,/content/gnn-bert-music-context/data/processed/mels/051004.pt,6
51114,training,1977,/content/gnn-bert-music-context/data/raw/fma_small/051/051114.mp3,Track: Wack. Album: Motormouth. Artist: Bob Ostertag,"[0.0, 1.0, 0.0, 0.0, 0.0, 0.0, 0.0, 0.0]",/content/gnn-bert-music-context/data/processed/graphs/051114.pt,/content/gnn-bert-music-context/data/processed/mels/051114.pt,6
51655,validation,458,/content/gnn-bert-music-context/data/raw/fma_small/051/051655.mp3,"Track: Morning Stars. Album: Live at WFMU July 25, 2011 on Irene Trudel's Show. Artist: Matt Bauer","[0.0, 0.0, 1.0, 0.0, 0.0, 0.0, 0.0, 0.0]",/content/gnn-bert-music-context/data/processed/graphs/051655.pt,/content/gnn-bert-music-context/data/processed/mels/051655.pt,6
51992,training,11607,/content/gnn-bert-music-context/data/raw/fma_small/051/051992.mp3,Track: Osaka dub mission. Album: [LCL28] Elephant Room Sessions. Artist: Manudub,"[0.0, 0.0, 0.0, 0.0, 0.0, 1.0, 0.0, 0.0]",/content/gnn-bert-music-context/data/processed/graphs/051992.pt,/content/gnn-bert-music-context/data/processed/mels/051992.pt,6
52035,training,11615,/content/gnn-bert-music-context/data/raw/fma_small/052/052035.mp3,Track: Kelpies. Album: Sea Woof. Artist: Poland,"[0.0, 0.0, 0.0, 0.0, 0.0, 0.0, 1.0, 0.0]",/content/gnn-bert-music-context/data/processed/graphs/052035.pt,/content/gnn-bert-music-context/data/processed/mels/052035.pt,6
52041,training,11615,/content/gnn-bert-music-context/data/raw/fma_small/052/052041.mp3,Track: Wooded Land. Album: Sea Woof. Artist: Poland,"[0.0, 0.0, 0.0, 0.0, 0.0, 0.0, 1.0, 0.0]",/content/gnn-bert-music-context/data/processed/graphs/052041.pt,/content/gnn-bert-music-context/data/processed/mels/052041.pt,6
52042,training,11615,/content/gnn-bert-music-context/data/raw/fma_small/052/052042.mp3,Track: Sandy. Album: Sea Woof. Artist: Poland,"[0.0, 0.0, 0.0, 0.0, 0.0, 0.0, 1.0, 0.0]",/content/gnn-bert-music-context/data/processed/graphs/052042.pt,/content/gnn-bert-music-context/data/processed/mels/052042.pt,6
52118,training,11630,/content/gnn-bert-music-context/data/raw/fma_small/052/052118.mp3,"Track: My Miami. Album: Live at WFMU on Irwin's Show on August 3, 2011. Artist: Cracked Latin","[0.0, 0.0, 0.0, 0.0, 0.0, 1.0, 0.0, 0.0]",/content/gnn-bert-music-context/data/processed/graphs/052118.pt,/content/gnn-bert-music-context/data/processed/mels/052118.pt,6
52119,training,11630,/content/gnn-bert-music-context/data/raw/fma_small/052/052119.mp3,"Track: The Magic Words. Album: Live at WFMU on Irwin's Show on August 3, 2011. Artist: Cracked Latin","[0.0, 0.0, 0.0, 0.0, 0.0, 1.0, 0.0, 0.0]",/content/gnn-bert-music-context/data/processed/graphs/052119.pt,/content/gnn-bert-music-context/data/processed/mels/052119.pt,6
52120,training,11630,/content/gnn-bert-music-context/data/raw/fma_small/052/052120.mp3,"Track: Love Is Agony. Album: Live at WFMU on Irwin's Show on August 3, 2011. Artist: Cracked Latin","[0.0, 0.0, 0.0, 0.0, 0.0, 1.0, 0.0, 0.0]",/content/gnn-bert-music-context/data/processed/graphs/052120.pt,/content/gnn-bert-music-context/data/processed/mels/052120.pt,6
52121,training,11630,/content/gnn-bert-music-context/data/raw/fma_small/052/052121.mp3,"Track: Interview Segment 1. Album: Live at WFMU on Irwin's Show on August 3, 2011. Artist: Cracked Latin","[0.0, 0.0, 0.0, 0.0, 0.0, 1.0, 0.0, 0.0]",/content/gnn-bert-music-context/data/processed/graphs/052121.pt,/content/gnn-bert-music-context/data/processed/mels/052121.pt,6
52123,training,11630,/content/gnn-bert-music-context/data/raw/fma_small/052/052123.mp3,"Track: Caracas Shakedown. Album: Live at WFMU on Irwin's Show on August 3, 2011. Artist: Cracked Latin","[0.0, 0.0, 0.0, 0.0, 0.0, 1.0, 0.0, 0.0]",/content/gnn-bert-music-context/data/processed/graphs/052123.pt,/content/gnn-bert-music-context/data/processed/mels/052123.pt,6
52380,validation,9454,/content/gnn-bert-music-context/data/raw/fma_small/052/052380.mp3,Track: The Gorgeous. Album: Trash Queen. Artist: Phemale,"[0.0, 0.0, 0.0, 0.0, 0.0, 0.0, 1.0, 0.0]",/content/gnn-bert-music-context/data/processed/graphs/052380.pt,/content/gnn-bert-music-context/data/processed/mels/052380.pt,6
52389,validation,9454,/content/gnn-bert-music-context/data/raw/fma_small/052/052389.mp3,Track: Married to the Night. Album: Mold Donor. Artist: Phemale,"[0.0, 0.0, 0.0, 0.0, 0.0, 0.0, 1.0, 0.0]",/content/gnn-bert-music-context/data/processed/graphs/052389.pt,/content/gnn-bert-music-context/data/processed/mels/052389.pt,6
52449,training,11662,/content/gnn-bert-music-context/data/raw/fma_small/052/052449.mp3,Track: Expedition. Album: Sintel: Original Film Score. Artist: Jan Morgenstern,"[0.0, 0.0, 0.0, 0.0, 1.0, 0.0, 0.0, 0.0]",/content/gnn-bert-music-context/data/processed/graphs/052449.pt,/content/gnn-bert-music-context/data/processed/mels/052449.pt,6
52500,training,11668,/content/gnn-bert-music-context/data/raw/fma_small/052/052500.mp3,"Track: This Is Goodbye. Album: Live at WFMU on Irene Trudel's Show on August 15, 2011. Artist: Kalli","[0.0, 0.0, 1.0, 0.0, 0.0, 0.0, 0.0, 0.0]",/content/gnn-bert-music-context/data/processed/graphs/052500.pt,/content/gnn-bert-music-context/data/processed/mels/052500.pt,6
52644,training,11679,/content/gnn-bert-music-context/data/raw/fma_small/052/052644.mp3,"Track: Night Rave. Album: Audionautix: Tech, Urban, Dance. Artist: Jason Shaw","[1.0, 0.0, 0.0, 0.0, 0.0, 0.0, 0.0, 0.0]",/content/gnn-bert-music-context/data/processed/graphs/052644.pt,/content/gnn-bert-music-context/data/processed/mels/052644.pt,6
52647,training,11679,/content/gnn-bert-music-context/data/raw/fma_small/052/052647.mp3,"Track: Sk8board. Album: Audionautix: Tech, Urban, Dance. Artist: Jason Shaw","[1.0, 0.0, 0.0, 0.0, 0.0, 0.0, 0.0, 0.0]",/content/gnn-bert-music-context/data/processed/graphs/052647.pt,/content/gnn-bert-music-context/data/processed/mels/052647.pt,6
52860,training,4779,/content/gnn-bert-music-context/data/raw/fma_small/052/052860.mp3,Track: Autonomous Guitar Music For Marc Schulz. Album: Collected Works Of. Artist: Ilya Monosov,"[0.0, 1.0, 0.0, 0.0, 0.0, 0.0, 0.0, 0.0]",/content/gnn-bert-music-context/data/processed/graphs/052860.pt,/content/gnn-bert-music-context/data/processed/mels/052860.pt,6
53152,training,6543,/content/gnn-bert-music-context/data/raw/fma_small/053/053152.mp3,Track: Rudy Alba And The Trinity All Stars - Fix Up Yu Vibe. Album: Dub ² [LCL29]. Artist: Ras Amerlock,"[0.0, 0.0, 0.0, 0.0, 0.0, 1.0, 0.0, 0.0]",/content/gnn-bert-music-context/data/processed/graphs/053152.pt,/content/gnn-bert-music-context/data/processed/mels/053152.pt,6
53158,training,6543,/content/gnn-bert-music-context/data/raw/fma_small/053/053158.mp3,Track: Nuh Fuk Roun. Album: Dub ² [LCL29]. Artist: Ras Amerlock,"[0.0, 0.0, 0.0, 0.0, 0.0, 1.0, 0.0, 0.0]",/content/gnn-bert-music-context/data/processed/graphs/053158.pt,/content/gnn-bert-music-context/data/processed/mels/053158.pt,6
53159,training,6543,/content/gnn-bert-music-context/data/raw/fma_small/053/053159.mp3,Track: Spy VS Spy. Album: Dub ² [LCL29]. Artist: Ras Amerlock,"[0.0, 0.0, 0.0, 0.0, 0.0, 1.0, 0.0, 0.0]",/content/gnn-bert-music-context/data/processed/graphs/053159.pt,/content/gnn-bert-music-context/data/processed/mels/053159.pt,6
53299,training,5798,/content/gnn-bert-music-context/data/raw/fma_small/053/053299.mp3,Track: Dub For Alicia. Album: Remembrance Dubs. Artist: Mikuś,"[0.0, 0.0, 0.0, 0.0, 0.0, 1.0, 0.0, 0.0]",/content/gnn-bert-music-context/data/processed/graphs/053299.pt,/content/gnn-bert-music-context/data/processed/mels/053299.pt,6
54236,training,6877,/content/gnn-bert-music-context/data/raw/fma_small/054/054236.mp3,"Track: Thinking About You. Album: Live at WFMU on Gaylord Fields' Show September 4, 2011. Artist: Ivy","[0.0, 0.0, 0.0, 0.0, 0.0, 0.0, 1.0, 0.0]",/content/gnn-bert-music-context/data/processed/graphs/054236.pt,/content/gnn-bert-music-context/data/processed/mels/054236.pt,6
54376,training,11979,/content/gnn-bert-music-context/data/raw/fma_small/054/054376.mp3,Track: The Show Starts (Scratches By DJ Bobby Bob). Album: Diagnosis: Success. Artist: K. Sparks,"[0.0, 0.0, 0.0, 1.0, 0.0, 0.0, 0.0, 0.0]",/content/gnn-bert-music-context/data/processed/graphs/054376.pt,/content/gnn-bert-music-context/data/processed/mels/054376.pt,6
54438,training,11987,/content/gnn-bert-music-context/data/raw/fma_small/054/054438.mp3,"Track: The Beast Inside. Album: Dust Particles, Volume One. Artist: 303db","[0.0, 0.0, 0.0, 0.0, 0.0, 1.0, 0.0, 0.0]",/content/gnn-bert-music-context/data/processed/graphs/054438.pt,/content/gnn-bert-music-context/data/processed/mels/054438.pt,6
54443,training,9169,/content/gnn-bert-music-context/data/raw/fma_small/054/054443.mp3,"Track: Sunny Day (Vocal Version). Album: Dust Particles, Volume One. Artist: Mastermind XS","[0.0, 0.0, 0.0, 0.0, 0.0, 1.0, 0.0, 0.0]",/content/gnn-bert-music-context/data/processed/graphs/054443.pt,/content/gnn-bert-music-context/data/processed/mels/054443.pt,6
54467,validation,11989,/content/gnn-bert-music-context/data/raw/fma_small/054/054467.mp3,Track: Chacha Dub. Album: Dub Lab. Artist: DuBoLoGy,"[0.0, 0.0, 0.0, 0.0, 0.0, 1.0, 0.0, 0.0]",/content/gnn-bert-music-context/data/processed/graphs/054467.pt,/content/gnn-bert-music-context/data/processed/mels/054467.pt,6
54568,training,12004,/content/gnn-bert-music-context/data/raw/fma_small/054/054568.mp3,"Track: Mil Amores,  Santiago Huancayo. Album: Ulqutushuy3. Artist: Chicas Real Conquistadoras","[0.0, 0.0, 0.0, 0.0, 0.0, 1.0, 0.0, 0.0]",/content/gnn-bert-music-context/data/processed/graphs/054568.pt,/content/gnn-bert-music-context/data/processed/mels/054568.pt,6
54570,training,12005,/content/gnn-bert-music-context/data/raw/fma_small/054/054570.mp3,Track: Chotana. Album: Ulqutushuy3. Artist: cristales de san antonio bambamarca,"[0.0, 0.0, 0.0, 0.0, 0.0, 1.0, 0.0, 0.0]",/content/gnn-bert-music-context/data/processed/graphs/054570.pt,/content/gnn-bert-music-context/data/processed/mels/054570.pt,6
54621,training,12023,/content/gnn-bert-music-context/data/raw/fma_small/054/054621.mp3,Track: Crusade to Terra. Album: Cosmic Conspiracy. Artist: Starseed,"[0.0, 0.0, 0.0, 0.0, 0.0, 0.0, 0.0, 1.0]",/content/gnn-bert-music-context/data/processed/graphs/054621.pt,/content/gnn-bert-music-context/data/processed/mels/054621.pt,6
54624,training,12023,/content/gnn-bert-music-context/data/raw/fma_small/054/054624.mp3,Track: Grapes of Wrath. Album: Cosmic Conspiracy. Artist: Starseed,"[0.0, 0.0, 0.0, 0.0, 0.0, 0.0, 0.0, 1.0]",/content/gnn-bert-music-context/data/processed/graphs/054624.pt,/content/gnn-bert-music-context/data/processed/mels/054624.pt,6
55113,training,12085,/content/gnn-bert-music-context/data/raw/fma_small/055/055113.mp3,Track: Le magicien. Album: Le roé c'est moé. Artist: Alaclair Ensemble,"[0.0, 0.0, 0.0, 1.0, 0.0, 0.0, 0.0, 0.0]",/content/gnn-bert-music-context/data/processed/graphs/055113.pt,/content/gnn-bert-music-context/data/processed/mels/055113.pt,6
55123,training,12085,/content/gnn-bert-music-context/data/raw/fma_small/055/055123.mp3,Track: Gun gus gus (dimanche soare). Album: Le roé c'est moé. Artist: Alaclair Ensemble,"[0.0, 0.0, 0.0, 1.0, 0.0, 0.0, 0.0, 0.0]",/content/gnn-bert-music-context/data/processed/graphs/055123.pt,/content/gnn-bert-music-context/data/processed/mels/055123.pt,6
55287,training,9367,/content/gnn-bert-music-context/data/raw/fma_small/055/055287.mp3,Track: The best days of my life. Album: No Headphones Required. Artist: The Kyoto Connection,"[0.0, 0.0, 0.0, 0.0, 0.0, 0.0, 1.0, 0.0]",/content/gnn-bert-music-context/data/processed/graphs/055287.pt,/content/gnn-bert-music-context/data/processed/mels/055287.pt,6
56498,training,4035,/content/gnn-bert-music-context/data/raw/fma_small/056/056498.mp3,Track: World of Pain. Album: Mark It Zero. Artist: Opio,"[0.0, 0.0, 0.0, 1.0, 0.0, 0.0, 0.0, 0.0]",/content/gnn-bert-music-context/data/processed/graphs/056498.pt,/content/gnn-bert-music-context/data/processed/mels/056498.pt,6
56520,training,12272,/content/gnn-bert-music-context/data/raw/fma_small/056/056520.mp3,Track: Morning Sun. Album: Keep the Fire. Artist: Jenny Mayhem,"[0.0, 0.0, 1.0, 0.0, 0.0, 0.0, 0.0, 0.0]",/content/gnn-bert-music-context/data/processed/graphs/056520.pt,/content/gnn-bert-music-context/data/processed/mels/056520.pt,6
56523,test,12273,/content/gnn-bert-music-context/data/raw/fma_small/056/056523.mp3,Track: Sports Day. Album: 1+e. Artist: Kevin Bryce,"[1.0, 0.0, 0.0, 0.0, 0.0, 0.0, 0.0, 0.0]",/content/gnn-bert-music-context/data/processed/graphs/056523.pt,/content/gnn-bert-music-context/data/processed/mels/056523.pt,6
56646,training,12289,/content/gnn-bert-music-context/data/raw/fma_small/056/056646.mp3,"Track: Santa Claus is Coming to Town. Album: Live at WFMU on Three Chord Monte with Joe Belock November 10, 2011. Artist: Jackie & The Cedrics","[0.0, 0.0, 0.0, 0.0, 0.0, 0.0, 0.0, 1.0]",/content/gnn-bert-music-context/data/processed/graphs/056646.pt,/content/gnn-bert-music-context/data/processed/mels/056646.pt,6
56648,training,12289,/content/gnn-bert-music-context/data/raw/fma_small/056/056648.mp3,"Track: Chattanooga Choo Choo Train. Album: Live at WFMU on Three Chord Monte with Joe Belock November 10, 2011. Artist: Jackie & The Cedrics","[0.0, 0.0, 0.0, 0.0, 0.0, 0.0, 0.0, 1.0]",/content/gnn-bert-music-context/data/processed/graphs/056648.pt,/content/gnn-bert-music-context/data/processed/mels/056648.pt,6
56694,training,12294,/content/gnn-bert-music-context/data/raw/fma_small/056/056694.mp3,Track: Well DuB. Album: Corty Meets.... Artist: Corty,"[0.0, 0.0, 0.0, 0.0, 0.0, 1.0, 0.0, 0.0]",/content/gnn-bert-music-context/data/processed/graphs/056694.pt,/content/gnn-bert-music-context/data/processed/mels/056694.pt,6
56795,training,7168,/content/gnn-bert-music-context/data/raw/fma_small/056/056795.mp3,Track: Happiness Is. Album: Egress. Artist: Podington Bear,"[1.0, 0.0, 0.0, 0.0, 0.0, 0.0, 0.0, 0.0]",/content/gnn-bert-music-context/data/processed/graphs/056795.pt,/content/gnn-bert-music-context/data/processed/mels/056795.pt,6
56803,training,7168,/content/gnn-bert-music-context/data/raw/fma_small/056/056803.mp3,Track: Operatives. Album: Egress. Artist: Podington Bear,"[1.0, 0.0, 0.0, 0.0, 0.0, 0.0, 0.0, 0.0]",/content/gnn-bert-music-context/data/processed/graphs/056803.pt,/content/gnn-bert-music-context/data/processed/mels/056803.pt,6
57178,training,10406,/content/gnn-bert-music-context/data/raw/fma_small/057/057178.mp3,"Track: NO (Midi #2: Camille/""Modern Music Mix""). Album: NO (Midi Version) + midi file & vocal track. Artist: Skeletons","[0.0, 0.0, 0.0, 0.0, 0.0, 0.0, 1.0, 0.0]",/content/gnn-bert-music-context/data/processed/graphs/057178.pt,/content/gnn-bert-music-context/data/processed/mels/057178.pt,6
57500,training,12476,/content/gnn-bert-music-context/data/raw/fma_small/057/057500.mp3,Track: Girl. Album: Live at WFMU on Terre T's Cherry Blossom Clinic. Artist: Barreracudas,"[0.0, 0.0, 0.0, 0.0, 0.0, 0.0, 0.0, 1.0]",/content/gnn-bert-music-context/data/processed/graphs/057500.pt,/content/gnn-bert-music-context/data/processed/mels/057500.pt,6
57630,training,6234,/content/gnn-bert-music-context/data/raw/fma_small/057/057630.mp3,Track: Almost Alright. Album: Live at WFMU with Liz Berg September 12 2011. Artist: Noveller,"[0.0, 1.0, 0.0, 0.0, 0.0, 0.0, 0.0, 0.0]",/content/gnn-bert-music-context/data/processed/graphs/057630.pt,/content/gnn-bert-music-context/data/processed/mels/057630.pt,6
57639,training,12495,/content/gnn-bert-music-context/data/raw/fma_small/057/057639.mp3,Track: Rattle the Windows. Album: Live at WFMU with Irene Trudel December 12 2011. Artist: Melaena Cadiz,"[0.0, 0.0, 1.0, 0.0, 0.0, 0.0, 0.0, 0.0]",/content/gnn-bert-music-context/data/processed/graphs/057639.pt,/content/gnn-bert-music-context/data/processed/mels/057639.pt,6
57665,training,12499,/content/gnn-bert-music-context/data/raw/fma_small/057/057665.mp3,Track: Don't Wanna Lie. Album: Raw Music International: Kisumu Mixtape. Artist: The Conscious Youths,"[0.0, 0.0, 0.0, 0.0, 0.0, 1.0, 0.0, 0.0]",/content/gnn-bert-music-context/data/processed/graphs/057665.pt,/content/gnn-bert-music-context/data/processed/mels/057665.pt,6
57891,validation,12277,/content/gnn-bert-music-context/data/raw/fma_small/057/057891.mp3,Track: Maybe I'm Hell. Album: Volume 2. Artist: Krebs,"[0.0, 0.0, 0.0, 0.0, 0.0, 0.0, 0.0, 1.0]",/content/gnn-bert-music-context/data/processed/graphs/057891.pt,/content/gnn-bert-music-context/data/processed/mels/057891.pt,6
57936,training,12570,/content/gnn-bert-music-context/data/raw/fma_small/057/057936.mp3,Track: We Three Kings. Album: An Album for Christ. Artist: R.Tists for Christmas,"[0.0, 1.0, 0.0, 0.0, 0.0, 0.0, 0.0, 0.0]",/content/gnn-bert-music-context/data/processed/graphs/057936.pt,/content/gnn-bert-music-context/data/processed/mels/057936.pt,6
58135,training,8810,/content/gnn-bert-music-context/data/raw/fma_small/058/058135.mp3,Track: Feelin' Down. Album: Clean Your Clock. Artist: John Bellows,"[0.0, 0.0, 1.0, 0.0, 0.0, 0.0, 0.0, 0.0]",/content/gnn-bert-music-context/data/processed/graphs/058135.pt,/content/gnn-bert-music-context/data/processed/mels/058135.pt,6
58162,training,11383,/content/gnn-bert-music-context/data/raw/fma_small/058/058162.mp3,Track: CHICKEN OVERTURE. Album: Arab Justice. Artist: Elvis Herod,"[0.0, 0.0, 0.0, 0.0, 0.0, 0.0, 1.0, 0.0]",/content/gnn-bert-music-context/data/processed/graphs/058162.pt,/content/gnn-bert-music-context/data/processed/mels/058162.pt,6
58341,training,12632,/content/gnn-bert-music-context/data/raw/fma_small/058/058341.mp3,Track: Oh Wee. Album: FrostWire Creative Commons Mixtape 2 Side B. Artist: Immortal Beats,"[1.0, 0.0, 0.0, 0.0, 0.0, 0.0, 0.0, 0.0]",/content/gnn-bert-music-context/data/processed/graphs/058341.pt,/content/gnn-bert-music-context/data/processed/mels/058341.pt,6
59448,validation,9454,/content/gnn-bert-music-context/data/raw/fma_small/059/059448.mp3,Track: Tongue. Album: A Grounded Mound/ Widespread Telepathy. Artist: Phemale,"[0.0, 0.0, 0.0, 0.0, 0.0, 0.0, 1.0, 0.0]",/content/gnn-bert-music-context/data/processed/graphs/059448.pt,/content/gnn-bert-music-context/data/processed/mels/059448.pt,6
59681,training,12853,/content/gnn-bert-music-context/data/raw/fma_small/059/059681.mp3,"Track: Esches Chayil. Album: Isra-Alien Band Live at the Golden Festival Atrium Stage, Jan 14 2012. Artist: Isra-Alien Band","[0.0, 0.0, 0.0, 0.0, 0.0, 1.0, 0.0, 0.0]",/content/gnn-bert-music-context/data/processed/graphs/059681.pt,/content/gnn-bert-music-context/data/processed/mels/059681.pt,6
60038,training,9348,/content/gnn-bert-music-context/data/raw/fma_small/060/060038.mp3,Track: Tié ba té djigui. Album: Soleil d'hiver. Artist: Lessazo,"[0.0, 0.0, 0.0, 0.0, 0.0, 1.0, 0.0, 0.0]",/content/gnn-bert-music-context/data/processed/graphs/060038.pt,/content/gnn-bert-music-context/data/processed/mels/060038.pt,6
60048,training,9348,/content/gnn-bert-music-context/data/raw/fma_small/060/060048.mp3,Track: Chérie la Kro. Album: Soleil d'hiver. Artist: Lessazo,"[0.0, 0.0, 0.0, 0.0, 0.0, 1.0, 0.0, 0.0]",/content/gnn-bert-music-context/data/processed/graphs/060048.pt,/content/gnn-bert-music-context/data/processed/mels/060048.pt,6
60143,training,12911,/content/gnn-bert-music-context/data/raw/fma_small/060/060143.mp3,Track: Momche. Album: Vlada Tomova live at the Golden Festival Rainbow Room Jan 14th 2012. Artist: Vlada Tomova's Balkan Tales,"[0.0, 0.0, 0.0, 0.0, 0.0, 1.0, 0.0, 0.0]",/content/gnn-bert-music-context/data/processed/graphs/060143.pt,/content/gnn-bert-music-context/data/processed/mels/060143.pt,6
60317,training,5147,/content/gnn-bert-music-context/data/raw/fma_small/060/060317.mp3,Track: Horror Storm. Album: We Want War tour cdr. Artist: Chuck Bettis,"[0.0, 1.0, 0.0, 0.0, 0.0, 0.0, 0.0, 0.0]",/content/gnn-bert-music-context/data/processed/graphs/060317.pt,/content/gnn-bert-music-context/data/processed/mels/060317.pt,6
60331,validation,12950,/content/gnn-bert-music-context/data/raw/fma_small/060/060331.mp3,Track: Thank You Beyoncé. Album: Dielectric Lull. Artist: Leslie Keffer,"[0.0, 1.0, 0.0, 0.0, 0.0, 0.0, 0.0, 0.0]",/content/gnn-bert-music-context/data/processed/graphs/060331.pt,/content/gnn-bert-music-context/data/processed/mels/060331.pt,6
60474,training,12966,/content/gnn-bert-music-context/data/raw/fma_small/060/060474.mp3,Track: Nick The Stick. Album: netBloc Vol. 36: Get Dusted (Illness From The Dusted Wax Stacks). Artist: Citizen Crane,"[0.0, 0.0, 0.0, 1.0, 0.0, 0.0, 0.0, 0.0]",/content/gnn-bert-music-context/data/processed/graphs/060474.pt,/content/gnn-bert-music-context/data/processed/mels/060474.pt,6
60871,test,10174,/content/gnn-bert-music-context/data/raw/fma_small/060/060871.mp3,Track: Avante Me Fante. Album: Live at the 2012 Golden Festival Main Stage. Artist: Eastern Watershed Klezmer Quartet,"[0.0, 0.0, 0.0, 0.0, 0.0, 1.0, 0.0, 0.0]",/content/gnn-bert-music-context/data/processed/graphs/060871.pt,/content/gnn-bert-music-context/data/processed/mels/060871.pt,6
60875,test,10174,/content/gnn-bert-music-context/data/raw/fma_small/060/060875.mp3,Track: Piece de Tarita. Album: Live at the 2012 Golden Festival Main Stage. Artist: Eastern Watershed Klezmer Quartet,"[0.0, 0.0, 0.0, 0.0, 0.0, 1.0, 0.0, 0.0]",/content/gnn-bert-music-context/data/processed/graphs/060875.pt,/content/gnn-bert-music-context/data/processed/mels/060875.pt,6
61006,training,12347,/content/gnn-bert-music-context/data/raw/fma_small/061/061006.mp3,"Track: Week One. Album: Instrumental Quaalude, vol. 1. Artist: Ben von Wildenhaus","[0.0, 0.0, 1.0, 0.0, 0.0, 0.0, 0.0, 0.0]",/content/gnn-bert-music-context/data/processed/graphs/061006.pt,/content/gnn-bert-music-context/data/processed/mels/061006.pt,6
61589,training,129,/content/gnn-bert-music-context/data/raw/fma_small/061/061589.mp3,Track: Lord of the Dance Arrives. Album: Music For Your Party. Artist: Ergo Phizmiz,"[0.0, 0.0, 0.0, 0.0, 0.0, 0.0, 1.0, 0.0]",/content/gnn-bert-music-context/data/processed/graphs/061589.pt,/content/gnn-bert-music-context/data/processed/mels/061589.pt,6
61679,training,13141,/content/gnn-bert-music-context/data/raw/fma_small/061/061679.mp3,Track: Frågan. Album: netBloc Vol. 37: FIVE. Artist: Duellen,"[0.0, 0.0, 0.0, 0.0, 0.0, 0.0, 1.0, 0.0]",/content/gnn-bert-music-context/data/processed/graphs/061679.pt,/content/gnn-bert-music-context/data/processed/mels/061679.pt,6
62001,training,9814,/content/gnn-bert-music-context/data/raw/fma_small/062/062001.mp3,Track: Stand. Album: Stand. Artist: mGee,"[0.0, 0.0, 0.0, 1.0, 0.0, 0.0, 0.0, 0.0]",/content/gnn-bert-music-context/data/processed/graphs/062001.pt,/content/gnn-bert-music-context/data/processed/mels/062001.pt,6
62187,training,13218,/content/gnn-bert-music-context/data/raw/fma_small/062/062187.mp3,Track: Mignoncité. Album: Pas de tigre en afrique ?. Artist: Guy Watson -,"[0.0, 0.0, 0.0, 0.0, 0.0, 1.0, 0.0, 0.0]",/content/gnn-bert-music-context/data/processed/graphs/062187.pt,/content/gnn-bert-music-context/data/processed/mels/062187.pt,6
62190,training,13221,/content/gnn-bert-music-context/data/raw/fma_small/062/062190.mp3,"Track: DECEPTION   (Je frotte et je cogne). Album: Pas de tigre en afrique ?. Artist: LETIS DIVA,","[0.0, 0.0, 0.0, 0.0, 0.0, 1.0, 0.0, 0.0]",/content/gnn-bert-music-context/data/processed/graphs/062190.pt,/content/gnn-bert-music-context/data/processed/mels/062190.pt,6
62191,training,13222,/content/gnn-bert-music-context/data/raw/fma_small/062/062191.mp3,Track: Go digitale. Album: Pas de tigre en afrique ?. Artist: Divans,"[0.0, 0.0, 0.0, 0.0, 0.0, 1.0, 0.0, 0.0]",/content/gnn-bert-music-context/data/processed/graphs/062191.pt,/content/gnn-bert-music-context/data/processed/mels/062191.pt,6
62194,training,13225,/content/gnn-bert-music-context/data/raw/fma_small/062/062194.mp3,Track: Les Ennemis de mes amis. Album: Pas de tigre en afrique ?. Artist: Tonton Ebogo,"[0.0, 0.0, 0.0, 0.0, 0.0, 1.0, 0.0, 0.0]",/content/gnn-bert-music-context/data/processed/graphs/062194.pt,/content/gnn-bert-music-context/data/processed/mels/062194.pt,6
62449,training,13262,/content/gnn-bert-music-context/data/raw/fma_small/062/062449.mp3,Track: Maybe. Album: Comic. Artist: Jahzzar,"[0.0, 0.0, 0.0, 0.0, 0.0, 0.0, 1.0, 0.0]",/content/gnn-bert-music-context/data/processed/graphs/062449.pt,/content/gnn-bert-music-context/data/processed/mels/062449.pt,6
62458,training,13262,/content/gnn-bert-music-context/data/raw/fma_small/062/062458.mp3,Track: Out of School. Album: Traveller's Guide. Artist: Jahzzar,"[0.0, 0.0, 0.0, 0.0, 0.0, 0.0, 0.0, 1.0]",/content/gnn-bert-music-context/data/processed/graphs/062458.pt,/content/gnn-bert-music-context/data/processed/mels/062458.pt,6
62526,training,9160,/content/gnn-bert-music-context/data/raw/fma_small/062/062526.mp3,Track: Gladiator. Album: Live at Pacific Parc. Artist: Tommy Tornado,"[0.0, 0.0, 0.0, 0.0, 0.0, 1.0, 0.0, 0.0]",/content/gnn-bert-music-context/data/processed/graphs/062526.pt,/content/gnn-bert-music-context/data/processed/mels/062526.pt,6
62528,training,9160,/content/gnn-bert-music-context/data/raw/fma_small/062/062528.mp3,Track: Ruff Tuff. Album: Live at Pacific Parc. Artist: Tommy Tornado,"[0.0, 0.0, 0.0, 0.0, 0.0, 1.0, 0.0, 0.0]",/content/gnn-bert-music-context/data/processed/graphs/062528.pt,/content/gnn-bert-music-context/data/processed/mels/062528.pt,6
62533,training,9160,/content/gnn-bert-music-context/data/raw/fma_small/062/062533.mp3,Track: Tight Spot/Rough Style feat. Osagyefo. Album: Live at Pacific Parc. Artist: Tommy Tornado,"[0.0, 0.0, 0.0, 0.0, 0.0, 1.0, 0.0, 0.0]",/content/gnn-bert-music-context/data/processed/graphs/062533.pt,/content/gnn-bert-music-context/data/processed/mels/062533.pt,6
62534,training,9160,/content/gnn-bert-music-context/data/raw/fma_small/062/062534.mp3,Track: Closing. Album: Live at Pacific Parc. Artist: Tommy Tornado,"[0.0, 0.0, 0.0, 0.0, 0.0, 1.0, 0.0, 0.0]",/content/gnn-bert-music-context/data/processed/graphs/062534.pt,/content/gnn-bert-music-context/data/processed/mels/062534.pt,6
62655,training,13279,/content/gnn-bert-music-context/data/raw/fma_small/062/062655.mp3,Track: Route 13. Album: Smoke and Mirrors. Artist: Pitchman,"[0.0, 0.0, 0.0, 0.0, 0.0, 0.0, 0.0, 1.0]",/content/gnn-bert-music-context/data/processed/graphs/062655.pt,/content/gnn-bert-music-context/data/processed/mels/062655.pt,6
63159,test,10,/content/gnn-bert-music-context/data/raw/fma_small/063/063159.mp3,Track: 15. Album: Relax in a Hurry. Artist: Lucky Dragons,"[0.0, 1.0, 0.0, 0.0, 0.0, 0.0, 0.0, 0.0]",/content/gnn-bert-music-context/data/processed/graphs/063159.pt,/content/gnn-bert-music-context/data/processed/mels/063159.pt,6
63226,training,8706,/content/gnn-bert-music-context/data/raw/fma_small/063/063226.mp3,Track: You Make You Feel. Album: Elephants at the Door. Artist: Dumbo Gets Mad,"[0.0, 0.0, 0.0, 0.0, 0.0, 0.0, 1.0, 0.0]",/content/gnn-bert-music-context/data/processed/graphs/063226.pt,/content/gnn-bert-music-context/data/processed/mels/063226.pt,6
63251,test,77,/content/gnn-bert-music-context/data/raw/fma_small/063/063251.mp3,Track: Mark the Spot Spot. Album: Old Time Primitives. Artist: Big Blood,"[0.0, 0.0, 1.0, 0.0, 0.0, 0.0, 0.0, 0.0]",/content/gnn-bert-music-context/data/processed/graphs/063251.pt,/content/gnn-bert-music-context/data/processed/mels/063251.pt,6
63471,training,13017,/content/gnn-bert-music-context/data/raw/fma_small/063/063471.mp3,"Track: Goliath. Album: Live at WFMU on Imaginary Radio February 12, 2012. Artist: Mutilation Rites","[0.0, 0.0, 0.0, 0.0, 0.0, 0.0, 0.0, 1.0]",/content/gnn-bert-music-context/data/processed/graphs/063471.pt,/content/gnn-bert-music-context/data/processed/mels/063471.pt,6
63747,training,7473,/content/gnn-bert-music-context/data/raw/fma_small/063/063747.mp3,Track: 8bit Five (ft. J6). Album: Pack -A- Clones (Evil). Artist: Cullah,"[0.0, 0.0, 0.0, 1.0, 0.0, 0.0, 0.0, 0.0]",/content/gnn-bert-music-context/data/processed/graphs/063747.pt,/content/gnn-bert-music-context/data/processed/mels/063747.pt,6
63908,training,3139,/content/gnn-bert-music-context/data/raw/fma_small/063/063908.mp3,Track: Death By Hangover. Album: AfterThought. Artist: Tab,"[0.0, 0.0, 0.0, 1.0, 0.0, 0.0, 0.0, 0.0]",/content/gnn-bert-music-context/data/processed/graphs/063908.pt,/content/gnn-bert-music-context/data/processed/mels/063908.pt,6
63936,training,13405,/content/gnn-bert-music-context/data/raw/fma_small/063/063936.mp3,Track: Angry People. Album: Unshellfish. Artist: Snail Bob,"[0.0, 1.0, 0.0, 0.0, 0.0, 0.0, 0.0, 0.0]",/content/gnn-bert-music-context/data/processed/graphs/063936.pt,/content/gnn-bert-music-context/data/processed/mels/063936.pt,6
63999,training,8375,/content/gnn-bert-music-context/data/raw/fma_small/063/063999.mp3,Track: Brute. Album: My Giraffes. Artist: Gosprom,"[0.0, 0.0, 0.0, 0.0, 0.0, 0.0, 1.0, 0.0]",/content/gnn-bert-music-context/data/processed/graphs/063999.pt,/content/gnn-bert-music-context/data/processed/mels/063999.pt,6
64005,training,8375,/content/gnn-bert-music-context/data/raw/fma_small/064/064005.mp3,Track: Giraffes. Album: My Giraffes. Artist: Gosprom,"[0.0, 0.0, 0.0, 0.0, 0.0, 0.0, 1.0, 0.0]",/content/gnn-bert-music-context/data/processed/graphs/064005.pt,/content/gnn-bert-music-context/data/processed/mels/064005.pt,6
64331,training,6104,/content/gnn-bert-music-context/data/raw/fma_small/064/064331.mp3,Track: Promo Mix Vocal Edit (Luv Dub Mix). Album: Can't Unfeel the Rhythm EP (Commerciale '94 Megamix). Artist: Pierlo,"[1.0, 0.0, 0.0, 0.0, 0.0, 0.0, 0.0, 0.0]",/content/gnn-bert-music-context/data/processed/graphs/064331.pt,/content/gnn-bert-music-context/data/processed/mels/064331.pt,6
64409,training,13455,/content/gnn-bert-music-context/data/raw/fma_small/064/064409.mp3,Track: Melodica Time (Remix). Album: Melodica Time. Artist: Injham,"[0.0, 0.0, 0.0, 0.0, 0.0, 1.0, 0.0, 0.0]",/content/gnn-bert-music-context/data/processed/graphs/064409.pt,/content/gnn-bert-music-context/data/processed/mels/064409.pt,6
64519,validation,13476,/content/gnn-bert-music-context/data/raw/fma_small/064/064519.mp3,Track: Quality Control. Album: The Heavy Links EP. Artist: Heavy Links,"[0.0, 0.0, 0.0, 1.0, 0.0, 0.0, 0.0, 0.0]",/content/gnn-bert-music-context/data/processed/graphs/064519.pt,/content/gnn-bert-music-context/data/processed/mels/064519.pt,6
64542,training,13478,/content/gnn-bert-music-context/data/raw/fma_small/064/064542.mp3,Track: Chapter Ending. Album: Subconscious. Artist: Jed Rabid,"[1.0, 0.0, 0.0, 0.0, 0.0, 0.0, 0.0, 0.0]",/content/gnn-bert-music-context/data/processed/graphs/064542.pt,/content/gnn-bert-music-context/data/processed/mels/064542.pt,6
64556,training,13479,/content/gnn-bert-music-context/data/raw/fma_small/064/064556.mp3,Track: Birthquake. Album: Conch. Artist: Wellington Boot,"[0.0, 0.0, 1.0, 0.0, 0.0, 0.0, 0.0, 0.0]",/content/gnn-bert-music-context/data/processed/graphs/064556.pt,/content/gnn-bert-music-context/data/processed/mels/064556.pt,6
64590,validation,13489,/content/gnn-bert-music-context/data/raw/fma_small/064/064590.mp3,Track: Vamos A Tocar Sonero. Album: En Beta 0.1. Artist: Frank Guerrero y Su Grupo Aché,"[0.0, 0.0, 0.0, 0.0, 0.0, 1.0, 0.0, 0.0]",/content/gnn-bert-music-context/data/processed/graphs/064590.pt,/content/gnn-bert-music-context/data/processed/mels/064590.pt,6
64601,training,13466,/content/gnn-bert-music-context/data/raw/fma_small/064/064601.mp3,Track: Start Running. Album: Summer Gut String. Artist: Buildings and Mountains,"[0.0, 1.0, 0.0, 0.0, 0.0, 0.0, 0.0, 0.0]",/content/gnn-bert-music-context/data/processed/graphs/064601.pt,/content/gnn-bert-music-context/data/processed/mels/064601.pt,6
64631,validation,13493,/content/gnn-bert-music-context/data/raw/fma_small/064/064631.mp3,"Track: Flava. Album: Heavy, Crazy, Serious. Artist: Blank & Kytt","[0.0, 0.0, 0.0, 1.0, 0.0, 0.0, 0.0, 0.0]",/content/gnn-bert-music-context/data/processed/graphs/064631.pt,/content/gnn-bert-music-context/data/processed/mels/064631.pt,6
64856,training,13391,/content/gnn-bert-music-context/data/raw/fma_small/064/064856.mp3,Track: Cloud Fight 2. Album: Musique Concrète for Beginners. Artist: Monroeville Music Center,"[0.0, 1.0, 0.0, 0.0, 0.0, 0.0, 0.0, 0.0]",/content/gnn-bert-music-context/data/processed/graphs/064856.pt,/content/gnn-bert-music-context/data/processed/mels/064856.pt,6
64866,training,13391,/content/gnn-bert-music-context/data/raw/fma_small/064/064866.mp3,"Track: Á Minuit, le 31 Décembre. Album: Le Progrès. Artist: Monroeville Music Center","[0.0, 1.0, 0.0, 0.0, 0.0, 0.0, 0.0, 0.0]",/content/gnn-bert-music-context/data/processed/graphs/064866.pt,/content/gnn-bert-music-context/data/processed/mels/064866.pt,6
64895,training,13524,/content/gnn-bert-music-context/data/raw/fma_small/064/064895.mp3,Track: side a. Album: 9.21.11. Artist: Andris Balins,"[0.0, 1.0, 0.0, 0.0, 0.0, 0.0, 0.0, 0.0]",/content/gnn-bert-music-context/data/processed/graphs/064895.pt,/content/gnn-bert-music-context/data/processed/mels/064895.pt,6
65063,training,9573,/content/gnn-bert-music-context/data/raw/fma_small/065/065063.mp3,Track: Kicks. Album: Kicks / Moves. Artist: Sycamore Drive,"[1.0, 0.0, 0.0, 0.0, 0.0, 0.0, 0.0, 0.0]",/content/gnn-bert-music-context/data/processed/graphs/065063.pt,/content/gnn-bert-music-context/data/processed/mels/065063.pt,6
65745,validation,13729,/content/gnn-bert-music-context/data/raw/fma_small/065/065745.mp3,Track: Everpresent Future. Album: netBloc Vol. 38: Sojourn In A Sonic Odyssey. Artist: Super Galactic Expansive,"[0.0, 0.0, 0.0, 1.0, 0.0, 0.0, 0.0, 0.0]",/content/gnn-bert-music-context/data/processed/graphs/065745.pt,/content/gnn-bert-music-context/data/processed/mels/065745.pt,6
65777,test,13720,/content/gnn-bert-music-context/data/raw/fma_small/065/065777.mp3,Track: Sun Rice. Album: Intro. Artist: Adubter,"[1.0, 0.0, 0.0, 0.0, 0.0, 0.0, 0.0, 0.0]",/content/gnn-bert-music-context/data/processed/graphs/065777.pt,/content/gnn-bert-music-context/data/processed/mels/065777.pt,6
65893,training,13753,/content/gnn-bert-music-context/data/raw/fma_small/065/065893.mp3,Track: Sleeping Beauty. Album: Bush of Thorns. Artist: Fast Freddie Fourier and the Transforms,"[0.0, 0.0, 1.0, 0.0, 0.0, 0.0, 0.0, 0.0]",/content/gnn-bert-music-context/data/processed/graphs/065893.pt,/content/gnn-bert-music-context/data/processed/mels/065893.pt,6
66187,training,9765,/content/gnn-bert-music-context/data/raw/fma_small/066/066187.mp3,Track: Tragic. Album: Life Unfolds. Artist: Derek Clegg,"[0.0, 0.0, 1.0, 0.0, 0.0, 0.0, 0.0, 0.0]",/content/gnn-bert-music-context/data/processed/graphs/066187.pt,/content/gnn-bert-music-context/data/processed/mels/066187.pt,6
66483,training,8367,/content/gnn-bert-music-context/data/raw/fma_small/066/066483.mp3,Track: Roast Lettuce and the Glass Babies. Album: Flywheel Imp. Artist: Qkcofse,"[0.0, 1.0, 0.0, 0.0, 0.0, 0.0, 0.0, 0.0]",/content/gnn-bert-music-context/data/processed/graphs/066483.pt,/content/gnn-bert-music-context/data/processed/mels/066483.pt,6
66648,training,13890,/content/gnn-bert-music-context/data/raw/fma_small/066/066648.mp3,Track: Jungle. Album: Live at WFMU on Beastin the Airwaves June 3rd 2012. Artist: The Suzan,"[0.0, 0.0, 0.0, 0.0, 0.0, 0.0, 1.0, 0.0]",/content/gnn-bert-music-context/data/processed/graphs/066648.pt,/content/gnn-bert-music-context/data/processed/mels/066648.pt,6
66783,validation,13910,/content/gnn-bert-music-context/data/raw/fma_small/066/066783.mp3,Track: Candy City. Album: Live at WFMU on Minor Music June 11th 2012. Artist: Supercute,"[0.0, 0.0, 0.0, 0.0, 0.0, 0.0, 1.0, 0.0]",/content/gnn-bert-music-context/data/processed/graphs/066783.pt,/content/gnn-bert-music-context/data/processed/mels/066783.pt,6
67232,training,11677,/content/gnn-bert-music-context/data/raw/fma_small/067/067232.mp3,Track: Broad Street Boogie (Instrumental). Album: Broad Street Boogie B/W Love Me/Hate Me. Artist: The Honorable Sleaze,"[0.0, 0.0, 0.0, 1.0, 0.0, 0.0, 0.0, 0.0]",/content/gnn-bert-music-context/data/processed/graphs/067232.pt,/content/gnn-bert-music-context/data/processed/mels/067232.pt,6
67331,test,13985,/content/gnn-bert-music-context/data/raw/fma_small/067/067331.mp3,Track: Diver. Album: Archipelago. Artist: Drama for Yamaha,"[0.0, 0.0, 0.0, 0.0, 0.0, 0.0, 1.0, 0.0]",/content/gnn-bert-music-context/data/processed/graphs/067331.pt,/content/gnn-bert-music-context/data/processed/mels/067331.pt,6
67334,test,13985,/content/gnn-bert-music-context/data/raw/fma_small/067/067334.mp3,Track: Spears. Album: Archipelago. Artist: Drama for Yamaha,"[0.0, 0.0, 0.0, 0.0, 0.0, 0.0, 1.0, 0.0]",/content/gnn-bert-music-context/data/processed/graphs/067334.pt,/content/gnn-bert-music-context/data/processed/mels/067334.pt,6
67336,test,13985,/content/gnn-bert-music-context/data/raw/fma_small/067/067336.mp3,Track: Waterflies. Album: Archipelago. Artist: Drama for Yamaha,"[0.0, 0.0, 0.0, 0.0, 0.0, 0.0, 1.0, 0.0]",/content/gnn-bert-music-context/data/processed/graphs/067336.pt,/content/gnn-bert-music-context/data/processed/mels/067336.pt,6
67357,training,13757,/content/gnn-bert-music-context/data/raw/fma_small/067/067357.mp3,"Track: 50 Gallon Drum. Album: A Fifty Gallon Drum of Savage Customs, Fresh Flesh and Random Pop. Artist: Pompey","[0.0, 0.0, 0.0, 0.0, 0.0, 0.0, 1.0, 0.0]",/content/gnn-bert-music-context/data/processed/graphs/067357.pt,/content/gnn-bert-music-context/data/processed/mels/067357.pt,6
67558,training,14024,/content/gnn-bert-music-context/data/raw/fma_small/067/067558.mp3,Track: Slow Motion. Album: Live at WFMU on Minor Music June 25th 2012. Artist: The Jacobins,"[0.0, 0.0, 0.0, 0.0, 0.0, 0.0, 0.0, 1.0]",/content/gnn-bert-music-context/data/processed/graphs/067558.pt,/content/gnn-bert-music-context/data/processed/mels/067558.pt,6
67640,training,14047,/content/gnn-bert-music-context/data/raw/fma_small/067/067640.mp3,Track: Nightmare. Album: In Darkness. Artist: DZZ,"[1.0, 0.0, 0.0, 0.0, 0.0, 0.0, 0.0, 0.0]",/content/gnn-bert-music-context/data/processed/graphs/067640.pt,/content/gnn-bert-music-context/data/processed/mels/067640.pt,6
67763,training,2312,/content/gnn-bert-music-context/data/raw/fma_small/067/067763.mp3,Track: The Land Turned Over. Album: Live at WFMU on Shrunken Planet with Jeffrey Davison July 7th 2012. Artist: Meg Baird,"[0.0, 0.0, 1.0, 0.0, 0.0, 0.0, 0.0, 0.0]",/content/gnn-bert-music-context/data/processed/graphs/067763.pt,/content/gnn-bert-music-context/data/processed/mels/067763.pt,6
67765,training,2312,/content/gnn-bert-music-context/data/raw/fma_small/067/067765.mp3,Track: Stars Climb Up the Vine. Album: Live at WFMU on Shrunken Planet with Jeffrey Davison July 7th 2012. Artist: Meg Baird,"[0.0, 0.0, 1.0, 0.0, 0.0, 0.0, 0.0, 0.0]",/content/gnn-bert-music-context/data/processed/graphs/067765.pt,/content/gnn-bert-music-context/data/processed/mels/067765.pt,6
68536,test,14123,/content/gnn-bert-music-context/data/raw/fma_small/068/068536.mp3,"Track: Ambience Brooklyn Zoo Cafeteria, NYC. Album: Walla Walla Walla. Artist: andybrannan","[0.0, 1.0, 0.0, 0.0, 0.0, 0.0, 0.0, 0.0]",/content/gnn-bert-music-context/data/processed/graphs/068536.pt,/content/gnn-bert-music-context/data/processed/mels/068536.pt,6
68579,training,14137,/content/gnn-bert-music-context/data/raw/fma_small/068/068579.mp3,"Track: Train Station Lobby Ambience with a PA Announcer, Belgrade, Serbia. Album: Walla Walla Walla. Artist: Tomlija","[0.0, 1.0, 0.0, 0.0, 0.0, 0.0, 0.0, 0.0]",/content/gnn-bert-music-context/data/processed/graphs/068579.pt,/content/gnn-bert-music-context/data/processed/mels/068579.pt,6
68582,test,13492,/content/gnn-bert-music-context/data/raw/fma_small/068/068582.mp3,Track: In The Streets. Album: Night Drops. Artist: Indian Wells,"[1.0, 0.0, 0.0, 0.0, 0.0, 0.0, 0.0, 0.0]",/content/gnn-bert-music-context/data/processed/graphs/068582.pt,/content/gnn-bert-music-context/data/processed/mels/068582.pt,6
68600,training,8732,/content/gnn-bert-music-context/data/raw/fma_small/068/068600.mp3,Track: Christmas is for Faggots. Album: Rap Trax 3. Artist: The Hate Noise,"[0.0, 0.0, 0.0, 1.0, 0.0, 0.0, 0.0, 0.0]",/content/gnn-bert-music-context/data/processed/graphs/068600.pt,/content/gnn-bert-music-context/data/processed/mels/068600.pt,6
68837,training,14026,/content/gnn-bert-music-context/data/raw/fma_small/068/068837.mp3,Track: The False Bride. Album: Early 70s. Artist: Howie Mitchell,"[0.0, 0.0, 1.0, 0.0, 0.0, 0.0, 0.0, 0.0]",/content/gnn-bert-music-context/data/processed/graphs/068837.pt,/content/gnn-bert-music-context/data/processed/mels/068837.pt,6
68841,training,14026,/content/gnn-bert-music-context/data/raw/fma_small/068/068841.mp3,Track: Old Molly Hare. Album: Early 70s. Artist: Howie Mitchell,"[0.0, 0.0, 1.0, 0.0, 0.0, 0.0, 0.0, 0.0]",/content/gnn-bert-music-context/data/processed/graphs/068841.pt,/content/gnn-bert-music-context/data/processed/mels/068841.pt,6
68842,training,14026,/content/gnn-bert-music-context/data/raw/fma_small/068/068842.mp3,Track: Old Bangum. Album: Early 70s. Artist: Howie Mitchell,"[0.0, 0.0, 1.0, 0.0, 0.0, 0.0, 0.0, 0.0]",/content/gnn-bert-music-context/data/processed/graphs/068842.pt,/content/gnn-bert-music-context/data/processed/mels/068842.pt,6
68898,test,9067,/content/gnn-bert-music-context/data/raw/fma_small/068/068898.mp3,Track: Like Swimming. Album: Leaf. Artist: Broke For Free,"[1.0, 0.0, 0.0, 0.0, 0.0, 0.0, 0.0, 0.0]",/content/gnn-bert-music-context/data/processed/graphs/068898.pt,/content/gnn-bert-music-context/data/processed/mels/068898.pt,6
69193,training,13826,/content/gnn-bert-music-context/data/raw/fma_small/069/069193.mp3,Track: Another Boring Lunchtime (edit). Album: Best Bytes Volume 1. Artist: Psychadelik Pedestrian,"[1.0, 0.0, 0.0, 0.0, 0.0, 0.0, 0.0, 0.0]",/content/gnn-bert-music-context/data/processed/graphs/069193.pt,/content/gnn-bert-music-context/data/processed/mels/069193.pt,6
69555,training,14261,/content/gnn-bert-music-context/data/raw/fma_small/069/069555.mp3,Track: The Nellie. Album: Goin' Ham. Artist: The NSJ Crew,"[0.0, 0.0, 0.0, 1.0, 0.0, 0.0, 0.0, 0.0]",/content/gnn-bert-music-context/data/processed/graphs/069555.pt,/content/gnn-bert-music-context/data/processed/mels/069555.pt,6
69564,training,14261,/content/gnn-bert-music-context/data/raw/fma_small/069/069564.mp3,Track: 'Til You Get There (ft. Shawntel of the Y.N.RichKids). Album: Goin' Ham. Artist: The NSJ Crew,"[0.0, 0.0, 0.0, 1.0, 0.0, 0.0, 0.0, 0.0]",/content/gnn-bert-music-context/data/processed/graphs/069564.pt,/content/gnn-bert-music-context/data/processed/mels/069564.pt,6
69763,training,10469,/content/gnn-bert-music-context/data/raw/fma_small/069/069763.mp3,Track: Kerouak. Album: Game Over. Artist: Plusplus,"[0.0, 0.0, 1.0, 0.0, 0.0, 0.0, 0.0, 0.0]",/content/gnn-bert-music-context/data/processed/graphs/069763.pt,/content/gnn-bert-music-context/data/processed/mels/069763.pt,6
69765,training,10469,/content/gnn-bert-music-context/data/raw/fma_small/069/069765.mp3,Track: Echoes. Album: Game Over. Artist: Plusplus,"[0.0, 0.0, 1.0, 0.0, 0.0, 0.0, 0.0, 0.0]",/content/gnn-bert-music-context/data/processed/graphs/069765.pt,/content/gnn-bert-music-context/data/processed/mels/069765.pt,6
69784,training,14307,/content/gnn-bert-music-context/data/raw/fma_small/069/069784.mp3,Track: When I Could Love. Album: The Lemniscate. Artist: Chris Cook,"[0.0, 1.0, 0.0, 0.0, 0.0, 0.0, 0.0, 0.0]",/content/gnn-bert-music-context/data/processed/graphs/069784.pt,/content/gnn-bert-music-context/data/processed/mels/069784.pt,6
69792,training,14307,/content/gnn-bert-music-context/data/raw/fma_small/069/069792.mp3,Track: Place Like No Home. Album: The Lemniscate. Artist: Chris Cook,"[0.0, 1.0, 0.0, 0.0, 0.0, 0.0, 0.0, 0.0]",/content/gnn-bert-music-context/data/processed/graphs/069792.pt,/content/gnn-bert-music-context/data/processed/mels/069792.pt,6
69949,validation,14343,/content/gnn-bert-music-context/data/raw/fma_small/069/069949.mp3,Track: All Night Long. Album: Live on WFMU's Cherry Blossom Clinic 9/8/12. Artist: White Wires,"[0.0, 0.0, 0.0, 0.0, 0.0, 0.0, 0.0, 1.0]",/content/gnn-bert-music-context/data/processed/graphs/069949.pt,/content/gnn-bert-music-context/data/processed/mels/069949.pt,6
70208,training,14363,/content/gnn-bert-music-context/data/raw/fma_small/070/070208.mp3,Track: Bittersweet Insomnia. Album: Live on WFMU's Imaginary Radio 9-9-12. Artist: Spray Lodge,"[0.0, 0.0, 0.0, 1.0, 0.0, 0.0, 0.0, 0.0]",/content/gnn-bert-music-context/data/processed/graphs/070208.pt,/content/gnn-bert-music-context/data/processed/mels/070208.pt,6
70768,validation,14476,/content/gnn-bert-music-context/data/raw/fma_small/070/070768.mp3,Track: FluffSkull. Album: FluffSkull EP. Artist: S.J. Mellia,"[0.0, 0.0, 0.0, 1.0, 0.0, 0.0, 0.0, 0.0]",/content/gnn-bert-music-context/data/processed/graphs/070768.pt,/content/gnn-bert-music-context/data/processed/mels/070768.pt,6
70875,training,9713,/content/gnn-bert-music-context/data/raw/fma_small/070/070875.mp3,Track: lady bird. Album: and still the ground is frozen. Artist: owlface,"[0.0, 0.0, 0.0, 0.0, 0.0, 0.0, 1.0, 0.0]",/content/gnn-bert-music-context/data/processed/graphs/070875.pt,/content/gnn-bert-music-context/data/processed/mels/070875.pt,6
70878,training,9713,/content/gnn-bert-music-context/data/raw/fma_small/070/070878.mp3,Track: otter people. Album: and still the ground is frozen. Artist: owlface,"[0.0, 0.0, 0.0, 0.0, 0.0, 0.0, 1.0, 0.0]",/content/gnn-bert-music-context/data/processed/graphs/070878.pt,/content/gnn-bert-music-context/data/processed/mels/070878.pt,6
71173,training,11213,/content/gnn-bert-music-context/data/raw/fma_small/071/071173.mp3,Track: Eternal Plains. Album: Mongolia. Artist: Frenic,"[0.0, 0.0, 0.0, 1.0, 0.0, 0.0, 0.0, 0.0]",/content/gnn-bert-music-context/data/processed/graphs/071173.pt,/content/gnn-bert-music-context/data/processed/mels/071173.pt,6
71228,training,14543,/content/gnn-bert-music-context/data/raw/fma_small/071/071228.mp3,Track: Tenho. Album: Complexo de Inferioridade. Artist: J-K,"[0.0, 0.0, 0.0, 1.0, 0.0, 0.0, 0.0, 0.0]",/content/gnn-bert-music-context/data/processed/graphs/071228.pt,/content/gnn-bert-music-context/data/processed/mels/071228.pt,6
71242,training,14544,/content/gnn-bert-music-context/data/raw/fma_small/071/071242.mp3,Track: Focused (feat. Richie Campbell). Album: AHYA. Artist: Dengaz,"[0.0, 0.0, 0.0, 1.0, 0.0, 0.0, 0.0, 0.0]",/content/gnn-bert-music-context/data/processed/graphs/071242.pt,/content/gnn-bert-music-context/data/processed/mels/071242.pt,6
71244,training,14544,/content/gnn-bert-music-context/data/raw/fma_small/071/071244.mp3,Track: Obrigado (feat. Dino). Album: AHYA. Artist: Dengaz,"[0.0, 0.0, 0.0, 1.0, 0.0, 0.0, 0.0, 0.0]",/content/gnn-bert-music-context/data/processed/graphs/071244.pt,/content/gnn-bert-music-context/data/processed/mels/071244.pt,6
71250,training,14544,/content/gnn-bert-music-context/data/raw/fma_small/071/071250.mp3,Track: Não Dá (feat. Prodigio). Album: AHYA. Artist: Dengaz,"[0.0, 0.0, 0.0, 1.0, 0.0, 0.0, 0.0, 0.0]",/content/gnn-bert-music-context/data/processed/graphs/071250.pt,/content/gnn-bert-music-context/data/processed/mels/071250.pt,6
71255,training,14544,/content/gnn-bert-music-context/data/raw/fma_small/071/071255.mp3,Track: From The Heart (feat. Richie Campbell) [Bonus Track]. Album: AHYA. Artist: Dengaz,"[0.0, 0.0, 0.0, 1.0, 0.0, 0.0, 0.0, 0.0]",/content/gnn-bert-music-context/data/processed/graphs/071255.pt,/content/gnn-bert-music-context/data/processed/mels/071255.pt,6
71371,test,14555,/content/gnn-bert-music-context/data/raw/fma_small/071/071371.mp3,Track: Good Times. Album: Pirates of the Coast. Artist: Black Bones,"[0.0, 0.0, 0.0, 0.0, 0.0, 0.0, 0.0, 1.0]",/content/gnn-bert-music-context/data/processed/graphs/071371.pt,/content/gnn-bert-music-context/data/processed/mels/071371.pt,6
71513,training,15497,/content/gnn-bert-music-context/data/raw/fma_small/071/071513.mp3,Track: M0NOR4V3N. Album: Monorave Compo. Artist: XC3N,"[1.0, 0.0, 0.0, 0.0, 0.0, 0.0, 0.0, 0.0]",/content/gnn-bert-music-context/data/processed/graphs/071513.pt,/content/gnn-bert-music-context/data/processed/mels/071513.pt,6
71715,training,14588,/content/gnn-bert-music-context/data/raw/fma_small/071/071715.mp3,"Track: Name Droppers Of The World Unite. Album: ""Name Droppers Of The World Unite"". Artist: Feelings","[0.0, 0.0, 0.0, 0.0, 0.0, 0.0, 0.0, 1.0]",/content/gnn-bert-music-context/data/processed/graphs/071715.pt,/content/gnn-bert-music-context/data/processed/mels/071715.pt,6
72069,training,14670,/content/gnn-bert-music-context/data/raw/fma_small/072/072069.mp3,Track: Act IV. Album: Stars. Artist: Decktonic,"[1.0, 0.0, 0.0, 0.0, 0.0, 0.0, 0.0, 0.0]",/content/gnn-bert-music-context/data/processed/graphs/072069.pt,/content/gnn-bert-music-context/data/processed/mels/072069.pt,6
72070,training,14670,/content/gnn-bert-music-context/data/raw/fma_small/072/072070.mp3,Track: Variations. Album: Stars. Artist: Decktonic,"[1.0, 0.0, 0.0, 0.0, 0.0, 0.0, 0.0, 0.0]",/content/gnn-bert-music-context/data/processed/graphs/072070.pt,/content/gnn-bert-music-context/data/processed/mels/072070.pt,6
72076,training,14670,/content/gnn-bert-music-context/data/raw/fma_small/072/072076.mp3,Track: Stars. Album: Stars. Artist: Decktonic,"[1.0, 0.0, 0.0, 0.0, 0.0, 0.0, 0.0, 0.0]",/content/gnn-bert-music-context/data/processed/graphs/072076.pt,/content/gnn-bert-music-context/data/processed/mels/072076.pt,6
72149,training,2240,/content/gnn-bert-music-context/data/raw/fma_small/072/072149.mp3,Track: March Of The Bodypumpers. Album: Picture Disc. Artist: Justice Yeldham,"[0.0, 1.0, 0.0, 0.0, 0.0, 0.0, 0.0, 0.0]",/content/gnn-bert-music-context/data/processed/graphs/072149.pt,/content/gnn-bert-music-context/data/processed/mels/072149.pt,6
72290,training,14695,/content/gnn-bert-music-context/data/raw/fma_small/072/072290.mp3,Track: Two Miles. Album: Live on Liz Berg's Show on WFMU 10/22/12. Artist: Squarehead,"[0.0, 0.0, 0.0, 0.0, 0.0, 0.0, 0.0, 1.0]",/content/gnn-bert-music-context/data/processed/graphs/072290.pt,/content/gnn-bert-music-context/data/processed/mels/072290.pt,6
72570,training,14740,/content/gnn-bert-music-context/data/raw/fma_small/072/072570.mp3,"Track: Dona Nobis Pacem. Album: Duets on Double Dulcimer - Aug. 8, 1962. Artist: Howie Mitchell & Ruth Meyer","[0.0, 0.0, 1.0, 0.0, 0.0, 0.0, 0.0, 0.0]",/content/gnn-bert-music-context/data/processed/graphs/072570.pt,/content/gnn-bert-music-context/data/processed/mels/072570.pt,6
73175,training,14834,/content/gnn-bert-music-context/data/raw/fma_small/073/073175.mp3,Track: Mixed Up. Album: 11-14-'58. Artist: Howie Mitchell & Charlotte Williams,"[0.0, 0.0, 1.0, 0.0, 0.0, 0.0, 0.0, 0.0]",/content/gnn-bert-music-context/data/processed/graphs/073175.pt,/content/gnn-bert-music-context/data/processed/mels/073175.pt,6
73306,training,13981,/content/gnn-bert-music-context/data/raw/fma_small/073/073306.mp3,Track: Springbreak (Happy Birthday). Album: Live on Duane's Show on WFMU 11/27/12. Artist: Ex Cops,"[0.0, 0.0, 0.0, 0.0, 0.0, 0.0, 0.0, 1.0]",/content/gnn-bert-music-context/data/processed/graphs/073306.pt,/content/gnn-bert-music-context/data/processed/mels/073306.pt,6
73365,training,8538,/content/gnn-bert-music-context/data/raw/fma_small/073/073365.mp3,Track: Ground Loop. Album: Solar Phases. Artist: Deltason,"[1.0, 0.0, 0.0, 0.0, 0.0, 0.0, 0.0, 0.0]",/content/gnn-bert-music-context/data/processed/graphs/073365.pt,/content/gnn-bert-music-context/data/processed/mels/073365.pt,6
73369,training,8538,/content/gnn-bert-music-context/data/raw/fma_small/073/073369.mp3,Track: Remote. Album: Solar Phases. Artist: Deltason,"[1.0, 0.0, 0.0, 0.0, 0.0, 0.0, 0.0, 0.0]",/content/gnn-bert-music-context/data/processed/graphs/073369.pt,/content/gnn-bert-music-context/data/processed/mels/073369.pt,6
73465,training,9288,/content/gnn-bert-music-context/data/raw/fma_small/073/073465.mp3,Track: Ignored (Album Version). Album: Ignored. Artist: Liam Stewart,"[0.0, 0.0, 0.0, 0.0, 0.0, 0.0, 1.0, 0.0]",/content/gnn-bert-music-context/data/processed/graphs/073465.pt,/content/gnn-bert-music-context/data/processed/mels/073465.pt,6
73760,training,14987,/content/gnn-bert-music-context/data/raw/fma_small/073/073760.mp3,Track: IMF. Album: #CC-10 Europe Mixtape. Artist: Dot,"[0.0, 0.0, 0.0, 0.0, 0.0, 1.0, 0.0, 0.0]",/content/gnn-bert-music-context/data/processed/graphs/073760.pt,/content/gnn-bert-music-context/data/processed/mels/073760.pt,6
73763,validation,14373,/content/gnn-bert-music-context/data/raw/fma_small/073/073763.mp3,Track: Belly Button. Album: #CC-10 Europe Mixtape. Artist: Morsa,"[0.0, 0.0, 0.0, 0.0, 0.0, 1.0, 0.0, 0.0]",/content/gnn-bert-music-context/data/processed/graphs/073763.pt,/content/gnn-bert-music-context/data/processed/mels/073763.pt,6
73770,training,14985,/content/gnn-bert-music-context/data/raw/fma_small/073/073770.mp3,Track: Sunrise Number 1. Album: #CC-10 Europe Mixtape. Artist: Stormy Mondays,"[0.0, 0.0, 0.0, 0.0, 0.0, 1.0, 0.0, 0.0]",/content/gnn-bert-music-context/data/processed/graphs/073770.pt,/content/gnn-bert-music-context/data/processed/mels/073770.pt,6
73776,test,14991,/content/gnn-bert-music-context/data/raw/fma_small/073/073776.mp3,Track: Different Feelings. Album: #CC-10 Europe Mixtape. Artist: StrangeZero,"[0.0, 0.0, 0.0, 0.0, 0.0, 1.0, 0.0, 0.0]",/content/gnn-bert-music-context/data/processed/graphs/073776.pt,/content/gnn-bert-music-context/data/processed/mels/073776.pt,6
73779,test,14981,/content/gnn-bert-music-context/data/raw/fma_small/073/073779.mp3,Track: Deep Cut. Album: #CC-10 Europe Mixtape. Artist: Mezonom,"[0.0, 0.0, 0.0, 0.0, 0.0, 1.0, 0.0, 0.0]",/content/gnn-bert-music-context/data/processed/graphs/073779.pt,/content/gnn-bert-music-context/data/processed/mels/073779.pt,6
73822,training,13913,/content/gnn-bert-music-context/data/raw/fma_small/073/073822.mp3,Track: nxVacuity002-2012-12-12_04_05_18. Album: nxVacuity002. Artist: Miquel Parera Jaques,"[0.0, 1.0, 0.0, 0.0, 0.0, 0.0, 0.0, 0.0]",/content/gnn-bert-music-context/data/processed/graphs/073822.pt,/content/gnn-bert-music-context/data/processed/mels/073822.pt,6
74377,training,12566,/content/gnn-bert-music-context/data/raw/fma_small/074/074377.mp3,"Track: Infant Holy, Infant Lowly. Album: En attendant Noël.... Artist: Ann Alee","[0.0, 1.0, 0.0, 0.0, 0.0, 0.0, 0.0, 0.0]",/content/gnn-bert-music-context/data/processed/graphs/074377.pt,/content/gnn-bert-music-context/data/processed/mels/074377.pt,6
74383,training,5847,/content/gnn-bert-music-context/data/raw/fma_small/074/074383.mp3,Track: Hungover Boxing Day. Album: En attendant Noël.... Artist: The Gasoline Brothers,"[0.0, 1.0, 0.0, 0.0, 0.0, 0.0, 0.0, 0.0]",/content/gnn-bert-music-context/data/processed/graphs/074383.pt,/content/gnn-bert-music-context/data/processed/mels/074383.pt,6
74389,validation,15123,/content/gnn-bert-music-context/data/raw/fma_small/074/074389.mp3,"Track: Bring a Torch, Jeanette, Isabella. Album: En attendant Noël.... Artist: Aaron DeVries","[0.0, 1.0, 0.0, 0.0, 0.0, 0.0, 0.0, 0.0]",/content/gnn-bert-music-context/data/processed/graphs/074389.pt,/content/gnn-bert-music-context/data/processed/mels/074389.pt,6
74393,test,12565,/content/gnn-bert-music-context/data/raw/fma_small/074/074393.mp3,Track: Snow on Snow (The Bleak Midwinter). Album: En attendant Noël.... Artist: Rue Royale,"[0.0, 1.0, 0.0, 0.0, 0.0, 0.0, 0.0, 0.0]",/content/gnn-bert-music-context/data/processed/graphs/074393.pt,/content/gnn-bert-music-context/data/processed/mels/074393.pt,6
74942,training,15214,/content/gnn-bert-music-context/data/raw/fma_small/074/074942.mp3,Track: Jimmy Carter (Live Acoustic). Album: Acoustic Sessions. Artist: 20lb Sounds,"[0.0, 0.0, 1.0, 0.0, 0.0, 0.0, 0.0, 0.0]",/content/gnn-bert-music-context/data/processed/graphs/074942.pt,/content/gnn-bert-music-context/data/processed/mels/074942.pt,6
74959,training,15220,/content/gnn-bert-music-context/data/raw/fma_small/074/074959.mp3,Track: Sky With Milk. Album: Bisamråtta (2012). Artist: Bisamråtta,"[0.0, 1.0, 0.0, 0.0, 0.0, 0.0, 0.0, 0.0]",/content/gnn-bert-music-context/data/processed/graphs/074959.pt,/content/gnn-bert-music-context/data/processed/mels/074959.pt,6
75372,validation,12271,/content/gnn-bert-music-context/data/raw/fma_small/075/075372.mp3,Track: 2012. Album: Owl Time. Artist: Kellee Maize,"[0.0, 0.0, 0.0, 1.0, 0.0, 0.0, 0.0, 0.0]",/content/gnn-bert-music-context/data/processed/graphs/075372.pt,/content/gnn-bert-music-context/data/processed/mels/075372.pt,6
75375,validation,12271,/content/gnn-bert-music-context/data/raw/fma_small/075/075375.mp3,Track: Explode. Album: Owl Time. Artist: Kellee Maize,"[0.0, 0.0, 0.0, 1.0, 0.0, 0.0, 0.0, 0.0]",/content/gnn-bert-music-context/data/processed/graphs/075375.pt,/content/gnn-bert-music-context/data/processed/mels/075375.pt,6
75390,validation,12271,/content/gnn-bert-music-context/data/raw/fma_small/075/075390.mp3,Track: Big Plans. Album: Aligned Archetype. Artist: Kellee Maize,"[0.0, 0.0, 0.0, 1.0, 0.0, 0.0, 0.0, 0.0]",/content/gnn-bert-music-context/data/processed/graphs/075390.pt,/content/gnn-bert-music-context/data/processed/mels/075390.pt,6
75417,validation,12271,/content/gnn-bert-music-context/data/raw/fma_small/075/075417.mp3,Track: Trapped. Album: Integration. Artist: Kellee Maize,"[0.0, 0.0, 0.0, 1.0, 0.0, 0.0, 0.0, 0.0]",/content/gnn-bert-music-context/data/processed/graphs/075417.pt,/content/gnn-bert-music-context/data/processed/mels/075417.pt,6
75420,validation,12271,/content/gnn-bert-music-context/data/raw/fma_small/075/075420.mp3,Track: Catch Me. Album: Integration. Artist: Kellee Maize,"[0.0, 0.0, 0.0, 1.0, 0.0, 0.0, 0.0, 0.0]",/content/gnn-bert-music-context/data/processed/graphs/075420.pt,/content/gnn-bert-music-context/data/processed/mels/075420.pt,6
75425,validation,12271,/content/gnn-bert-music-context/data/raw/fma_small/075/075425.mp3,Track: Eleven 11 Remix. Album: Integration. Artist: Kellee Maize,"[0.0, 0.0, 0.0, 1.0, 0.0, 0.0, 0.0, 0.0]",/content/gnn-bert-music-context/data/processed/graphs/075425.pt,/content/gnn-bert-music-context/data/processed/mels/075425.pt,6
75431,training,3951,/content/gnn-bert-music-context/data/raw/fma_small/075/075431.mp3,Track: Passive aggressive ia all we have. You Can't shout underwater. Album: Drop a 4 note Soundtrack. Artist: Cherly KaCherly,"[0.0, 0.0, 0.0, 0.0, 1.0, 0.0, 0.0, 0.0]",/content/gnn-bert-music-context/data/processed/graphs/075431.pt,/content/gnn-bert-music-context/data/processed/mels/075431.pt,6
75436,training,3951,/content/gnn-bert-music-context/data/raw/fma_small/075/075436.mp3,Track: I can see her. She's at work not even noticing I'm watching. Album: Drop a 4 note Soundtrack. Artist: Cherly KaCherly,"[0.0, 0.0, 0.0, 0.0, 1.0, 0.0, 0.0, 0.0]",/content/gnn-bert-music-context/data/processed/graphs/075436.pt,/content/gnn-bert-music-context/data/processed/mels/075436.pt,6
75607,training,7125,/content/gnn-bert-music-context/data/raw/fma_small/075/075607.mp3,Track: The Last Ocean. Album: Brace For Gravity. Artist: Rho,"[0.0, 0.0, 0.0, 0.0, 1.0, 0.0, 0.0, 0.0]",/content/gnn-bert-music-context/data/processed/graphs/075607.pt,/content/gnn-bert-music-context/data/processed/mels/075607.pt,6
75746,validation,12271,/content/gnn-bert-music-context/data/raw/fma_small/075/075746.mp3,Track: Age of Feminine. Album: Age of Feminine. Artist: Kellee Maize,"[0.0, 0.0, 0.0, 1.0, 0.0, 0.0, 0.0, 0.0]",/content/gnn-bert-music-context/data/processed/graphs/075746.pt,/content/gnn-bert-music-context/data/processed/mels/075746.pt,6
75749,validation,12271,/content/gnn-bert-music-context/data/raw/fma_small/075/075749.mp3,Track: Raja. Album: Age of Feminine. Artist: Kellee Maize,"[0.0, 0.0, 0.0, 1.0, 0.0, 0.0, 0.0, 0.0]",/content/gnn-bert-music-context/data/processed/graphs/075749.pt,/content/gnn-bert-music-context/data/processed/mels/075749.pt,6
75783,training,15310,/content/gnn-bert-music-context/data/raw/fma_small/075/075783.mp3,Track: Laughing Along. Album: Mysteries and Secrets Unzipped: Soundtrack. Artist: Square People,"[0.0, 0.0, 0.0, 0.0, 0.0, 0.0, 0.0, 1.0]",/content/gnn-bert-music-context/data/processed/graphs/075783.pt,/content/gnn-bert-music-context/data/processed/mels/075783.pt,6
75786,training,15310,/content/gnn-bert-music-context/data/raw/fma_small/075/075786.mp3,Track: Write it Down. Album: Mysteries and Secrets Unzipped: Soundtrack. Artist: Square People,"[0.0, 0.0, 0.0, 0.0, 0.0, 0.0, 0.0, 1.0]",/content/gnn-bert-music-context/data/processed/graphs/075786.pt,/content/gnn-bert-music-context/data/processed/mels/075786.pt,6
75903,training,15289,/content/gnn-bert-music-context/data/raw/fma_small/075/075903.mp3,Track: D.E.S.. Album: The Fired Dept.. Artist: The Monitors,"[0.0, 0.0, 0.0, 0.0, 0.0, 0.0, 0.0, 1.0]",/content/gnn-bert-music-context/data/processed/graphs/075903.pt,/content/gnn-bert-music-context/data/processed/mels/075903.pt,6
75930,training,15323,/content/gnn-bert-music-context/data/raw/fma_small/075/075930.mp3,Track: Freestyle Joint. Album: Give Me a Beat. Artist: Tricky Diesel,"[0.0, 0.0, 0.0, 1.0, 0.0, 0.0, 0.0, 0.0]",/content/gnn-bert-music-context/data/processed/graphs/075930.pt,/content/gnn-bert-music-context/data/processed/mels/075930.pt,6
77522,training,14774,/content/gnn-bert-music-context/data/raw/fma_small/077/077522.mp3,Track: The Odyssey of Flight 33/ We Build Ancient Ruins!. Album: Roswell Radio Cult. Artist: The Fucked Up Beat,"[0.0, 1.0, 0.0, 0.0, 0.0, 0.0, 0.0, 0.0]",/content/gnn-bert-music-context/data/processed/graphs/077522.pt,/content/gnn-bert-music-context/data/processed/mels/077522.pt,6
77572,training,14296,/content/gnn-bert-music-context/data/raw/fma_small/077/077572.mp3,Track: The Watchers. Album: netBloc Vol. 41: Brought to you by the numerals 4 and 1. Artist: Evils That Never Came,"[0.0, 0.0, 0.0, 0.0, 0.0, 0.0, 1.0, 0.0]",/content/gnn-bert-music-context/data/processed/graphs/077572.pt,/content/gnn-bert-music-context/data/processed/mels/077572.pt,6
78841,training,15601,/content/gnn-bert-music-context/data/raw/fma_small/078/078841.mp3,Track: Martelo das Feiticeiras. Album: O Diabo. Artist: Stray,"[0.0, 0.0, 0.0, 1.0, 0.0, 0.0, 0.0, 0.0]",/content/gnn-bert-music-context/data/processed/graphs/078841.pt,/content/gnn-bert-music-context/data/processed/mels/078841.pt,6
78850,training,15601,/content/gnn-bert-music-context/data/raw/fma_small/078/078850.mp3,Track: Kamehameha (c/ J-K). Album: Coraçãozinho de Satã. Artist: Stray,"[0.0, 0.0, 0.0, 1.0, 0.0, 0.0, 0.0, 0.0]",/content/gnn-bert-music-context/data/processed/graphs/078850.pt,/content/gnn-bert-music-context/data/processed/mels/078850.pt,6
79087,training,15606,/content/gnn-bert-music-context/data/raw/fma_small/079/079087.mp3,Track: Le Stanze Del Transistor. Album: Three Diamond Ohms. Artist: Bob Meanza,"[0.0, 1.0, 0.0, 0.0, 0.0, 0.0, 0.0, 0.0]",/content/gnn-bert-music-context/data/processed/graphs/079087.pt,/content/gnn-bert-music-context/data/processed/mels/079087.pt,6
79616,training,15701,/content/gnn-bert-music-context/data/raw/fma_small/079/079616.mp3,Track: Call To Action. Album: Ill Papa Giraffe. Artist: Ill Papa Giraffe,"[0.0, 0.0, 0.0, 1.0, 0.0, 0.0, 0.0, 0.0]",/content/gnn-bert-music-context/data/processed/graphs/079616.pt,/content/gnn-bert-music-context/data/processed/mels/079616.pt,6
80003,validation,15763,/content/gnn-bert-music-context/data/raw/fma_small/080/080003.mp3,Track: Mountainside. Album: Lights. Artist: Brock Tyler,"[0.0, 0.0, 1.0, 0.0, 0.0, 0.0, 0.0, 0.0]",/content/gnn-bert-music-context/data/processed/graphs/080003.pt,/content/gnn-bert-music-context/data/processed/mels/080003.pt,6
80035,training,15770,/content/gnn-bert-music-context/data/raw/fma_small/080/080035.mp3,Track: Bike - Punx. Album: Youth & Punx. Artist: Damage it,"[0.0, 0.0, 0.0, 0.0, 0.0, 0.0, 0.0, 1.0]",/content/gnn-bert-music-context/data/processed/graphs/080035.pt,/content/gnn-bert-music-context/data/processed/mels/080035.pt,6
80341,training,12839,/content/gnn-bert-music-context/data/raw/fma_small/080/080341.mp3,Track: Druzhkina Dvora. Album: Live at the 2013 Golden Festival. Artist: Brazda,"[0.0, 0.0, 0.0, 0.0, 0.0, 1.0, 0.0, 0.0]",/content/gnn-bert-music-context/data/processed/graphs/080341.pt,/content/gnn-bert-music-context/data/processed/mels/080341.pt,6
80351,training,2968,/content/gnn-bert-music-context/data/raw/fma_small/080/080351.mp3,Track: Na Bos Krak. Album: Live at the 2013 Golden Festival. Artist: Nikolay Kolev,"[0.0, 0.0, 0.0, 0.0, 0.0, 1.0, 0.0, 0.0]",/content/gnn-bert-music-context/data/processed/graphs/080351.pt,/content/gnn-bert-music-context/data/processed/mels/080351.pt,6
80518,training,13262,/content/gnn-bert-music-context/data/raw/fma_small/080/080518.mp3,Track: Change. Album: Crime Scene. Artist: Jahzzar,"[0.0, 0.0, 0.0, 0.0, 1.0, 0.0, 0.0, 0.0]",/content/gnn-bert-music-context/data/processed/graphs/080518.pt,/content/gnn-bert-music-context/data/processed/mels/080518.pt,6
80520,training,13262,/content/gnn-bert-music-context/data/raw/fma_small/080/080520.mp3,Track: Thin Line. Album: Crime Scene. Artist: Jahzzar,"[0.0, 0.0, 0.0, 0.0, 1.0, 0.0, 0.0, 0.0]",/content/gnn-bert-music-context/data/processed/graphs/080520.pt,/content/gnn-bert-music-context/data/processed/mels/080520.pt,6
80687,validation,3936,/content/gnn-bert-music-context/data/raw/fma_small/080/080687.mp3,Track: Malka Moma. Album: Live at the 2013 Golden Festival. Artist: Black Sea Hotel,"[0.0, 0.0, 0.0, 0.0, 0.0, 1.0, 0.0, 0.0]",/content/gnn-bert-music-context/data/processed/graphs/080687.pt,/content/gnn-bert-music-context/data/processed/mels/080687.pt,6
81033,training,15255,/content/gnn-bert-music-context/data/raw/fma_small/081/081033.mp3,Track: lullaby. Album: The Broken Needle EP. Artist: Lazer Boy,"[0.0, 0.0, 1.0, 0.0, 0.0, 0.0, 0.0, 0.0]",/content/gnn-bert-music-context/data/processed/graphs/081033.pt,/content/gnn-bert-music-context/data/processed/mels/081033.pt,6
81195,training,15885,/content/gnn-bert-music-context/data/raw/fma_small/081/081195.mp3,Track: Shake Service. Album: Change EP. Artist: Tactus,"[1.0, 0.0, 0.0, 0.0, 0.0, 0.0, 0.0, 0.0]",/content/gnn-bert-music-context/data/processed/graphs/081195.pt,/content/gnn-bert-music-context/data/processed/mels/081195.pt,6
81512,training,7168,/content/gnn-bert-music-context/data/raw/fma_small/081/081512.mp3,Track: Simpler. Album: Background. Artist: Podington Bear,"[0.0, 0.0, 0.0, 0.0, 1.0, 0.0, 0.0, 0.0]",/content/gnn-bert-music-context/data/processed/graphs/081512.pt,/content/gnn-bert-music-context/data/processed/mels/081512.pt,6
81660,training,7168,/content/gnn-bert-music-context/data/raw/fma_small/081/081660.mp3,Track: Swollen Cloud. Album: Panoramic / Ambient. Artist: Podington Bear,"[0.0, 0.0, 0.0, 0.0, 1.0, 0.0, 0.0, 0.0]",/content/gnn-bert-music-context/data/processed/graphs/081660.pt,/content/gnn-bert-music-context/data/processed/mels/081660.pt,6
81782,training,7168,/content/gnn-bert-music-context/data/raw/fma_small/081/081782.mp3,Track: Love Sprouts. Album: Tender. Artist: Podington Bear,"[0.0, 0.0, 0.0, 0.0, 1.0, 0.0, 0.0, 0.0]",/content/gnn-bert-music-context/data/processed/graphs/081782.pt,/content/gnn-bert-music-context/data/processed/mels/081782.pt,6
82242,training,9680,/content/gnn-bert-music-context/data/raw/fma_small/082/082242.mp3,Track: Impulse Workout. Album: Stekkerspel. Artist: Richard Jonas,"[0.0, 1.0, 0.0, 0.0, 0.0, 0.0, 0.0, 0.0]",/content/gnn-bert-music-context/data/processed/graphs/082242.pt,/content/gnn-bert-music-context/data/processed/mels/082242.pt,6
82505,training,4450,/content/gnn-bert-music-context/data/raw/fma_small/082/082505.mp3,"Track: Solitude. Album: netBloc Vol. 42: Life, The Universe & Everything. Artist: Entertainment for the Braindead","[0.0, 0.0, 1.0, 0.0, 0.0, 0.0, 0.0, 0.0]",/content/gnn-bert-music-context/data/processed/graphs/082505.pt,/content/gnn-bert-music-context/data/processed/mels/082505.pt,6
82892,training,16067,/content/gnn-bert-music-context/data/raw/fma_small/082/082892.mp3,"Track: Warm Hand in Farmland. Album: Live on WFMU's 100% Whatever with Mary Wing - March 21, 2013. Artist: Mice Parade","[0.0, 0.0, 1.0, 0.0, 0.0, 0.0, 0.0, 0.0]",/content/gnn-bert-music-context/data/processed/graphs/082892.pt,/content/gnn-bert-music-context/data/processed/mels/082892.pt,6
82920,training,13830,/content/gnn-bert-music-context/data/raw/fma_small/082/082920.mp3,Track: Opus Delorean. Album: Dining On Backs of the Brave. Artist: krackatoa,"[0.0, 0.0, 0.0, 0.0, 1.0, 0.0, 0.0, 0.0]",/content/gnn-bert-music-context/data/processed/graphs/082920.pt,/content/gnn-bert-music-context/data/processed/mels/082920.pt,6
82928,training,13830,/content/gnn-bert-music-context/data/raw/fma_small/082/082928.mp3,Track: Diwali Charlie. Album: Dining On Backs of the Brave. Artist: krackatoa,"[0.0, 0.0, 0.0, 0.0, 1.0, 0.0, 0.0, 0.0]",/content/gnn-bert-music-context/data/processed/graphs/082928.pt,/content/gnn-bert-music-context/data/processed/mels/082928.pt,6
83558,validation,16178,/content/gnn-bert-music-context/data/raw/fma_small/083/083558.mp3,Track: carnival. Album: Underling LP. Artist: Underling,"[0.0, 0.0, 0.0, 1.0, 0.0, 0.0, 0.0, 0.0]",/content/gnn-bert-music-context/data/processed/graphs/083558.pt,/content/gnn-bert-music-context/data/processed/mels/083558.pt,6
83600,training,2631,/content/gnn-bert-music-context/data/raw/fma_small/083/083600.mp3,Track: Farm Montage (Instrumental). Album: Old Paper Houses Soundtrack. Artist: BOPD,"[0.0, 0.0, 0.0, 0.0, 1.0, 0.0, 0.0, 0.0]",/content/gnn-bert-music-context/data/processed/graphs/083600.pt,/content/gnn-bert-music-context/data/processed/mels/083600.pt,6
83613,training,2631,/content/gnn-bert-music-context/data/raw/fma_small/083/083613.mp3,Track: New England Dawn Salendro. Album: Old Paper Houses Soundtrack. Artist: BOPD,"[0.0, 0.0, 0.0, 0.0, 1.0, 0.0, 0.0, 0.0]",/content/gnn-bert-music-context/data/processed/graphs/083613.pt,/content/gnn-bert-music-context/data/processed/mels/083613.pt,6
84054,validation,16245,/content/gnn-bert-music-context/data/raw/fma_small/084/084054.mp3,Track: Fruit. Album: Megapolis Festival Remix Workshop 2013. Artist: Bekah Jarvis-Girtler,"[0.0, 1.0, 0.0, 0.0, 0.0, 0.0, 0.0, 0.0]",/content/gnn-bert-music-context/data/processed/graphs/084054.pt,/content/gnn-bert-music-context/data/processed/mels/084054.pt,6
84055,training,16246,/content/gnn-bert-music-context/data/raw/fma_small/084/084055.mp3,Track: Record Play. Album: Megapolis Festival Remix Workshop 2013. Artist: Max Ebert,"[0.0, 1.0, 0.0, 0.0, 0.0, 0.0, 0.0, 0.0]",/content/gnn-bert-music-context/data/processed/graphs/084055.pt,/content/gnn-bert-music-context/data/processed/mels/084055.pt,6
84139,training,16270,/content/gnn-bert-music-context/data/raw/fma_small/084/084139.mp3,Track: The Illuminated Highway/ Urban Exodus. Album: Drive. Artist: Electric Mirrors,"[0.0, 1.0, 0.0, 0.0, 0.0, 0.0, 0.0, 0.0]",/content/gnn-bert-music-context/data/processed/graphs/084139.pt,/content/gnn-bert-music-context/data/processed/mels/084139.pt,6
84144,training,16270,/content/gnn-bert-music-context/data/raw/fma_small/084/084144.mp3,Track: Good Night/ Sleep. Album: Drive. Artist: Electric Mirrors,"[0.0, 1.0, 0.0, 0.0, 0.0, 0.0, 0.0, 0.0]",/content/gnn-bert-music-context/data/processed/graphs/084144.pt,/content/gnn-bert-music-context/data/processed/mels/084144.pt,6
84417,training,10567,/content/gnn-bert-music-context/data/raw/fma_small/084/084417.mp3,Track: Snow Eater. Album: Snow Eater. Artist: OWL BRAIN ATLAS,"[0.0, 1.0, 0.0, 0.0, 0.0, 0.0, 0.0, 0.0]",/content/gnn-bert-music-context/data/processed/graphs/084417.pt,/content/gnn-bert-music-context/data/processed/mels/084417.pt,6
84485,training,15307,/content/gnn-bert-music-context/data/raw/fma_small/084/084485.mp3,Track: A_Merican_Skweeez feat. STARPAUSE. Album: DUET. Artist: BLEO,"[1.0, 0.0, 0.0, 0.0, 0.0, 0.0, 0.0, 0.0]",/content/gnn-bert-music-context/data/processed/graphs/084485.pt,/content/gnn-bert-music-context/data/processed/mels/084485.pt,6
85040,training,5450,/content/gnn-bert-music-context/data/raw/fma_small/085/085040.mp3,Track: Neptune Massive. Album: Grit. Artist: Sick To The Back Teeth,"[1.0, 0.0, 0.0, 0.0, 0.0, 0.0, 0.0, 0.0]",/content/gnn-bert-music-context/data/processed/graphs/085040.pt,/content/gnn-bert-music-context/data/processed/mels/085040.pt,6
85291,training,13743,/content/gnn-bert-music-context/data/raw/fma_small/085/085291.mp3,Track: Her Cold Touch (Remix). Album: Rain On Mars. Artist: Koalips,"[1.0, 0.0, 0.0, 0.0, 0.0, 0.0, 0.0, 0.0]",/content/gnn-bert-music-context/data/processed/graphs/085291.pt,/content/gnn-bert-music-context/data/processed/mels/085291.pt,6
85484,training,9765,/content/gnn-bert-music-context/data/raw/fma_small/085/085484.mp3,Track: If Only We Had More Time. Album: Overlook The Human Race. Artist: Derek Clegg,"[0.0, 0.0, 1.0, 0.0, 0.0, 0.0, 0.0, 0.0]",/content/gnn-bert-music-context/data/processed/graphs/085484.pt,/content/gnn-bert-music-context/data/processed/mels/085484.pt,6
85488,training,9765,/content/gnn-bert-music-context/data/raw/fma_small/085/085488.mp3,Track: The Best In The World. Album: Overlook The Human Race. Artist: Derek Clegg,"[0.0, 0.0, 1.0, 0.0, 0.0, 0.0, 0.0, 0.0]",/content/gnn-bert-music-context/data/processed/graphs/085488.pt,/content/gnn-bert-music-context/data/processed/mels/085488.pt,6
85490,training,9765,/content/gnn-bert-music-context/data/raw/fma_small/085/085490.mp3,Track: I Am There. Album: Overlook The Human Race. Artist: Derek Clegg,"[0.0, 0.0, 1.0, 0.0, 0.0, 0.0, 0.0, 0.0]",/content/gnn-bert-music-context/data/processed/graphs/085490.pt,/content/gnn-bert-music-context/data/processed/mels/085490.pt,6
85593,test,3222,/content/gnn-bert-music-context/data/raw/fma_small/085/085593.mp3,Track: Sole (Fire & Ice). Album: Fishes. Artist: Garmisch,"[0.0, 0.0, 0.0, 0.0, 0.0, 0.0, 1.0, 0.0]",/content/gnn-bert-music-context/data/processed/graphs/085593.pt,/content/gnn-bert-music-context/data/processed/mels/085593.pt,6
85594,test,3222,/content/gnn-bert-music-context/data/raw/fma_small/085/085594.mp3,Track: You Come Get Your Boy Now. Album: Fishes. Artist: Garmisch,"[0.0, 0.0, 0.0, 0.0, 0.0, 0.0, 1.0, 0.0]",/content/gnn-bert-music-context/data/processed/graphs/085594.pt,/content/gnn-bert-music-context/data/processed/mels/085594.pt,6
85600,test,3222,/content/gnn-bert-music-context/data/raw/fma_small/085/085600.mp3,Track: City Sounds. Album: Fishes. Artist: Garmisch,"[0.0, 0.0, 0.0, 0.0, 0.0, 0.0, 1.0, 0.0]",/content/gnn-bert-music-context/data/processed/graphs/085600.pt,/content/gnn-bert-music-context/data/processed/mels/085600.pt,6
85691,training,5104,/content/gnn-bert-music-context/data/raw/fma_small/085/085691.mp3,"Track: Finding The Butterfly. Album: Live at WFMU with Irene Trudel - February 18, 2013. Artist: Alexander Turnquist","[0.0, 0.0, 1.0, 0.0, 0.0, 0.0, 0.0, 0.0]",/content/gnn-bert-music-context/data/processed/graphs/085691.pt,/content/gnn-bert-music-context/data/processed/mels/085691.pt,6
85788,training,13535,/content/gnn-bert-music-context/data/raw/fma_small/085/085788.mp3,"Track: Occasion For War. Album: ""Martyrs and Prisoners"". Artist: Rations","[0.0, 0.0, 0.0, 0.0, 0.0, 0.0, 0.0, 1.0]",/content/gnn-bert-music-context/data/processed/graphs/085788.pt,/content/gnn-bert-music-context/data/processed/mels/085788.pt,6
85838,training,11574,/content/gnn-bert-music-context/data/raw/fma_small/085/085838.mp3,Track: North Sea. Album: Visions. Artist: Frame,"[1.0, 0.0, 0.0, 0.0, 0.0, 0.0, 0.0, 0.0]",/content/gnn-bert-music-context/data/processed/graphs/085838.pt,/content/gnn-bert-music-context/data/processed/mels/085838.pt,6
85955,training,1123,/content/gnn-bert-music-context/data/raw/fma_small/085/085955.mp3,"Track: Feels All Over. Album: Live on WFMU's Three Chord Monte with Joe Belock - May 7, 2013. Artist: Pete Galub","[0.0, 0.0, 0.0, 0.0, 0.0, 0.0, 1.0, 0.0]",/content/gnn-bert-music-context/data/processed/graphs/085955.pt,/content/gnn-bert-music-context/data/processed/mels/085955.pt,6
85968,validation,16527,/content/gnn-bert-music-context/data/raw/fma_small/085/085968.mp3,"Track: Meet Me. Album: Live on WFMU's Airborne Event with Dan Bodah - April 29th, 2013. Artist: Seaven Teares","[0.0, 0.0, 1.0, 0.0, 0.0, 0.0, 0.0, 0.0]",/content/gnn-bert-music-context/data/processed/graphs/085968.pt,/content/gnn-bert-music-context/data/processed/mels/085968.pt,6
86795,training,16624,/content/gnn-bert-music-context/data/raw/fma_small/086/086795.mp3,Track: Pegasus. Album: C3S :: Ignition Mix. Artist: Singvøgel,"[0.0, 0.0, 0.0, 0.0, 0.0, 0.0, 0.0, 1.0]",/content/gnn-bert-music-context/data/processed/graphs/086795.pt,/content/gnn-bert-music-context/data/processed/mels/086795.pt,6
87160,training,15536,/content/gnn-bert-music-context/data/raw/fma_small/087/087160.mp3,Track: Extracurricular Twerk. Album: The Trillmont Playbook. Artist: Dr. Wylie,"[1.0, 0.0, 0.0, 0.0, 0.0, 0.0, 0.0, 0.0]",/content/gnn-bert-music-context/data/processed/graphs/087160.pt,/content/gnn-bert-music-context/data/processed/mels/087160.pt,6
87161,training,15536,/content/gnn-bert-music-context/data/raw/fma_small/087/087161.mp3,Track: Perception. Album: The Trillmont Playbook. Artist: Dr. Wylie,"[1.0, 0.0, 0.0, 0.0, 0.0, 0.0, 0.0, 0.0]",/content/gnn-bert-music-context/data/processed/graphs/087161.pt,/content/gnn-bert-music-context/data/processed/mels/087161.pt,6
87185,training,16692,/content/gnn-bert-music-context/data/raw/fma_small/087/087185.mp3,Track: All Those I Know. Album: All Those I Know. Artist: Eric & Magill,"[0.0, 0.0, 0.0, 0.0, 0.0, 0.0, 1.0, 0.0]",/content/gnn-bert-music-context/data/processed/graphs/087185.pt,/content/gnn-bert-music-context/data/processed/mels/087185.pt,6
87186,training,16692,/content/gnn-bert-music-context/data/raw/fma_small/087/087186.mp3,Track: You Make It So Good. Album: All Those I Know. Artist: Eric & Magill,"[0.0, 0.0, 0.0, 0.0, 0.0, 0.0, 1.0, 0.0]",/content/gnn-bert-music-context/data/processed/graphs/087186.pt,/content/gnn-bert-music-context/data/processed/mels/087186.pt,6
87188,training,16692,/content/gnn-bert-music-context/data/raw/fma_small/087/087188.mp3,Track: Grandpa's Pink Wine. Album: All Those I Know. Artist: Eric & Magill,"[0.0, 0.0, 0.0, 0.0, 0.0, 0.0, 1.0, 0.0]",/content/gnn-bert-music-context/data/processed/graphs/087188.pt,/content/gnn-bert-music-context/data/processed/mels/087188.pt,6
87193,training,16692,/content/gnn-bert-music-context/data/raw/fma_small/087/087193.mp3,Track: Old Man Winter. Album: All Those I Know. Artist: Eric & Magill,"[0.0, 0.0, 0.0, 0.0, 0.0, 0.0, 1.0, 0.0]",/content/gnn-bert-music-context/data/processed/graphs/087193.pt,/content/gnn-bert-music-context/data/processed/mels/087193.pt,6
87363,training,4202,/content/gnn-bert-music-context/data/raw/fma_small/087/087363.mp3,Track: Treat Her Like a Sailor. Album: Soon the Love Balloon Will Pop. Artist: Nisi Period,"[0.0, 0.0, 0.0, 0.0, 0.0, 0.0, 0.0, 1.0]",/content/gnn-bert-music-context/data/processed/graphs/087363.pt,/content/gnn-bert-music-context/data/processed/mels/087363.pt,6
87971,training,16824,/content/gnn-bert-music-context/data/raw/fma_small/087/087971.mp3,"Track: Little Brown Dog. Album: Singing at the Tangermans, June 1962. Artist: Sandy & Caroline Paton","[0.0, 0.0, 1.0, 0.0, 0.0, 0.0, 0.0, 0.0]",/content/gnn-bert-music-context/data/processed/graphs/087971.pt,/content/gnn-bert-music-context/data/processed/mels/087971.pt,6
88486,training,16843,/content/gnn-bert-music-context/data/raw/fma_small/088/088486.mp3,Track: Be Nice. Album: Urine Cakes. Artist: Crank Sturgeon & Peeesseye,"[0.0, 1.0, 0.0, 0.0, 0.0, 0.0, 0.0, 0.0]",/content/gnn-bert-music-context/data/processed/graphs/088486.pt,/content/gnn-bert-music-context/data/processed/mels/088486.pt,6
88861,training,3228,/content/gnn-bert-music-context/data/raw/fma_small/088/088861.mp3,Track: Cien Volando. Album: Dirty Wings. Artist: Josh Woodward,"[0.0, 0.0, 1.0, 0.0, 0.0, 0.0, 0.0, 0.0]",/content/gnn-bert-music-context/data/processed/graphs/088861.pt,/content/gnn-bert-music-context/data/processed/mels/088861.pt,6
88867,training,3228,/content/gnn-bert-music-context/data/raw/fma_small/088/088867.mp3,Track: Omaha. Album: Dirty Wings. Artist: Josh Woodward,"[0.0, 0.0, 1.0, 0.0, 0.0, 0.0, 0.0, 0.0]",/content/gnn-bert-music-context/data/processed/graphs/088867.pt,/content/gnn-bert-music-context/data/processed/mels/088867.pt,6
88869,training,3228,/content/gnn-bert-music-context/data/raw/fma_small/088/088869.mp3,Track: Gallows Hill (No Vocals). Album: Dirty Wings (Instrumentals). Artist: Josh Woodward,"[0.0, 0.0, 1.0, 0.0, 0.0, 0.0, 0.0, 0.0]",/content/gnn-bert-music-context/data/processed/graphs/088869.pt,/content/gnn-bert-music-context/data/processed/mels/088869.pt,6
88873,training,3228,/content/gnn-bert-music-context/data/raw/fma_small/088/088873.mp3,Track: Cien Volando (No Vocals). Album: Dirty Wings (Instrumentals). Artist: Josh Woodward,"[0.0, 0.0, 1.0, 0.0, 0.0, 0.0, 0.0, 0.0]",/content/gnn-bert-music-context/data/processed/graphs/088873.pt,/content/gnn-bert-music-context/data/processed/mels/088873.pt,6
88878,training,3228,/content/gnn-bert-music-context/data/raw/fma_small/088/088878.mp3,Track: Gravity (No Vocals). Album: Dirty Wings (Instrumentals). Artist: Josh Woodward,"[0.0, 0.0, 1.0, 0.0, 0.0, 0.0, 0.0, 0.0]",/content/gnn-bert-music-context/data/processed/graphs/088878.pt,/content/gnn-bert-music-context/data/processed/mels/088878.pt,6
88892,training,3228,/content/gnn-bert-music-context/data/raw/fma_small/088/088892.mp3,Track: The Vagabond (No Vocals). Album: Dirty Wings (Instrumentals). Artist: Josh Woodward,"[0.0, 0.0, 1.0, 0.0, 0.0, 0.0, 0.0, 0.0]",/content/gnn-bert-music-context/data/processed/graphs/088892.pt,/content/gnn-bert-music-context/data/processed/mels/088892.pt,6
88899,training,16849,/content/gnn-bert-music-context/data/raw/fma_small/088/088899.mp3,"Track: Brown, Grey, Green. Album: Live on CJSW's White Lodge/Black Lodge June 21, 2011. Artist: Hunter-Gatherer","[0.0, 0.0, 0.0, 0.0, 0.0, 0.0, 0.0, 1.0]",/content/gnn-bert-music-context/data/processed/graphs/088899.pt,/content/gnn-bert-music-context/data/processed/mels/088899.pt,6
89847,training,16894,/content/gnn-bert-music-context/data/raw/fma_small/089/089847.mp3,Track: Boostin feat. Waes One (prod. by Eric Steuer). Album: Why You Cryin. Artist: Not The 1s,"[0.0, 0.0, 0.0, 1.0, 0.0, 0.0, 0.0, 0.0]",/content/gnn-bert-music-context/data/processed/graphs/089847.pt,/content/gnn-bert-music-context/data/processed/mels/089847.pt,6
89991,training,16956,/content/gnn-bert-music-context/data/raw/fma_small/089/089991.mp3,Track: [radiolibre] Ruidos del Trabajo... 10.Particulas Sonicas.... Album: nx2013-08. Artist: Jazznoize,"[0.0, 1.0, 0.0, 0.0, 0.0, 0.0, 0.0, 0.0]",/content/gnn-bert-music-context/data/processed/graphs/089991.pt,/content/gnn-bert-music-context/data/processed/mels/089991.pt,6
90027,training,16958,/content/gnn-bert-music-context/data/raw/fma_small/090/090027.mp3,Track: The Breath. Album: the Breath. Artist: Geometrie Variabili,"[0.0, 1.0, 0.0, 0.0, 0.0, 0.0, 0.0, 0.0]",/content/gnn-bert-music-context/data/processed/graphs/090027.pt,/content/gnn-bert-music-context/data/processed/mels/090027.pt,6
90278,training,2008,/content/gnn-bert-music-context/data/raw/fma_small/090/090278.mp3,"Track: Thunder Storm - Vancouver, BC September 5 2013. Album: Vancouver Thunder Storm. Artist: Lee Rosevere","[0.0, 1.0, 0.0, 0.0, 0.0, 0.0, 0.0, 0.0]",/content/gnn-bert-music-context/data/processed/graphs/090278.pt,/content/gnn-bert-music-context/data/processed/mels/090278.pt,6
90529,test,16986,/content/gnn-bert-music-context/data/raw/fma_small/090/090529.mp3,Track: Ruby. Album: Teal. Artist: Rod Hamilton,"[0.0, 0.0, 0.0, 0.0, 1.0, 0.0, 0.0, 0.0]",/content/gnn-bert-music-context/data/processed/graphs/090529.pt,/content/gnn-bert-music-context/data/processed/mels/090529.pt,6
90579,training,7444,/content/gnn-bert-music-context/data/raw/fma_small/090/090579.mp3,Track: Spider Dance. Album: Underscores. Artist: Pilesar,"[0.0, 0.0, 0.0, 0.0, 0.0, 0.0, 1.0, 0.0]",/content/gnn-bert-music-context/data/processed/graphs/090579.pt,/content/gnn-bert-music-context/data/processed/mels/090579.pt,6
90587,training,7444,/content/gnn-bert-music-context/data/raw/fma_small/090/090587.mp3,"Track: Squid Dance, Squid Waltz (bonus). Album: Underscores. Artist: Pilesar","[0.0, 0.0, 0.0, 0.0, 0.0, 0.0, 1.0, 0.0]",/content/gnn-bert-music-context/data/processed/graphs/090587.pt,/content/gnn-bert-music-context/data/processed/mels/090587.pt,6
90824,training,17006,/content/gnn-bert-music-context/data/raw/fma_small/090/090824.mp3,"Track: Don't Lie. Album: Live on WFMU's Hello Children with Faye - July 20, 2013. Artist: The Mantles","[0.0, 0.0, 0.0, 0.0, 0.0, 0.0, 1.0, 0.0]",/content/gnn-bert-music-context/data/processed/graphs/090824.pt,/content/gnn-bert-music-context/data/processed/mels/090824.pt,6
90828,training,17006,/content/gnn-bert-music-context/data/raw/fma_small/090/090828.mp3,"Track: Happy Island. Album: Live on WFMU's Hello Children with Faye - July 20, 2013. Artist: The Mantles","[0.0, 0.0, 0.0, 0.0, 0.0, 0.0, 1.0, 0.0]",/content/gnn-bert-music-context/data/processed/graphs/090828.pt,/content/gnn-bert-music-context/data/processed/mels/090828.pt,6
91082,training,17022,/content/gnn-bert-music-context/data/raw/fma_small/091/091082.mp3,Track: HORNSONG. Album: U_END. Artist: URB,"[1.0, 0.0, 0.0, 0.0, 0.0, 0.0, 0.0, 0.0]",/content/gnn-bert-music-context/data/processed/graphs/091082.pt,/content/gnn-bert-music-context/data/processed/mels/091082.pt,6
91087,training,17022,/content/gnn-bert-music-context/data/raw/fma_small/091/091087.mp3,Track: IDY. Album: U_END. Artist: URB,"[1.0, 0.0, 0.0, 0.0, 0.0, 0.0, 0.0, 0.0]",/content/gnn-bert-music-context/data/processed/graphs/091087.pt,/content/gnn-bert-music-context/data/processed/mels/091087.pt,6
91089,training,17022,/content/gnn-bert-music-context/data/raw/fma_small/091/091089.mp3,Track: TONTURA. Album: U_END. Artist: URB,"[1.0, 0.0, 0.0, 0.0, 0.0, 0.0, 0.0, 0.0]",/content/gnn-bert-music-context/data/processed/graphs/091089.pt,/content/gnn-bert-music-context/data/processed/mels/091089.pt,6
91092,training,17023,/content/gnn-bert-music-context/data/raw/fma_small/091/091092.mp3,"Track: Meth. Album: Live on WFMU's Cherry Blossom Clinic with Terre T - September 14, 2013. Artist: Cuntz","[0.0, 0.0, 0.0, 0.0, 0.0, 0.0, 0.0, 1.0]",/content/gnn-bert-music-context/data/processed/graphs/091092.pt,/content/gnn-bert-music-context/data/processed/mels/091092.pt,6
91161,training,13391,/content/gnn-bert-music-context/data/raw/fma_small/091/091161.mp3,Track: The Reality Machine. Album: Choose Your Own Adventure. Artist: Monroeville Music Center,"[0.0, 0.0, 0.0, 0.0, 0.0, 0.0, 1.0, 0.0]",/content/gnn-bert-music-context/data/processed/graphs/091161.pt,/content/gnn-bert-music-context/data/processed/mels/091161.pt,6
91177,training,17040,/content/gnn-bert-music-context/data/raw/fma_small/091/091177.mp3,Track: Drops of brandy - The mountain kid. Album: Aislinn. Artist: Aislinn,"[0.0, 0.0, 0.0, 0.0, 0.0, 1.0, 0.0, 0.0]",/content/gnn-bert-music-context/data/processed/graphs/091177.pt,/content/gnn-bert-music-context/data/processed/mels/091177.pt,6
91178,training,17040,/content/gnn-bert-music-context/data/raw/fma_small/091/091178.mp3,Track: Toss the feathers - Otter's holt. Album: Aislinn. Artist: Aislinn,"[0.0, 0.0, 0.0, 0.0, 0.0, 1.0, 0.0, 0.0]",/content/gnn-bert-music-context/data/processed/graphs/091178.pt,/content/gnn-bert-music-context/data/processed/mels/091178.pt,6
91181,training,17040,/content/gnn-bert-music-context/data/raw/fma_small/091/091181.mp3,Track: Moorlough shore. Album: Aislinn. Artist: Aislinn,"[0.0, 0.0, 0.0, 0.0, 0.0, 1.0, 0.0, 0.0]",/content/gnn-bert-music-context/data/processed/graphs/091181.pt,/content/gnn-bert-music-context/data/processed/mels/091181.pt,6
91228,training,17044,/content/gnn-bert-music-context/data/raw/fma_small/091/091228.mp3,Track: Softens The Blow. Album: So Few Comfortable Places. Artist: Lonely Faction,"[0.0, 0.0, 1.0, 0.0, 0.0, 0.0, 0.0, 0.0]",/content/gnn-bert-music-context/data/processed/graphs/091228.pt,/content/gnn-bert-music-context/data/processed/mels/091228.pt,6
91791,training,17120,/content/gnn-bert-music-context/data/raw/fma_small/091/091791.mp3,Track: Good Old Colony Days. Album: Three Jolly Rogues. Artist: Three Jolly Rogues,"[0.0, 0.0, 1.0, 0.0, 0.0, 0.0, 0.0, 0.0]",/content/gnn-bert-music-context/data/processed/graphs/091791.pt,/content/gnn-bert-music-context/data/processed/mels/091791.pt,6
91869,training,7211,/content/gnn-bert-music-context/data/raw/fma_small/091/091869.mp3,Track: Gato de basurero. Album: Melcochambre Sónico. Artist: Los Margaritos,"[0.0, 0.0, 0.0, 0.0, 0.0, 0.0, 0.0, 1.0]",/content/gnn-bert-music-context/data/processed/graphs/091869.pt,/content/gnn-bert-music-context/data/processed/mels/091869.pt,6
91934,training,10979,/content/gnn-bert-music-context/data/raw/fma_small/091/091934.mp3,"Track: Hold Fast. Album: Live on WFMU's Shrunken Planet with Jeffrey Davison - Sep 28, 2013. Artist: Zachary Cale","[0.0, 0.0, 1.0, 0.0, 0.0, 0.0, 0.0, 0.0]",/content/gnn-bert-music-context/data/processed/graphs/091934.pt,/content/gnn-bert-music-context/data/processed/mels/091934.pt,6
91937,training,10979,/content/gnn-bert-music-context/data/raw/fma_small/091/091937.mp3,"Track: Love In Vain. Album: Live on WFMU's Shrunken Planet with Jeffrey Davison - Sep 28, 2013. Artist: Zachary Cale","[0.0, 0.0, 1.0, 0.0, 0.0, 0.0, 0.0, 0.0]",/content/gnn-bert-music-context/data/processed/graphs/091937.pt,/content/gnn-bert-music-context/data/processed/mels/091937.pt,6
91960,training,17136,/content/gnn-bert-music-context/data/raw/fma_small/091/091960.mp3,Track: Feel No Stress. Album: Čaj na ex Live from Radio Bunker. Artist: Čaj na Ex,"[0.0, 0.0, 0.0, 0.0, 0.0, 1.0, 0.0, 0.0]",/content/gnn-bert-music-context/data/processed/graphs/091960.pt,/content/gnn-bert-music-context/data/processed/mels/091960.pt,6
92508,training,17227,/content/gnn-bert-music-context/data/raw/fma_small/092/092508.mp3,"Track: Spock Fingers. Album: Live on WFMU's Cherry Blossom Clinic with Terre T - October 5, 2013. Artist: Spray Paint","[0.0, 0.0, 0.0, 0.0, 0.0, 0.0, 0.0, 1.0]",/content/gnn-bert-music-context/data/processed/graphs/092508.pt,/content/gnn-bert-music-context/data/processed/mels/092508.pt,6
92554,training,17237,/content/gnn-bert-music-context/data/raw/fma_small/092/092554.mp3,Track: Black Magic. Album: Best Bytes Volume 2. Artist: JMD,"[1.0, 0.0, 0.0, 0.0, 0.0, 0.0, 0.0, 0.0]",/content/gnn-bert-music-context/data/processed/graphs/092554.pt,/content/gnn-bert-music-context/data/processed/mels/092554.pt,6
92556,training,13826,/content/gnn-bert-music-context/data/raw/fma_small/092/092556.mp3,Track: Outer Self. Album: Best Bytes Volume 2. Artist: Psychadelik Pedestrian,"[1.0, 0.0, 0.0, 0.0, 0.0, 0.0, 0.0, 0.0]",/content/gnn-bert-music-context/data/processed/graphs/092556.pt,/content/gnn-bert-music-context/data/processed/mels/092556.pt,6
92565,training,17238,/content/gnn-bert-music-context/data/raw/fma_small/092/092565.mp3,Track: Birdie. Album: Membrane. Artist: Reier,"[0.0, 1.0, 0.0, 0.0, 0.0, 0.0, 0.0, 0.0]",/content/gnn-bert-music-context/data/processed/graphs/092565.pt,/content/gnn-bert-music-context/data/processed/mels/092565.pt,6
92878,training,14774,/content/gnn-bert-music-context/data/raw/fma_small/092/092878.mp3,Track: A Sad Song for Junction City Fields. Album: A Bomb Shelter in Kansas. Artist: The Fucked Up Beat,"[0.0, 1.0, 0.0, 0.0, 0.0, 0.0, 0.0, 0.0]",/content/gnn-bert-music-context/data/processed/graphs/092878.pt,/content/gnn-bert-music-context/data/processed/mels/092878.pt,6
92885,training,14774,/content/gnn-bert-music-context/data/raw/fma_small/092/092885.mp3,Track: Cloud Poems. Album: A Bomb Shelter in Kansas. Artist: The Fucked Up Beat,"[0.0, 1.0, 0.0, 0.0, 0.0, 0.0, 0.0, 0.0]",/content/gnn-bert-music-context/data/processed/graphs/092885.pt,/content/gnn-bert-music-context/data/processed/mels/092885.pt,6
92889,training,14774,/content/gnn-bert-music-context/data/raw/fma_small/092/092889.mp3,Track: Hope in Monoculture. Album: A Bomb Shelter in Kansas. Artist: The Fucked Up Beat,"[0.0, 1.0, 0.0, 0.0, 0.0, 0.0, 0.0, 0.0]",/content/gnn-bert-music-context/data/processed/graphs/092889.pt,/content/gnn-bert-music-context/data/processed/mels/092889.pt,6
92948,training,17278,/content/gnn-bert-music-context/data/raw/fma_small/092/092948.mp3,Track: Ghost. Album: Tamara and Demon. Artist: Muhmood,"[0.0, 0.0, 0.0, 0.0, 1.0, 0.0, 0.0, 0.0]",/content/gnn-bert-music-context/data/processed/graphs/092948.pt,/content/gnn-bert-music-context/data/processed/mels/092948.pt,6
93074,validation,17285,/content/gnn-bert-music-context/data/raw/fma_small/093/093074.mp3,"Track: Spirit First. Album: Live on WFMU's Beastin' The Airwaves! with Keili - Oct 18, 2013. Artist: Levi Weaver","[0.0, 0.0, 1.0, 0.0, 0.0, 0.0, 0.0, 0.0]",/content/gnn-bert-music-context/data/processed/graphs/093074.pt,/content/gnn-bert-music-context/data/processed/mels/093074.pt,6
93075,validation,17285,/content/gnn-bert-music-context/data/raw/fma_small/093/093075.mp3,"Track: Song In My Branches. Album: Live on WFMU's Beastin' The Airwaves! with Keili - Oct 18, 2013. Artist: Levi Weaver","[0.0, 0.0, 1.0, 0.0, 0.0, 0.0, 0.0, 0.0]",/content/gnn-bert-music-context/data/processed/graphs/093075.pt,/content/gnn-bert-music-context/data/processed/mels/093075.pt,6
93520,test,17332,/content/gnn-bert-music-context/data/raw/fma_small/093/093520.mp3,Track: Slow Moving. Album: Snake Charm. Artist: Moon Veil,"[1.0, 0.0, 0.0, 0.0, 0.0, 0.0, 0.0, 0.0]",/content/gnn-bert-music-context/data/processed/graphs/093520.pt,/content/gnn-bert-music-context/data/processed/mels/093520.pt,6
93710,training,17341,/content/gnn-bert-music-context/data/raw/fma_small/093/093710.mp3,"Track: Palm Tree. Album: Live on WFMU's Airborne Event with Dan Bodah: September 9, 2013. Artist: The Chapin Sisters","[0.0, 0.0, 1.0, 0.0, 0.0, 0.0, 0.0, 0.0]",/content/gnn-bert-music-context/data/processed/graphs/093710.pt,/content/gnn-bert-music-context/data/processed/mels/093710.pt,6
93920,training,13262,/content/gnn-bert-music-context/data/raw/fma_small/093/093920.mp3,Track: The Lake. Album: Viikinsaari. Artist: Jahzzar,"[0.0, 0.0, 0.0, 0.0, 1.0, 0.0, 0.0, 0.0]",/content/gnn-bert-music-context/data/processed/graphs/093920.pt,/content/gnn-bert-music-context/data/processed/mels/093920.pt,6
93940,training,11572,/content/gnn-bert-music-context/data/raw/fma_small/093/093940.mp3,Track: December. Album: childhood in housing complex. Artist: kesson shoujo,"[1.0, 0.0, 0.0, 0.0, 0.0, 0.0, 0.0, 0.0]",/content/gnn-bert-music-context/data/processed/graphs/093940.pt,/content/gnn-bert-music-context/data/processed/mels/093940.pt,6
93981,training,17351,/content/gnn-bert-music-context/data/raw/fma_small/093/093981.mp3,Track: Košielka. Album: Abraka Dub. Artist: Abraka Dub,"[0.0, 0.0, 0.0, 0.0, 0.0, 1.0, 0.0, 0.0]",/content/gnn-bert-music-context/data/processed/graphs/093981.pt,/content/gnn-bert-music-context/data/processed/mels/093981.pt,6
93985,validation,17349,/content/gnn-bert-music-context/data/raw/fma_small/093/093985.mp3,Track: Hot Skins. Album: Adidas. Artist: Bugs and Rats,"[0.0, 0.0, 0.0, 0.0, 0.0, 0.0, 0.0, 1.0]",/content/gnn-bert-music-context/data/processed/graphs/093985.pt,/content/gnn-bert-music-context/data/processed/mels/093985.pt,6
94035,training,17361,/content/gnn-bert-music-context/data/raw/fma_small/094/094035.mp3,Track: Glassheart. Album: Tales For Mind. Artist: Coldnoise,"[0.0, 0.0, 0.0, 0.0, 1.0, 0.0, 0.0, 0.0]",/content/gnn-bert-music-context/data/processed/graphs/094035.pt,/content/gnn-bert-music-context/data/processed/mels/094035.pt,6
94038,training,17361,/content/gnn-bert-music-context/data/raw/fma_small/094/094038.mp3,Track: Poems. Album: Tales For Mind. Artist: Coldnoise,"[0.0, 0.0, 0.0, 0.0, 1.0, 0.0, 0.0, 0.0]",/content/gnn-bert-music-context/data/processed/graphs/094038.pt,/content/gnn-bert-music-context/data/processed/mels/094038.pt,6
94039,training,17361,/content/gnn-bert-music-context/data/raw/fma_small/094/094039.mp3,Track: Your Wonderland. Album: Tales For Mind. Artist: Coldnoise,"[0.0, 0.0, 0.0, 0.0, 1.0, 0.0, 0.0, 0.0]",/content/gnn-bert-music-context/data/processed/graphs/094039.pt,/content/gnn-bert-music-context/data/processed/mels/094039.pt,6
94415,training,16743,/content/gnn-bert-music-context/data/raw/fma_small/094/094415.mp3,Track: Somatou. Album: Matsuyoi No Tsuki. Artist: Kakurenbo,"[1.0, 0.0, 0.0, 0.0, 0.0, 0.0, 0.0, 0.0]",/content/gnn-bert-music-context/data/processed/graphs/094415.pt,/content/gnn-bert-music-context/data/processed/mels/094415.pt,6
94423,training,17057,/content/gnn-bert-music-context/data/raw/fma_small/094/094423.mp3,Track: Asterisk. Album: netBloc Vol. 45: Old Orchard Ave. Artist: Bored With Four,"[0.0, 0.0, 0.0, 0.0, 0.0, 0.0, 1.0, 0.0]",/content/gnn-bert-music-context/data/processed/graphs/094423.pt,/content/gnn-bert-music-context/data/processed/mels/094423.pt,6
94465,training,3593,/content/gnn-bert-music-context/data/raw/fma_small/094/094465.mp3,"Track: TSP And The Moon. Album: Platters, Act 5: The Silent Anniversary (10 Years Of Tha Silent Partner). Artist: Tha Silent Partner","[0.0, 0.0, 0.0, 1.0, 0.0, 0.0, 0.0, 0.0]",/content/gnn-bert-music-context/data/processed/graphs/094465.pt,/content/gnn-bert-music-context/data/processed/mels/094465.pt,6
95189,training,13882,/content/gnn-bert-music-context/data/raw/fma_small/095/095189.mp3,Track: Western Fixings. Album: Bind:Sever. Artist: Semyon,"[0.0, 1.0, 0.0, 0.0, 0.0, 0.0, 0.0, 0.0]",/content/gnn-bert-music-context/data/processed/graphs/095189.pt,/content/gnn-bert-music-context/data/processed/mels/095189.pt,6
95724,training,6074,/content/gnn-bert-music-context/data/raw/fma_small/095/095724.mp3,Track: Instrumental #2 Revisited. Album: ...Plays Guitar Again. Artist: Gillicuddy,"[0.0, 0.0, 0.0, 0.0, 1.0, 0.0, 0.0, 0.0]",/content/gnn-bert-music-context/data/processed/graphs/095724.pt,/content/gnn-bert-music-context/data/processed/mels/095724.pt,6
96167,training,17597,/content/gnn-bert-music-context/data/raw/fma_small/096/096167.mp3,"Track: Sound: The Encounter. Album: Live on WFMU's Transpacific Sound Paradise with Rob Weisberg - December 7, 2013. Artist: Sound: The Encounter","[0.0, 0.0, 0.0, 0.0, 0.0, 1.0, 0.0, 0.0]",/content/gnn-bert-music-context/data/processed/graphs/096167.pt,/content/gnn-bert-music-context/data/processed/mels/096167.pt,6
96403,training,17630,/content/gnn-bert-music-context/data/raw/fma_small/096/096403.mp3,Track: Wrong or Right. Album: Wrong or Right. Artist: Insane Ride,"[0.0, 0.0, 0.0, 0.0, 0.0, 0.0, 0.0, 1.0]",/content/gnn-bert-music-context/data/processed/graphs/096403.pt,/content/gnn-bert-music-context/data/processed/mels/096403.pt,6
96627,training,17691,/content/gnn-bert-music-context/data/raw/fma_small/096/096627.mp3,Track: Mais Que Dirait Eric Rohmer ?. Album: Je Suis Superposé. Artist: Damien Schultz,"[0.0, 1.0, 0.0, 0.0, 0.0, 0.0, 0.0, 0.0]",/content/gnn-bert-music-context/data/processed/graphs/096627.pt,/content/gnn-bert-music-context/data/processed/mels/096627.pt,6
96692,training,17697,/content/gnn-bert-music-context/data/raw/fma_small/096/096692.mp3,"Track: Postman. Album: Live on WFMU's 100% Whatever with Mary Wing - December 12, 2013. Artist: Melissa Laveaux","[0.0, 0.0, 1.0, 0.0, 0.0, 0.0, 0.0, 0.0]",/content/gnn-bert-music-context/data/processed/graphs/096692.pt,/content/gnn-bert-music-context/data/processed/mels/096692.pt,6
96731,training,17701,/content/gnn-bert-music-context/data/raw/fma_small/096/096731.mp3,"Track: In Your Hollow. Album: Live on WFMU's Shrunken Planet with Jeffrey Davison- November 30, 2013. Artist: Allysen Callery","[0.0, 0.0, 1.0, 0.0, 0.0, 0.0, 0.0, 0.0]",/content/gnn-bert-music-context/data/processed/graphs/096731.pt,/content/gnn-bert-music-context/data/processed/mels/096731.pt,6
97547,training,17179,/content/gnn-bert-music-context/data/raw/fma_small/097/097547.mp3,Track: Soy La Pocha. Album: The Mi Concha EP. Artist: Malportado Kids,"[1.0, 0.0, 0.0, 0.0, 0.0, 0.0, 0.0, 0.0]",/content/gnn-bert-music-context/data/processed/graphs/097547.pt,/content/gnn-bert-music-context/data/processed/mels/097547.pt,6
97548,training,17179,/content/gnn-bert-music-context/data/raw/fma_small/097/097548.mp3,Track: Fuego. Album: The Mi Concha EP. Artist: Malportado Kids,"[1.0, 0.0, 0.0, 0.0, 0.0, 0.0, 0.0, 0.0]",/content/gnn-bert-music-context/data/processed/graphs/097548.pt,/content/gnn-bert-music-context/data/processed/mels/097548.pt,6
97585,training,17860,/content/gnn-bert-music-context/data/raw/fma_small/097/097585.mp3,"Track: Loose Change. Album: Live on WFMU with Irene Trudel: Nov 4, 2013. Artist: Olivia Chaney","[0.0, 0.0, 1.0, 0.0, 0.0, 0.0, 0.0, 0.0]",/content/gnn-bert-music-context/data/processed/graphs/097585.pt,/content/gnn-bert-music-context/data/processed/mels/097585.pt,6
97813,training,17879,/content/gnn-bert-music-context/data/raw/fma_small/097/097813.mp3,Track: bleib gesund. Album: Das Rhytmusboxen des Ambientinox. Artist: Inox Kapell,"[0.0, 1.0, 0.0, 0.0, 0.0, 0.0, 0.0, 0.0]",/content/gnn-bert-music-context/data/processed/graphs/097813.pt,/content/gnn-bert-music-context/data/processed/mels/097813.pt,6
97987,training,17695,/content/gnn-bert-music-context/data/raw/fma_small/097/097987.mp3,Track: Incredible Things (Featuring Golden Child) (Accapella). Album: Up To You (3 Da Hard Way) (Featuring Cable). Artist: Deadly Combo,"[0.0, 0.0, 0.0, 1.0, 0.0, 0.0, 0.0, 0.0]",/content/gnn-bert-music-context/data/processed/graphs/097987.pt,/content/gnn-bert-music-context/data/processed/mels/097987.pt,6
98204,training,17907,/content/gnn-bert-music-context/data/raw/fma_small/098/098204.mp3,Track: Unpleasant Nature. Album: Prometheus. Artist: Ezylohm_tek,"[1.0, 0.0, 0.0, 0.0, 0.0, 0.0, 0.0, 0.0]",/content/gnn-bert-music-context/data/processed/graphs/098204.pt,/content/gnn-bert-music-context/data/processed/mels/098204.pt,6
98251,training,11423,/content/gnn-bert-music-context/data/raw/fma_small/098/098251.mp3,Track: 13. Dis (Live). Album: DemoN. Artist: Ljudske Potrebe,"[0.0, 0.0, 0.0, 0.0, 0.0, 0.0, 0.0, 1.0]",/content/gnn-bert-music-context/data/processed/graphs/098251.pt,/content/gnn-bert-music-context/data/processed/mels/098251.pt,6
98339,training,11103,/content/gnn-bert-music-context/data/raw/fma_small/098/098339.mp3,Track: Chochek Medley. Album: Live at the 2014 Golden Festival. Artist: Gogofski,"[0.0, 0.0, 0.0, 0.0, 0.0, 1.0, 0.0, 0.0]",/content/gnn-bert-music-context/data/processed/graphs/098339.pt,/content/gnn-bert-music-context/data/processed/mels/098339.pt,6
98553,validation,12271,/content/gnn-bert-music-context/data/raw/fma_small/098/098553.mp3,Track: Vision. Album: The 5th Element. Artist: Kellee Maize,"[0.0, 0.0, 0.0, 1.0, 0.0, 0.0, 0.0, 0.0]",/content/gnn-bert-music-context/data/processed/graphs/098553.pt,/content/gnn-bert-music-context/data/processed/mels/098553.pt,6
98569,training,15196,/content/gnn-bert-music-context/data/raw/fma_small/098/098569.mp3,Track: Love and Fear. Album: Product of my Environment. Artist: Hi-Rez,"[0.0, 0.0, 0.0, 1.0, 0.0, 0.0, 0.0, 0.0]",/content/gnn-bert-music-context/data/processed/graphs/098569.pt,/content/gnn-bert-music-context/data/processed/mels/098569.pt,6
98579,training,15196,/content/gnn-bert-music-context/data/raw/fma_small/098/098579.mp3,Track: Never Enough Ft. Kinetics (Prod. Cherne). Album: Lost Time. Artist: Hi-Rez,"[0.0, 0.0, 0.0, 1.0, 0.0, 0.0, 0.0, 0.0]",/content/gnn-bert-music-context/data/processed/graphs/098579.pt,/content/gnn-bert-music-context/data/processed/mels/098579.pt,6
98623,training,17784,/content/gnn-bert-music-context/data/raw/fma_small/098/098623.mp3,Track: Dust at the Heel of Horror. Album: No Guts EP. Artist: KINGS OF THE CITY,"[0.0, 0.0, 0.0, 1.0, 0.0, 0.0, 0.0, 0.0]",/content/gnn-bert-music-context/data/processed/graphs/098623.pt,/content/gnn-bert-music-context/data/processed/mels/098623.pt,6
98624,training,17784,/content/gnn-bert-music-context/data/raw/fma_small/098/098624.mp3,Track: Please Tell Me. Album: No Glory EP. Artist: KINGS OF THE CITY,"[0.0, 0.0, 0.0, 1.0, 0.0, 0.0, 0.0, 0.0]",/content/gnn-bert-music-context/data/processed/graphs/098624.pt,/content/gnn-bert-music-context/data/processed/mels/098624.pt,6
98625,training,17784,/content/gnn-bert-music-context/data/raw/fma_small/098/098625.mp3,Track: Woman. Album: No Glory EP. Artist: KINGS OF THE CITY,"[0.0, 0.0, 0.0, 1.0, 0.0, 0.0, 0.0, 0.0]",/content/gnn-bert-music-context/data/processed/graphs/098625.pt,/content/gnn-bert-music-context/data/processed/mels/098625.pt,6
98668,validation,1836,/content/gnn-bert-music-context/data/raw/fma_small/098/098668.mp3,Track: Kizilciklar Oldumu. Album: Live at the 2014 Golden Festival. Artist: Scott Wilson & Efendi,"[0.0, 0.0, 0.0, 0.0, 0.0, 1.0, 0.0, 0.0]",/content/gnn-bert-music-context/data/processed/graphs/098668.pt,/content/gnn-bert-music-context/data/processed/mels/098668.pt,6
99274,training,17843,/content/gnn-bert-music-context/data/raw/fma_small/099/099274.mp3,Track: AutoTuning. Album: The power of dreams. Artist: Vilezlo,"[0.0, 1.0, 0.0, 0.0, 0.0, 0.0, 0.0, 0.0]",/content/gnn-bert-music-context/data/processed/graphs/099274.pt,/content/gnn-bert-music-context/data/processed/mels/099274.pt,6
99368,training,18023,/content/gnn-bert-music-context/data/raw/fma_small/099/099368.mp3,Track: Yana Ide. Album: Live at the 2014 Golden Festival. Artist: Yasna New York Bulgarian Women's Voices Choir,"[0.0, 0.0, 0.0, 0.0, 0.0, 1.0, 0.0, 0.0]",/content/gnn-bert-music-context/data/processed/graphs/099368.pt,/content/gnn-bert-music-context/data/processed/mels/099368.pt,6
99370,training,18023,/content/gnn-bert-music-context/data/raw/fma_small/099/099370.mp3,Track: Dilmano Dilbero. Album: Live at the 2014 Golden Festival. Artist: Yasna New York Bulgarian Women's Voices Choir,"[0.0, 0.0, 0.0, 0.0, 0.0, 1.0, 0.0, 0.0]",/content/gnn-bert-music-context/data/processed/graphs/099370.pt,/content/gnn-bert-music-context/data/processed/mels/099370.pt,6
99373,training,18023,/content/gnn-bert-music-context/data/raw/fma_small/099/099373.mp3,Track: Izgrela e Mesechinka. Album: Live at the 2014 Golden Festival. Artist: Yasna New York Bulgarian Women's Voices Choir,"[0.0, 0.0, 0.0, 0.0, 0.0, 1.0, 0.0, 0.0]",/content/gnn-bert-music-context/data/processed/graphs/099373.pt,/content/gnn-bert-music-context/data/processed/mels/099373.pt,6
99375,training,18023,/content/gnn-bert-music-context/data/raw/fma_small/099/099375.mp3,Track: Bve Petruriki. Album: Live at the 2014 Golden Festival. Artist: Yasna New York Bulgarian Women's Voices Choir,"[0.0, 0.0, 0.0, 0.0, 0.0, 1.0, 0.0, 0.0]",/content/gnn-bert-music-context/data/processed/graphs/099375.pt,/content/gnn-bert-music-context/data/processed/mels/099375.pt,6
99389,training,18025,/content/gnn-bert-music-context/data/raw/fma_small/099/099389.mp3,Track: Oj Che Je Che Nema. Album: Live at the 2014 Golden Festival. Artist: Ukrainian Village Voices,"[0.0, 0.0, 0.0, 0.0, 0.0, 1.0, 0.0, 0.0]",/content/gnn-bert-music-context/data/processed/graphs/099389.pt,/content/gnn-bert-music-context/data/processed/mels/099389.pt,6
103518,test,18286,/content/gnn-bert-music-context/data/raw/fma_small/103/103518.mp3,"Track: You Got Served. Album: If Not This, Then What?. Artist: Novi Split","[0.0, 0.0, 0.0, 0.0, 1.0, 0.0, 0.0, 0.0]",/content/gnn-bert-music-context/data/processed/graphs/103518.pt,/content/gnn-bert-music-context/data/processed/mels/103518.pt,6
103523,test,18286,/content/gnn-bert-music-context/data/raw/fma_small/103/103523.mp3,"Track: Hollow Notes. Album: If Not This, Then What?. Artist: Novi Split","[0.0, 0.0, 0.0, 0.0, 1.0, 0.0, 0.0, 0.0]",/content/gnn-bert-music-context/data/processed/graphs/103523.pt,/content/gnn-bert-music-context/data/processed/mels/103523.pt,6
104277,training,18289,/content/gnn-bert-music-context/data/raw/fma_small/104/104277.mp3,Track: Adventures In Godzilladelph. Album: The Further Adventures of SKGB. Artist: SKGB,"[1.0, 0.0, 0.0, 0.0, 0.0, 0.0, 0.0, 0.0]",/content/gnn-bert-music-context/data/processed/graphs/104277.pt,/content/gnn-bert-music-context/data/processed/mels/104277.pt,6
104356,training,18408,/content/gnn-bert-music-context/data/raw/fma_small/104/104356.mp3,"Track: Chillicothe. Album: Live on WFMU with Irene Trudel: April 21, 2014. Artist: Mark Fosson","[0.0, 0.0, 1.0, 0.0, 0.0, 0.0, 0.0, 0.0]",/content/gnn-bert-music-context/data/processed/graphs/104356.pt,/content/gnn-bert-music-context/data/processed/mels/104356.pt,6
104357,training,18408,/content/gnn-bert-music-context/data/raw/fma_small/104/104357.mp3,"Track: Softer Place To Fall. Album: Live on WFMU with Irene Trudel: April 21, 2014. Artist: Mark Fosson","[0.0, 0.0, 1.0, 0.0, 0.0, 0.0, 0.0, 0.0]",/content/gnn-bert-music-context/data/processed/graphs/104357.pt,/content/gnn-bert-music-context/data/processed/mels/104357.pt,6
105683,training,18571,/content/gnn-bert-music-context/data/raw/fma_small/105/105683.mp3,"Track: Intro. Album: Live on WFMU with Marty McSorley: May 20, 2014. Artist: Clipping","[0.0, 0.0, 0.0, 1.0, 0.0, 0.0, 0.0, 0.0]",/content/gnn-bert-music-context/data/processed/graphs/105683.pt,/content/gnn-bert-music-context/data/processed/mels/105683.pt,6
105685,training,18571,/content/gnn-bert-music-context/data/raw/fma_small/105/105685.mp3,"Track: Interview with Marty McSorley. Album: Live on WFMU with Marty McSorley: May 20, 2014. Artist: Clipping","[0.0, 0.0, 0.0, 1.0, 0.0, 0.0, 0.0, 0.0]",/content/gnn-bert-music-context/data/processed/graphs/105685.pt,/content/gnn-bert-music-context/data/processed/mels/105685.pt,6
105826,training,18584,/content/gnn-bert-music-context/data/raw/fma_small/105/105826.mp3,Track: Foods That Start With Q (Feat. Fat Arm & Shark Dentures). Album: Sacrifice Fly (Sampler). Artist: All Urban Outfield,"[0.0, 0.0, 0.0, 1.0, 0.0, 0.0, 0.0, 0.0]",/content/gnn-bert-music-context/data/processed/graphs/105826.pt,/content/gnn-bert-music-context/data/processed/mels/105826.pt,6
105890,training,18589,/content/gnn-bert-music-context/data/raw/fma_small/105/105890.mp3,"Track: Photographer Friend. Album: Live on WFMU with Irene - May 19, 2014. Artist: Leif Vollebek","[0.0, 0.0, 1.0, 0.0, 0.0, 0.0, 0.0, 0.0]",/content/gnn-bert-music-context/data/processed/graphs/105890.pt,/content/gnn-bert-music-context/data/processed/mels/105890.pt,6
105916,training,18592,/content/gnn-bert-music-context/data/raw/fma_small/105/105916.mp3,"Track: Raga. Album: Live on WFMU with Irene - May 5, 2014. Artist: Matt Sowell","[0.0, 0.0, 1.0, 0.0, 0.0, 0.0, 0.0, 0.0]",/content/gnn-bert-music-context/data/processed/graphs/105916.pt,/content/gnn-bert-music-context/data/processed/mels/105916.pt,6
106465,training,18665,/content/gnn-bert-music-context/data/raw/fma_small/106/106465.mp3,Track: Live. Album: Welcome to Dinosaur Jugnot. Artist: Dinosaur Jugnot,"[0.0, 0.0, 0.0, 0.0, 0.0, 0.0, 0.0, 1.0]",/content/gnn-bert-music-context/data/processed/graphs/106465.pt,/content/gnn-bert-music-context/data/processed/mels/106465.pt,6
106629,test,18680,/content/gnn-bert-music-context/data/raw/fma_small/106/106629.mp3,Track: IV. Album: MCMLII. Artist: Phelios,"[0.0, 0.0, 0.0, 0.0, 1.0, 0.0, 0.0, 0.0]",/content/gnn-bert-music-context/data/processed/graphs/106629.pt,/content/gnn-bert-music-context/data/processed/mels/106629.pt,6
107028,training,12085,/content/gnn-bert-music-context/data/raw/fma_small/107/107028.mp3,Track: VIEUX KNOWL (avec Jam). Album: Toute Est Impossible. Artist: Alaclair Ensemble,"[0.0, 0.0, 0.0, 1.0, 0.0, 0.0, 0.0, 0.0]",/content/gnn-bert-music-context/data/processed/graphs/107028.pt,/content/gnn-bert-music-context/data/processed/mels/107028.pt,6
107432,training,18761,/content/gnn-bert-music-context/data/raw/fma_small/107/107432.mp3,Track: The Simple Complex. Album: Free Music Project Vol. 1. Artist: UncleBibby,"[1.0, 0.0, 0.0, 0.0, 0.0, 0.0, 0.0, 0.0]",/content/gnn-bert-music-context/data/processed/graphs/107432.pt,/content/gnn-bert-music-context/data/processed/mels/107432.pt,6
107532,training,18775,/content/gnn-bert-music-context/data/raw/fma_small/107/107532.mp3,Track: Rain 2. Album: Last Summer. Artist: Vägskäl,"[0.0, 0.0, 0.0, 0.0, 1.0, 0.0, 0.0, 0.0]",/content/gnn-bert-music-context/data/processed/graphs/107532.pt,/content/gnn-bert-music-context/data/processed/mels/107532.pt,6
107533,training,18775,/content/gnn-bert-music-context/data/raw/fma_small/107/107533.mp3,Track: The Night The Earth Stood Still. Album: Last Summer. Artist: Vägskäl,"[0.0, 0.0, 0.0, 0.0, 1.0, 0.0, 0.0, 0.0]",/content/gnn-bert-music-context/data/processed/graphs/107533.pt,/content/gnn-bert-music-context/data/processed/mels/107533.pt,6
107596,training,18755,/content/gnn-bert-music-context/data/raw/fma_small/107/107596.mp3,Track: Armitage. Album: Prelude. Artist: Kelly Latimore,"[0.0, 0.0, 1.0, 0.0, 0.0, 0.0, 0.0, 0.0]",/content/gnn-bert-music-context/data/processed/graphs/107596.pt,/content/gnn-bert-music-context/data/processed/mels/107596.pt,6
107613,training,18767,/content/gnn-bert-music-context/data/raw/fma_small/107/107613.mp3,Track: Ugly. Album: Ugly. Artist: Vienna Ditto,"[1.0, 0.0, 0.0, 0.0, 0.0, 0.0, 0.0, 0.0]",/content/gnn-bert-music-context/data/processed/graphs/107613.pt,/content/gnn-bert-music-context/data/processed/mels/107613.pt,6
108018,training,2008,/content/gnn-bert-music-context/data/raw/fma_small/108/108018.mp3,Track: Grey Sunday. Album: All These Simple Things. Artist: Lee Rosevere,"[0.0, 0.0, 0.0, 0.0, 1.0, 0.0, 0.0, 0.0]",/content/gnn-bert-music-context/data/processed/graphs/108018.pt,/content/gnn-bert-music-context/data/processed/mels/108018.pt,6
108020,training,2008,/content/gnn-bert-music-context/data/raw/fma_small/108/108020.mp3,Track: Memories Again. Album: All These Simple Things. Artist: Lee Rosevere,"[0.0, 0.0, 0.0, 0.0, 1.0, 0.0, 0.0, 0.0]",/content/gnn-bert-music-context/data/processed/graphs/108020.pt,/content/gnn-bert-music-context/data/processed/mels/108020.pt,6
108050,training,3171,/content/gnn-bert-music-context/data/raw/fma_small/108/108050.mp3,Track: Space horror. Album: Museum of the Future. Artist: Radioactive Sparrow,"[0.0, 1.0, 0.0, 0.0, 0.0, 0.0, 0.0, 0.0]",/content/gnn-bert-music-context/data/processed/graphs/108050.pt,/content/gnn-bert-music-context/data/processed/mels/108050.pt,6
108059,training,3171,/content/gnn-bert-music-context/data/raw/fma_small/108/108059.mp3,Track: An American story. Album: Museum of the Future. Artist: Radioactive Sparrow,"[0.0, 1.0, 0.0, 0.0, 0.0, 0.0, 0.0, 0.0]",/content/gnn-bert-music-context/data/processed/graphs/108059.pt,/content/gnn-bert-music-context/data/processed/mels/108059.pt,6
108297,training,16025,/content/gnn-bert-music-context/data/raw/fma_small/108/108297.mp3,Track: Battles. Album: Hello Paradise. Artist: Celebration,"[0.0, 0.0, 0.0, 0.0, 0.0, 0.0, 0.0, 1.0]",/content/gnn-bert-music-context/data/processed/graphs/108297.pt,/content/gnn-bert-music-context/data/processed/mels/108297.pt,6
108301,training,18841,/content/gnn-bert-music-context/data/raw/fma_small/108/108301.mp3,Track: My Ship. Album: Time To Go EP. Artist: Carter Behnke,"[0.0, 0.0, 1.0, 0.0, 0.0, 0.0, 0.0, 0.0]",/content/gnn-bert-music-context/data/processed/graphs/108301.pt,/content/gnn-bert-music-context/data/processed/mels/108301.pt,6
108306,training,18841,/content/gnn-bert-music-context/data/raw/fma_small/108/108306.mp3,Track: Frightened Friend. Album: Time To Go EP. Artist: Carter Behnke,"[0.0, 0.0, 1.0, 0.0, 0.0, 0.0, 0.0, 0.0]",/content/gnn-bert-music-context/data/processed/graphs/108306.pt,/content/gnn-bert-music-context/data/processed/mels/108306.pt,6
108339,validation,18846,/content/gnn-bert-music-context/data/raw/fma_small/108/108339.mp3,Track: Wizard House. Album: Mean Machine. Artist: Azureflux,"[1.0, 0.0, 0.0, 0.0, 0.0, 0.0, 0.0, 0.0]",/content/gnn-bert-music-context/data/processed/graphs/108339.pt,/content/gnn-bert-music-context/data/processed/mels/108339.pt,6
108421,training,18761,/content/gnn-bert-music-context/data/raw/fma_small/108/108421.mp3,Track: Sunshiner (TWOPLUSFADE mix). Album: Free Music Project Vol. 2. Artist: UncleBibby,"[1.0, 0.0, 0.0, 0.0, 0.0, 0.0, 0.0, 0.0]",/content/gnn-bert-music-context/data/processed/graphs/108421.pt,/content/gnn-bert-music-context/data/processed/mels/108421.pt,6
108496,training,18877,/content/gnn-bert-music-context/data/raw/fma_small/108/108496.mp3,Track: Pegasus. Album: Hybris. Artist: Sun Sunych,"[0.0, 0.0, 0.0, 1.0, 0.0, 0.0, 0.0, 0.0]",/content/gnn-bert-music-context/data/processed/graphs/108496.pt,/content/gnn-bert-music-context/data/processed/mels/108496.pt,6
108502,training,17247,/content/gnn-bert-music-context/data/raw/fma_small/108/108502.mp3,Track: Slender Man. Album: Split. Artist: Voodoo Puppets,"[0.0, 0.0, 0.0, 0.0, 0.0, 0.0, 0.0, 1.0]",/content/gnn-bert-music-context/data/processed/graphs/108502.pt,/content/gnn-bert-music-context/data/processed/mels/108502.pt,6
108505,training,18884,/content/gnn-bert-music-context/data/raw/fma_small/108/108505.mp3,Track: Prawy. Album: Split. Artist: Botinki Ra,"[0.0, 0.0, 0.0, 0.0, 0.0, 0.0, 0.0, 1.0]",/content/gnn-bert-music-context/data/processed/graphs/108505.pt,/content/gnn-bert-music-context/data/processed/mels/108505.pt,6
108808,training,18921,/content/gnn-bert-music-context/data/raw/fma_small/108/108808.mp3,Track: The Trap. Album: Doin' The Raps XE. Artist: D3Zs,"[0.0, 0.0, 0.0, 1.0, 0.0, 0.0, 0.0, 0.0]",/content/gnn-bert-music-context/data/processed/graphs/108808.pt,/content/gnn-bert-music-context/data/processed/mels/108808.pt,6
108843,test,16031,/content/gnn-bert-music-context/data/raw/fma_small/108/108843.mp3,Track: Doin Nothin (Deja Vu). Album: The More Things Stay The Same. Artist: The Impossebulls,"[0.0, 0.0, 0.0, 1.0, 0.0, 0.0, 0.0, 0.0]",/content/gnn-bert-music-context/data/processed/graphs/108843.pt,/content/gnn-bert-music-context/data/processed/mels/108843.pt,6
108865,validation,3936,/content/gnn-bert-music-context/data/raw/fma_small/108/108865.mp3,"Track: Mori Dobro Vecher. Album: Live on WFMU with Irene Trudel - August 25, 2014. Artist: Black Sea Hotel","[0.0, 0.0, 0.0, 0.0, 0.0, 1.0, 0.0, 0.0]",/content/gnn-bert-music-context/data/processed/graphs/108865.pt,/content/gnn-bert-music-context/data/processed/mels/108865.pt,6
108883,training,10469,/content/gnn-bert-music-context/data/raw/fma_small/108/108883.mp3,Track: Gentle Man. Album: Psycho. Artist: Plusplus,"[0.0, 0.0, 0.0, 0.0, 1.0, 0.0, 0.0, 0.0]",/content/gnn-bert-music-context/data/processed/graphs/108883.pt,/content/gnn-bert-music-context/data/processed/mels/108883.pt,6
108957,training,18947,/content/gnn-bert-music-context/data/raw/fma_small/108/108957.mp3,Track: Travels. Album: Unquietness. Artist: The Mystery Artist,"[0.0, 0.0, 0.0, 0.0, 0.0, 0.0, 0.0, 1.0]",/content/gnn-bert-music-context/data/processed/graphs/108957.pt,/content/gnn-bert-music-context/data/processed/mels/108957.pt,6
108970,training,18948,/content/gnn-bert-music-context/data/raw/fma_small/108/108970.mp3,"Track: Universal Brain. Album: Live on WFMU's Dark Night of the Soul with Julie - September 4, 2014. Artist: The Judy Blooms","[0.0, 0.0, 0.0, 0.0, 0.0, 0.0, 0.0, 1.0]",/content/gnn-bert-music-context/data/processed/graphs/108970.pt,/content/gnn-bert-music-context/data/processed/mels/108970.pt,6
108992,validation,18953,/content/gnn-bert-music-context/data/raw/fma_small/108/108992.mp3,"Track: Loss Of Sensation. Album: Live on Dark Night of the Soul with Julie: Sep 11, 2014. Artist: Vaniish","[0.0, 0.0, 0.0, 0.0, 0.0, 0.0, 0.0, 1.0]",/content/gnn-bert-music-context/data/processed/graphs/108992.pt,/content/gnn-bert-music-context/data/processed/mels/108992.pt,6
109189,training,18000,/content/gnn-bert-music-context/data/raw/fma_small/109/109189.mp3,Track: Solvet Cosmos In Favilla. Album: Split - Aires / Rui P. Andrade / Earthly Beasts. Artist: Aires,"[0.0, 0.0, 0.0, 0.0, 1.0, 0.0, 0.0, 0.0]",/content/gnn-bert-music-context/data/processed/graphs/109189.pt,/content/gnn-bert-music-context/data/processed/mels/109189.pt,6
109447,training,19010,/content/gnn-bert-music-context/data/raw/fma_small/109/109447.mp3,"Track: Smoke In The Cupboard. Album: Live on WFMU with Irene Trudel - September 8, 2014. Artist: Stephen Bartolomei","[0.0, 0.0, 1.0, 0.0, 0.0, 0.0, 0.0, 0.0]",/content/gnn-bert-music-context/data/processed/graphs/109447.pt,/content/gnn-bert-music-context/data/processed/mels/109447.pt,6
109481,training,19012,/content/gnn-bert-music-context/data/raw/fma_small/109/109481.mp3,"Track: Sick Joke. Album: Live on WFMU with Brian Turner: Sep 23, 2014. Artist: Doom","[0.0, 0.0, 0.0, 0.0, 0.0, 0.0, 0.0, 1.0]",/content/gnn-bert-music-context/data/processed/graphs/109481.pt,/content/gnn-bert-music-context/data/processed/mels/109481.pt,6
109542,training,19015,/content/gnn-bert-music-context/data/raw/fma_small/109/109542.mp3,Track: Air Born. Album: Every Cloud Has Your Smile. Artist: Newton Balloon,"[1.0, 0.0, 0.0, 0.0, 0.0, 0.0, 0.0, 0.0]",/content/gnn-bert-music-context/data/processed/graphs/109542.pt,/content/gnn-bert-music-context/data/processed/mels/109542.pt,6
109681,training,19024,/content/gnn-bert-music-context/data/raw/fma_small/109/109681.mp3,Track: My Place. Album: bloc Sonics. Artist: CM & Tha Silent Partner,"[0.0, 0.0, 0.0, 1.0, 0.0, 0.0, 0.0, 0.0]",/content/gnn-bert-music-context/data/processed/graphs/109681.pt,/content/gnn-bert-music-context/data/processed/mels/109681.pt,6
109712,training,8109,/content/gnn-bert-music-context/data/raw/fma_small/109/109712.mp3,Track: Symmetrical. Album: Minimal Machine Music. Artist: Tiruset,"[0.0, 1.0, 0.0, 0.0, 0.0, 0.0, 0.0, 0.0]",/content/gnn-bert-music-context/data/processed/graphs/109712.pt,/content/gnn-bert-music-context/data/processed/mels/109712.pt,6
109903,training,19031,/content/gnn-bert-music-context/data/raw/fma_small/109/109903.mp3,Track: My Hope. Album: Live on WFMU with Gaylord Fields - October 5. 2014. Artist: Debby Schwartz,"[0.0, 0.0, 1.0, 0.0, 0.0, 0.0, 0.0, 0.0]",/content/gnn-bert-music-context/data/processed/graphs/109903.pt,/content/gnn-bert-music-context/data/processed/mels/109903.pt,6
110108,validation,18846,/content/gnn-bert-music-context/data/raw/fma_small/110/110108.mp3,Track: Rainbow Ride. Album: Piko Piko Stereo. Artist: Azureflux,"[1.0, 0.0, 0.0, 0.0, 0.0, 0.0, 0.0, 0.0]",/content/gnn-bert-music-context/data/processed/graphs/110108.pt,/content/gnn-bert-music-context/data/processed/mels/110108.pt,6
110208,test,12351,/content/gnn-bert-music-context/data/raw/fma_small/110/110208.mp3,Track: La tapa del sábado. Album: La tapa del día. Artist: Circus Marcus,"[0.0, 1.0, 0.0, 0.0, 0.0, 0.0, 0.0, 0.0]",/content/gnn-bert-music-context/data/processed/graphs/110208.pt,/content/gnn-bert-music-context/data/processed/mels/110208.pt,6
110209,test,12351,/content/gnn-bert-music-context/data/raw/fma_small/110/110209.mp3,Track: La tapa del viernes. Album: La tapa del día. Artist: Circus Marcus,"[0.0, 1.0, 0.0, 0.0, 0.0, 0.0, 0.0, 0.0]",/content/gnn-bert-music-context/data/processed/graphs/110209.pt,/content/gnn-bert-music-context/data/processed/mels/110209.pt,6
110274,training,19061,/content/gnn-bert-music-context/data/raw/fma_small/110/110274.mp3,Track: black hole mystery. Album: rebirth of time. Artist: tramuc and darius,"[0.0, 1.0, 0.0, 0.0, 0.0, 0.0, 0.0, 0.0]",/content/gnn-bert-music-context/data/processed/graphs/110274.pt,/content/gnn-bert-music-context/data/processed/mels/110274.pt,6
110451,training,19071,/content/gnn-bert-music-context/data/raw/fma_small/110/110451.mp3,Track: Linton. Album: Speakin Up. Artist: Papascandy,"[0.0, 0.0, 0.0, 0.0, 0.0, 1.0, 0.0, 0.0]",/content/gnn-bert-music-context/data/processed/graphs/110451.pt,/content/gnn-bert-music-context/data/processed/mels/110451.pt,6
110610,training,16162,/content/gnn-bert-music-context/data/raw/fma_small/110/110610.mp3,Track: Power ON. Album: Remote Control. Artist: Jeff Kolar,"[0.0, 1.0, 0.0, 0.0, 0.0, 0.0, 0.0, 0.0]",/content/gnn-bert-music-context/data/processed/graphs/110610.pt,/content/gnn-bert-music-context/data/processed/mels/110610.pt,6
110649,training,19096,/content/gnn-bert-music-context/data/raw/fma_small/110/110649.mp3,"Track: Animal Farm Tango. Album: Live on Redundancy Radio with DJ Disk Jockey: October 22, 2014. Artist: Il Sogno Del Marinaio","[0.0, 0.0, 0.0, 0.0, 1.0, 0.0, 0.0, 0.0]",/content/gnn-bert-music-context/data/processed/graphs/110649.pt,/content/gnn-bert-music-context/data/processed/mels/110649.pt,6
110651,training,19096,/content/gnn-bert-music-context/data/raw/fma_small/110/110651.mp3,"Track: Stucazz?!!. Album: Live on Redundancy Radio with DJ Disk Jockey: October 22, 2014. Artist: Il Sogno Del Marinaio","[0.0, 0.0, 0.0, 0.0, 1.0, 0.0, 0.0, 0.0]",/content/gnn-bert-music-context/data/processed/graphs/110651.pt,/content/gnn-bert-music-context/data/processed/mels/110651.pt,6
110687,training,19102,/content/gnn-bert-music-context/data/raw/fma_small/110/110687.mp3,Track: Soaring Together. Album: Dreamheart. Artist: Anima,"[1.0, 0.0, 0.0, 0.0, 0.0, 0.0, 0.0, 0.0]",/content/gnn-bert-music-context/data/processed/graphs/110687.pt,/content/gnn-bert-music-context/data/processed/mels/110687.pt,6
110756,test,16031,/content/gnn-bert-music-context/data/raw/fma_small/110/110756.mp3,Track: Mediaocrity. Album: Slave Education XE. Artist: The Impossebulls,"[0.0, 0.0, 0.0, 1.0, 0.0, 0.0, 0.0, 0.0]",/content/gnn-bert-music-context/data/processed/graphs/110756.pt,/content/gnn-bert-music-context/data/processed/mels/110756.pt,6
110771,test,16031,/content/gnn-bert-music-context/data/raw/fma_small/110/110771.mp3,Track: For More Years (Instrumental). Album: Slave Education XE. Artist: The Impossebulls,"[0.0, 0.0, 0.0, 1.0, 0.0, 0.0, 0.0, 0.0]",/content/gnn-bert-music-context/data/processed/graphs/110771.pt,/content/gnn-bert-music-context/data/processed/mels/110771.pt,6
110772,test,16031,/content/gnn-bert-music-context/data/raw/fma_small/110/110772.mp3,Track: Circle of Lies (Instrumental). Album: Slave Education XE. Artist: The Impossebulls,"[0.0, 0.0, 0.0, 1.0, 0.0, 0.0, 0.0, 0.0]",/content/gnn-bert-music-context/data/processed/graphs/110772.pt,/content/gnn-bert-music-context/data/processed/mels/110772.pt,6
111150,test,16986,/content/gnn-bert-music-context/data/raw/fma_small/111/111150.mp3,Track: Treppe 4. Album: Atitlán. Artist: Rod Hamilton,"[0.0, 0.0, 0.0, 0.0, 1.0, 0.0, 0.0, 0.0]",/content/gnn-bert-music-context/data/processed/graphs/111150.pt,/content/gnn-bert-music-context/data/processed/mels/111150.pt,6
111225,training,15547,/content/gnn-bert-music-context/data/raw/fma_small/111/111225.mp3,Track: Zombie Theme. Album: Traveller Soundtrack Selections. Artist: Mystified,"[0.0, 0.0, 0.0, 0.0, 1.0, 0.0, 0.0, 0.0]",/content/gnn-bert-music-context/data/processed/graphs/111225.pt,/content/gnn-bert-music-context/data/processed/mels/111225.pt,6
111229,training,15547,/content/gnn-bert-music-context/data/raw/fma_small/111/111229.mp3,Track: Searching Streets. Album: Traveller Soundtrack Selections. Artist: Mystified,"[0.0, 0.0, 0.0, 0.0, 1.0, 0.0, 0.0, 0.0]",/content/gnn-bert-music-context/data/processed/graphs/111229.pt,/content/gnn-bert-music-context/data/processed/mels/111229.pt,6
111311,training,13966,/content/gnn-bert-music-context/data/raw/fma_small/111/111311.mp3,Track: +4294 69 -1427. Album: Gastr. Artist: Lately Kind of Yeah,"[0.0, 0.0, 0.0, 0.0, 0.0, 0.0, 0.0, 1.0]",/content/gnn-bert-music-context/data/processed/graphs/111311.pt,/content/gnn-bert-music-context/data/processed/mels/111311.pt,6
111378,training,16362,/content/gnn-bert-music-context/data/raw/fma_small/111/111378.mp3,Track: Keep Walking Away. Album: Massive Exposure [LCL19]. Artist: Fierbinteanu,"[0.0, 0.0, 0.0, 0.0, 0.0, 0.0, 1.0, 0.0]",/content/gnn-bert-music-context/data/processed/graphs/111378.pt,/content/gnn-bert-music-context/data/processed/mels/111378.pt,6
111385,training,16362,/content/gnn-bert-music-context/data/raw/fma_small/111/111385.mp3,Track: Modest Valhala. Album: Massive Exposure [LCL19]. Artist: Fierbinteanu,"[0.0, 0.0, 0.0, 0.0, 0.0, 0.0, 1.0, 0.0]",/content/gnn-bert-music-context/data/processed/graphs/111385.pt,/content/gnn-bert-music-context/data/processed/mels/111385.pt,6
111389,training,16362,/content/gnn-bert-music-context/data/raw/fma_small/111/111389.mp3,Track: One Day. Album: Massive Exposure [LCL19]. Artist: Fierbinteanu,"[0.0, 0.0, 0.0, 0.0, 0.0, 0.0, 1.0, 0.0]",/content/gnn-bert-music-context/data/processed/graphs/111389.pt,/content/gnn-bert-music-context/data/processed/mels/111389.pt,6
111397,training,16362,/content/gnn-bert-music-context/data/raw/fma_small/111/111397.mp3,Track: Think I Fall In Love. Album: Massive Exposure [LCL19]. Artist: Fierbinteanu,"[0.0, 0.0, 0.0, 0.0, 0.0, 0.0, 1.0, 0.0]",/content/gnn-bert-music-context/data/processed/graphs/111397.pt,/content/gnn-bert-music-context/data/processed/mels/111397.pt,6
111400,training,16362,/content/gnn-bert-music-context/data/raw/fma_small/111/111400.mp3,Track: Vegas. Album: Massive Exposure [LCL19]. Artist: Fierbinteanu,"[0.0, 0.0, 0.0, 0.0, 0.0, 0.0, 1.0, 0.0]",/content/gnn-bert-music-context/data/processed/graphs/111400.pt,/content/gnn-bert-music-context/data/processed/mels/111400.pt,6
111658,training,13523,/content/gnn-bert-music-context/data/raw/fma_small/111/111658.mp3,Track: awake. Album: Just Before April. Artist: springtide,"[0.0, 0.0, 0.0, 0.0, 0.0, 0.0, 0.0, 1.0]",/content/gnn-bert-music-context/data/processed/graphs/111658.pt,/content/gnn-bert-music-context/data/processed/mels/111658.pt,6
112020,training,13523,/content/gnn-bert-music-context/data/raw/fma_small/112/112020.mp3,Track: Cherry Trees. Album: Just Before April. Artist: springtide,"[0.0, 0.0, 0.0, 0.0, 0.0, 0.0, 0.0, 1.0]",/content/gnn-bert-music-context/data/processed/graphs/112020.pt,/content/gnn-bert-music-context/data/processed/mels/112020.pt,6
112065,training,16689,/content/gnn-bert-music-context/data/raw/fma_small/112/112065.mp3,Track: She. Album: Songs To Mend The Heart Once Been Torn Apart. Artist: Still Pluto,"[0.0, 0.0, 0.0, 0.0, 0.0, 0.0, 0.0, 1.0]",/content/gnn-bert-music-context/data/processed/graphs/112065.pt,/content/gnn-bert-music-context/data/processed/mels/112065.pt,6
112088,training,19219,/content/gnn-bert-music-context/data/raw/fma_small/112/112088.mp3,Track: Anxious. Album: Zitherphonics. Artist: Martin Rach,"[0.0, 1.0, 0.0, 0.0, 0.0, 0.0, 0.0, 0.0]",/content/gnn-bert-music-context/data/processed/graphs/112088.pt,/content/gnn-bert-music-context/data/processed/mels/112088.pt,6
112196,training,19259,/content/gnn-bert-music-context/data/raw/fma_small/112/112196.mp3,Track: A Nice Phat Juicy One. Album: Scherzophobia. Artist: Dead Peoples Records,"[0.0, 1.0, 0.0, 0.0, 0.0, 0.0, 0.0, 0.0]",/content/gnn-bert-music-context/data/processed/graphs/112196.pt,/content/gnn-bert-music-context/data/processed/mels/112196.pt,6
112197,training,19259,/content/gnn-bert-music-context/data/raw/fma_small/112/112197.mp3,Track: Fairies at the Bottom of Our Garden. Album: Scherzophobia. Artist: Dead Peoples Records,"[0.0, 1.0, 0.0, 0.0, 0.0, 0.0, 0.0, 0.0]",/content/gnn-bert-music-context/data/processed/graphs/112197.pt,/content/gnn-bert-music-context/data/processed/mels/112197.pt,6
112209,training,12654,/content/gnn-bert-music-context/data/raw/fma_small/112/112209.mp3,Track: Flurry. Album: Snowglobe EP. Artist: The OO-Ray,"[0.0, 0.0, 0.0, 0.0, 1.0, 0.0, 0.0, 0.0]",/content/gnn-bert-music-context/data/processed/graphs/112209.pt,/content/gnn-bert-music-context/data/processed/mels/112209.pt,6
112211,training,12654,/content/gnn-bert-music-context/data/raw/fma_small/112/112211.mp3,Track: Drifts. Album: Snowglobe EP. Artist: The OO-Ray,"[0.0, 0.0, 0.0, 0.0, 1.0, 0.0, 0.0, 0.0]",/content/gnn-bert-music-context/data/processed/graphs/112211.pt,/content/gnn-bert-music-context/data/processed/mels/112211.pt,6
112528,training,19279,/content/gnn-bert-music-context/data/raw/fma_small/112/112528.mp3,Track: Fix yourself. Album: Action Will Be Taken. Artist: Action Will Be Taken,"[0.0, 0.0, 0.0, 0.0, 0.0, 0.0, 0.0, 1.0]",/content/gnn-bert-music-context/data/processed/graphs/112528.pt,/content/gnn-bert-music-context/data/processed/mels/112528.pt,6
112529,training,19279,/content/gnn-bert-music-context/data/raw/fma_small/112/112529.mp3,Track: Remix 1. Album: Action Will Be Taken. Artist: Action Will Be Taken,"[0.0, 0.0, 0.0, 0.0, 0.0, 0.0, 0.0, 1.0]",/content/gnn-bert-music-context/data/processed/graphs/112529.pt,/content/gnn-bert-music-context/data/processed/mels/112529.pt,6
112770,training,9680,/content/gnn-bert-music-context/data/raw/fma_small/112/112770.mp3,Track: iks rated. Album: Mid Nineties Mods Salvage 2. Artist: Richard Jonas,"[1.0, 0.0, 0.0, 0.0, 0.0, 0.0, 0.0, 0.0]",/content/gnn-bert-music-context/data/processed/graphs/112770.pt,/content/gnn-bert-music-context/data/processed/mels/112770.pt,6
112978,training,6074,/content/gnn-bert-music-context/data/raw/fma_small/112/112978.mp3,Track: That Old Harpoon. Album: Up/Down. Artist: Gillicuddy,"[0.0, 0.0, 0.0, 0.0, 1.0, 0.0, 0.0, 0.0]",/content/gnn-bert-music-context/data/processed/graphs/112978.pt,/content/gnn-bert-music-context/data/processed/mels/112978.pt,6
113025,training,5673,/content/gnn-bert-music-context/data/raw/fma_small/113/113025.mp3,Track: Breeze Funk. Album: #malaventura04. Artist: Malaventura,"[0.0, 0.0, 0.0, 0.0, 0.0, 0.0, 1.0, 0.0]",/content/gnn-bert-music-context/data/processed/graphs/113025.pt,/content/gnn-bert-music-context/data/processed/mels/113025.pt,6
113026,training,5673,/content/gnn-bert-music-context/data/raw/fma_small/113/113026.mp3,Track: Space is my pace. Album: #malaventura04. Artist: Malaventura,"[0.0, 0.0, 0.0, 0.0, 0.0, 0.0, 1.0, 0.0]",/content/gnn-bert-music-context/data/processed/graphs/113026.pt,/content/gnn-bert-music-context/data/processed/mels/113026.pt,6
113033,validation,19302,/content/gnn-bert-music-context/data/raw/fma_small/113/113033.mp3,Track: I Told Jesus ft. Sharam Shahbazi (Asthmatic Astronaut Remix). Album: Poetikal Refugee (Album Sampler). Artist: One S.P.,"[0.0, 0.0, 0.0, 1.0, 0.0, 0.0, 0.0, 0.0]",/content/gnn-bert-music-context/data/processed/graphs/113033.pt,/content/gnn-bert-music-context/data/processed/mels/113033.pt,6
113264,validation,19362,/content/gnn-bert-music-context/data/raw/fma_small/113/113264.mp3,Track: Sweet Mother. Album: CC Affiliates Mixtape #1. Artist: Sly COLLINS,"[0.0, 0.0, 0.0, 0.0, 0.0, 1.0, 0.0, 0.0]",/content/gnn-bert-music-context/data/processed/graphs/113264.pt,/content/gnn-bert-music-context/data/processed/mels/113264.pt,6
113273,test,19371,/content/gnn-bert-music-context/data/raw/fma_small/113/113273.mp3,Track: Ubogi Poeta. Album: CC Affiliates Mixtape #1. Artist: Ortalio,"[0.0, 0.0, 0.0, 0.0, 0.0, 1.0, 0.0, 0.0]",/content/gnn-bert-music-context/data/processed/graphs/113273.pt,/content/gnn-bert-music-context/data/processed/mels/113273.pt,6
113275,test,19373,/content/gnn-bert-music-context/data/raw/fma_small/113/113275.mp3,"Track: Find, Fix & Save. Album: CC Affiliates Mixtape #1. Artist: iNCH.","[0.0, 0.0, 0.0, 0.0, 0.0, 1.0, 0.0, 0.0]",/content/gnn-bert-music-context/data/processed/graphs/113275.pt,/content/gnn-bert-music-context/data/processed/mels/113275.pt,6
113284,validation,19381,/content/gnn-bert-music-context/data/raw/fma_small/113/113284.mp3,Track: Not Enough. Album: CC Affiliates Mixtape #1. Artist: TaaPet,"[0.0, 0.0, 0.0, 0.0, 0.0, 1.0, 0.0, 0.0]",/content/gnn-bert-music-context/data/processed/graphs/113284.pt,/content/gnn-bert-music-context/data/processed/mels/113284.pt,6
113303,training,7211,/content/gnn-bert-music-context/data/raw/fma_small/113/113303.mp3,Track: Disparales!!! (Post apocalipsis). Album: Canibalismo en África. Artist: Los Margaritos,"[0.0, 0.0, 0.0, 0.0, 0.0, 0.0, 0.0, 1.0]",/content/gnn-bert-music-context/data/processed/graphs/113303.pt,/content/gnn-bert-music-context/data/processed/mels/113303.pt,6
113305,training,7211,/content/gnn-bert-music-context/data/raw/fma_small/113/113305.mp3,Track: Dios anda pedo (DJ Edwin Remix). Album: Canibalismo en África. Artist: Los Margaritos,"[0.0, 0.0, 0.0, 0.0, 0.0, 0.0, 0.0, 1.0]",/content/gnn-bert-music-context/data/processed/graphs/113305.pt,/content/gnn-bert-music-context/data/processed/mels/113305.pt,6
113335,training,17575,/content/gnn-bert-music-context/data/raw/fma_small/113/113335.mp3,Track: Like a Fish. Album: Animus Animal Anima. Artist: Chtin Mara,"[1.0, 0.0, 0.0, 0.0, 0.0, 0.0, 0.0, 0.0]",/content/gnn-bert-music-context/data/processed/graphs/113335.pt,/content/gnn-bert-music-context/data/processed/mels/113335.pt,6
113511,training,19406,/content/gnn-bert-music-context/data/raw/fma_small/113/113511.mp3,Track: Dark Spots. Album: A Crooked Pulse. Artist: A Crooked Pulse,"[0.0, 0.0, 0.0, 0.0, 0.0, 0.0, 0.0, 1.0]",/content/gnn-bert-music-context/data/processed/graphs/113511.pt,/content/gnn-bert-music-context/data/processed/mels/113511.pt,6
114049,training,19459,/content/gnn-bert-music-context/data/raw/fma_small/114/114049.mp3,Track: Zaduu (Feat. Crystal Tokyo). Album: Nostalgia Infinite. Artist: Aviscerall,"[0.0, 0.0, 0.0, 1.0, 0.0, 0.0, 0.0, 0.0]",/content/gnn-bert-music-context/data/processed/graphs/114049.pt,/content/gnn-bert-music-context/data/processed/mels/114049.pt,6
114061,training,14670,/content/gnn-bert-music-context/data/raw/fma_small/114/114061.mp3,Track: New Horizons (Raw Mix). Album: Classics. Artist: Decktonic,"[1.0, 0.0, 0.0, 0.0, 0.0, 0.0, 0.0, 0.0]",/content/gnn-bert-music-context/data/processed/graphs/114061.pt,/content/gnn-bert-music-context/data/processed/mels/114061.pt,6
114063,validation,14615,/content/gnn-bert-music-context/data/raw/fma_small/114/114063.mp3,Track: Transcendence (Decktonic Remix). Album: Classics. Artist: Anthony Seeha,"[1.0, 0.0, 0.0, 0.0, 0.0, 0.0, 0.0, 0.0]",/content/gnn-bert-music-context/data/processed/graphs/114063.pt,/content/gnn-bert-music-context/data/processed/mels/114063.pt,6
114073,training,19461,/content/gnn-bert-music-context/data/raw/fma_small/114/114073.mp3,Track: The Crossing. Album: Glacier Quartet. Artist: Blue Dot Sessions,"[0.0, 0.0, 0.0, 0.0, 1.0, 0.0, 0.0, 0.0]",/content/gnn-bert-music-context/data/processed/graphs/114073.pt,/content/gnn-bert-music-context/data/processed/mels/114073.pt,6
114199,training,19470,/content/gnn-bert-music-context/data/raw/fma_small/114/114199.mp3,Track: Living With The Pain. Album: From the Outside Looking In. Artist: Fallen to Flux,"[0.0, 0.0, 0.0, 0.0, 0.0, 0.0, 0.0, 1.0]",/content/gnn-bert-music-context/data/processed/graphs/114199.pt,/content/gnn-bert-music-context/data/processed/mels/114199.pt,6
114242,training,19475,/content/gnn-bert-music-context/data/raw/fma_small/114/114242.mp3,Track: Disco Time. Album: Dance. Artist: Tentacles,"[1.0, 0.0, 0.0, 0.0, 0.0, 0.0, 0.0, 0.0]",/content/gnn-bert-music-context/data/processed/graphs/114242.pt,/content/gnn-bert-music-context/data/processed/mels/114242.pt,6
114245,training,19475,/content/gnn-bert-music-context/data/raw/fma_small/114/114245.mp3,Track: Lavanda (We Are Not Dj's Nu Disco Remix). Album: Dance. Artist: Tentacles,"[1.0, 0.0, 0.0, 0.0, 0.0, 0.0, 0.0, 0.0]",/content/gnn-bert-music-context/data/processed/graphs/114245.pt,/content/gnn-bert-music-context/data/processed/mels/114245.pt,6
114266,training,18587,/content/gnn-bert-music-context/data/raw/fma_small/114/114266.mp3,Track: On two hours sleep. Album: Route 9. Artist: Uncle Milk,"[0.0, 0.0, 0.0, 1.0, 0.0, 0.0, 0.0, 0.0]",/content/gnn-bert-music-context/data/processed/graphs/114266.pt,/content/gnn-bert-music-context/data/processed/mels/114266.pt,6
114279,validation,18846,/content/gnn-bert-music-context/data/raw/fma_small/114/114279.mp3,Track: Bipolar Bear. Album: Bipolar Bear. Artist: Azureflux,"[1.0, 0.0, 0.0, 0.0, 0.0, 0.0, 0.0, 0.0]",/content/gnn-bert-music-context/data/processed/graphs/114279.pt,/content/gnn-bert-music-context/data/processed/mels/114279.pt,6
114298,training,19480,/content/gnn-bert-music-context/data/raw/fma_small/114/114298.mp3,Track: Track Jack Yo Body Now. Album: Building A New Chicago. Artist: Track Jackit,"[1.0, 0.0, 0.0, 0.0, 0.0, 0.0, 0.0, 0.0]",/content/gnn-bert-music-context/data/processed/graphs/114298.pt,/content/gnn-bert-music-context/data/processed/mels/114298.pt,6
114388,training,19496,/content/gnn-bert-music-context/data/raw/fma_small/114/114388.mp3,Track: Mutter. Album: EP. Artist: Quaro,"[1.0, 0.0, 0.0, 0.0, 0.0, 0.0, 0.0, 0.0]",/content/gnn-bert-music-context/data/processed/graphs/114388.pt,/content/gnn-bert-music-context/data/processed/mels/114388.pt,6
114391,training,19496,/content/gnn-bert-music-context/data/raw/fma_small/114/114391.mp3,Track: Psion. Album: EP. Artist: Quaro,"[1.0, 0.0, 0.0, 0.0, 0.0, 0.0, 0.0, 0.0]",/content/gnn-bert-music-context/data/processed/graphs/114391.pt,/content/gnn-bert-music-context/data/processed/mels/114391.pt,6
114396,training,19498,/content/gnn-bert-music-context/data/raw/fma_small/114/114396.mp3,Track: Breathe New Life. Album: Colossal Stillness (2014). Artist: Scott Holmes,"[0.0, 0.0, 0.0, 0.0, 0.0, 0.0, 0.0, 1.0]",/content/gnn-bert-music-context/data/processed/graphs/114396.pt,/content/gnn-bert-music-context/data/processed/mels/114396.pt,6
114404,training,19498,/content/gnn-bert-music-context/data/raw/fma_small/114/114404.mp3,Track: Colossal Stillness. Album: Colossal Stillness (2014). Artist: Scott Holmes,"[0.0, 0.0, 0.0, 0.0, 0.0, 0.0, 0.0, 1.0]",/content/gnn-bert-music-context/data/processed/graphs/114404.pt,/content/gnn-bert-music-context/data/processed/mels/114404.pt,6
114541,training,19461,/content/gnn-bert-music-context/data/raw/fma_small/114/114541.mp3,Track: Liquor Files - Treacle. Album: Liquor Files. Artist: Blue Dot Sessions,"[0.0, 0.0, 0.0, 0.0, 1.0, 0.0, 0.0, 0.0]",/content/gnn-bert-music-context/data/processed/graphs/114541.pt,/content/gnn-bert-music-context/data/processed/mels/114541.pt,6
114937,training,18030,/content/gnn-bert-music-context/data/raw/fma_small/114/114937.mp3,Track: Viglid far zikh aleyn. Album: Live at the 2015 Golden Fest. Artist: Zingeray!,"[0.0, 0.0, 0.0, 0.0, 0.0, 1.0, 0.0, 0.0]",/content/gnn-bert-music-context/data/processed/graphs/114937.pt,/content/gnn-bert-music-context/data/processed/mels/114937.pt,6
114939,training,18030,/content/gnn-bert-music-context/data/raw/fma_small/114/114939.mp3,"Track: Oy vey mame, ikh shpil a libe. Album: Live at the 2015 Golden Fest. Artist: Zingeray!","[0.0, 0.0, 0.0, 0.0, 0.0, 1.0, 0.0, 0.0]",/content/gnn-bert-music-context/data/processed/graphs/114939.pt,/content/gnn-bert-music-context/data/processed/mels/114939.pt,6
115011,test,19472,/content/gnn-bert-music-context/data/raw/fma_small/115/115011.mp3,"Track: Squire Tuck - Funk In, Funk Out. Album: Lost in the Moment. Artist: Squire Tuck","[0.0, 0.0, 0.0, 0.0, 1.0, 0.0, 0.0, 0.0]",/content/gnn-bert-music-context/data/processed/graphs/115011.pt,/content/gnn-bert-music-context/data/processed/mels/115011.pt,6
115391,training,19626,/content/gnn-bert-music-context/data/raw/fma_small/115/115391.mp3,Track: Yaataaru. Album: Relix (1996-2013). Artist: 505,"[1.0, 0.0, 0.0, 0.0, 0.0, 0.0, 0.0, 0.0]",/content/gnn-bert-music-context/data/processed/graphs/115391.pt,/content/gnn-bert-music-context/data/processed/mels/115391.pt,6
115700,training,19677,/content/gnn-bert-music-context/data/raw/fma_small/115/115700.mp3,Track: Limmatrausch. Album: EPileptic. Artist: Ultratech,"[1.0, 0.0, 0.0, 0.0, 0.0, 0.0, 0.0, 0.0]",/content/gnn-bert-music-context/data/processed/graphs/115700.pt,/content/gnn-bert-music-context/data/processed/mels/115700.pt,6
115724,training,19679,/content/gnn-bert-music-context/data/raw/fma_small/115/115724.mp3,Track: Theme for a Raven. Album: In Winter Colours. Artist: Martin R.,"[1.0, 0.0, 0.0, 0.0, 0.0, 0.0, 0.0, 0.0]",/content/gnn-bert-music-context/data/processed/graphs/115724.pt,/content/gnn-bert-music-context/data/processed/mels/115724.pt,6
115769,training,19692,/content/gnn-bert-music-context/data/raw/fma_small/115/115769.mp3,Track: Moonsea. Album: Various Moods. Artist: Jelsonic,"[0.0, 0.0, 0.0, 0.0, 1.0, 0.0, 0.0, 0.0]",/content/gnn-bert-music-context/data/processed/graphs/115769.pt,/content/gnn-bert-music-context/data/processed/mels/115769.pt,6
115816,training,19696,/content/gnn-bert-music-context/data/raw/fma_small/115/115816.mp3,Track: OST 06 Go Go Faster Faster. Album: RottenMage SpaceJacked OST. Artist: sawsquarenoise,"[1.0, 0.0, 0.0, 0.0, 0.0, 0.0, 0.0, 0.0]",/content/gnn-bert-music-context/data/processed/graphs/115816.pt,/content/gnn-bert-music-context/data/processed/mels/115816.pt,6
115817,training,19535,/content/gnn-bert-music-context/data/raw/fma_small/115/115817.mp3,Track: On Axis. Album: Wilderness. Artist: PC-ONE,"[0.0, 1.0, 0.0, 0.0, 0.0, 0.0, 0.0, 0.0]",/content/gnn-bert-music-context/data/processed/graphs/115817.pt,/content/gnn-bert-music-context/data/processed/mels/115817.pt,6
116068,training,19742,/content/gnn-bert-music-context/data/raw/fma_small/116/116068.mp3,Track: Daybreak (feat. Henk). Album: Daybreak. Artist: Jens East,"[1.0, 0.0, 0.0, 0.0, 0.0, 0.0, 0.0, 0.0]",/content/gnn-bert-music-context/data/processed/graphs/116068.pt,/content/gnn-bert-music-context/data/processed/mels/116068.pt,6
116099,training,19461,/content/gnn-bert-music-context/data/raw/fma_small/116/116099.mp3,Track: Stingray - On the Court. Album: Stingray. Artist: Blue Dot Sessions,"[0.0, 0.0, 0.0, 0.0, 1.0, 0.0, 0.0, 0.0]",/content/gnn-bert-music-context/data/processed/graphs/116099.pt,/content/gnn-bert-music-context/data/processed/mels/116099.pt,6
116237,training,19779,/content/gnn-bert-music-context/data/raw/fma_small/116/116237.mp3,Track: Voight-Kampff. Album: Iron Logic. Artist: DJ Puffin,"[1.0, 0.0, 0.0, 0.0, 0.0, 0.0, 0.0, 0.0]",/content/gnn-bert-music-context/data/processed/graphs/116237.pt,/content/gnn-bert-music-context/data/processed/mels/116237.pt,6
116242,training,19782,/content/gnn-bert-music-context/data/raw/fma_small/116/116242.mp3,Track: Cellularr. Album: Iron Logic. Artist: Synaptic,"[1.0, 0.0, 0.0, 0.0, 0.0, 0.0, 0.0, 0.0]",/content/gnn-bert-music-context/data/processed/graphs/116242.pt,/content/gnn-bert-music-context/data/processed/mels/116242.pt,6
116467,training,19461,/content/gnn-bert-music-context/data/raw/fma_small/116/116467.mp3,Track: Enders. Album: Macrame. Artist: Blue Dot Sessions,"[0.0, 0.0, 0.0, 0.0, 1.0, 0.0, 0.0, 0.0]",/content/gnn-bert-music-context/data/processed/graphs/116467.pt,/content/gnn-bert-music-context/data/processed/mels/116467.pt,6
116526,test,19472,/content/gnn-bert-music-context/data/raw/fma_small/116/116526.mp3,Track: My Magnificent Melancholy Muse. Album: Muse. Artist: Squire Tuck,"[0.0, 0.0, 0.0, 0.0, 1.0, 0.0, 0.0, 0.0]",/content/gnn-bert-music-context/data/processed/graphs/116526.pt,/content/gnn-bert-music-context/data/processed/mels/116526.pt,6
116527,test,19472,/content/gnn-bert-music-context/data/raw/fma_small/116/116527.mp3,Track: Declaration of Love. Album: Muse. Artist: Squire Tuck,"[0.0, 0.0, 0.0, 0.0, 1.0, 0.0, 0.0, 0.0]",/content/gnn-bert-music-context/data/processed/graphs/116527.pt,/content/gnn-bert-music-context/data/processed/mels/116527.pt,6
116528,test,19472,/content/gnn-bert-music-context/data/raw/fma_small/116/116528.mp3,Track: Passing of Friends & Past True Loves. Album: Muse. Artist: Squire Tuck,"[0.0, 0.0, 0.0, 0.0, 1.0, 0.0, 0.0, 0.0]",/content/gnn-bert-music-context/data/processed/graphs/116528.pt,/content/gnn-bert-music-context/data/processed/mels/116528.pt,6
116547,training,7410,/content/gnn-bert-music-context/data/raw/fma_small/116/116547.mp3,Track: Waiting. Album: The Great Bear. Artist: Andrew Howes,"[0.0, 0.0, 0.0, 0.0, 0.0, 0.0, 0.0, 1.0]",/content/gnn-bert-music-context/data/processed/graphs/116547.pt,/content/gnn-bert-music-context/data/processed/mels/116547.pt,6
116706,training,14026,/content/gnn-bert-music-context/data/raw/fma_small/116/116706.mp3,Track: Henry Martin. Album: Recorded by Jean Ritchie in 1956. Artist: Howie Mitchell,"[0.0, 0.0, 1.0, 0.0, 0.0, 0.0, 0.0, 0.0]",/content/gnn-bert-music-context/data/processed/graphs/116706.pt,/content/gnn-bert-music-context/data/processed/mels/116706.pt,6
116874,training,19841,/content/gnn-bert-music-context/data/raw/fma_small/116/116874.mp3,"Track: Marcy Rain. Album: Live on WFMU's Shrunken Planet with Jeffrey Davison - March 7, 2015. Artist: Itasca","[0.0, 0.0, 1.0, 0.0, 0.0, 0.0, 0.0, 0.0]",/content/gnn-bert-music-context/data/processed/graphs/116874.pt,/content/gnn-bert-music-context/data/processed/mels/116874.pt,6
116876,training,19841,/content/gnn-bert-music-context/data/raw/fma_small/116/116876.mp3,"Track: At The Table. Album: Live on WFMU's Shrunken Planet with Jeffrey Davison - March 7, 2015. Artist: Itasca","[0.0, 0.0, 1.0, 0.0, 0.0, 0.0, 0.0, 0.0]",/content/gnn-bert-music-context/data/processed/graphs/116876.pt,/content/gnn-bert-music-context/data/processed/mels/116876.pt,6
117472,training,6337,/content/gnn-bert-music-context/data/raw/fma_small/117/117472.mp3,"Track: Patty Cake. Album: 3rd 7"" - 33rpm w/ small hole. Artist: Attic Ted","[0.0, 0.0, 0.0, 0.0, 0.0, 0.0, 1.0, 0.0]",/content/gnn-bert-music-context/data/processed/graphs/117472.pt,/content/gnn-bert-music-context/data/processed/mels/117472.pt,6
117611,training,19461,/content/gnn-bert-music-context/data/raw/fma_small/117/117611.mp3,"Track: More Weather. Album: Albany, NY. Artist: Blue Dot Sessions","[0.0, 0.0, 0.0, 0.0, 1.0, 0.0, 0.0, 0.0]",/content/gnn-bert-music-context/data/processed/graphs/117611.pt,/content/gnn-bert-music-context/data/processed/mels/117611.pt,6
117886,test,19909,/content/gnn-bert-music-context/data/raw/fma_small/117/117886.mp3,"Track: You Won't Forget It/Low Low Low. Album: Live on WFMU's Burn It Down! with Nate K - April 12, 2015. Artist: Connections","[0.0, 0.0, 0.0, 0.0, 0.0, 0.0, 0.0, 1.0]",/content/gnn-bert-music-context/data/processed/graphs/117886.pt,/content/gnn-bert-music-context/data/processed/mels/117886.pt,6
118068,training,15891,/content/gnn-bert-music-context/data/raw/fma_small/118/118068.mp3,Track: IIIII - ОНИ ПОПЛАТЯТСЯ by Kosta T. Album: ОБХОД. Artist: Kosta T,"[0.0, 0.0, 0.0, 0.0, 1.0, 0.0, 0.0, 0.0]",/content/gnn-bert-music-context/data/processed/graphs/118068.pt,/content/gnn-bert-music-context/data/processed/mels/118068.pt,6
118084,training,19535,/content/gnn-bert-music-context/data/raw/fma_small/118/118084.mp3,Track: Only All. Album: Wilderness. Artist: PC-ONE,"[0.0, 1.0, 0.0, 0.0, 0.0, 0.0, 0.0, 0.0]",/content/gnn-bert-music-context/data/processed/graphs/118084.pt,/content/gnn-bert-music-context/data/processed/mels/118084.pt,6
118196,training,19535,/content/gnn-bert-music-context/data/raw/fma_small/118/118196.mp3,Track: The Blues With No Horizon. Album: Wilderness. Artist: PC-ONE,"[0.0, 1.0, 0.0, 0.0, 0.0, 0.0, 0.0, 0.0]",/content/gnn-bert-music-context/data/processed/graphs/118196.pt,/content/gnn-bert-music-context/data/processed/mels/118196.pt,6
118478,training,20004,/content/gnn-bert-music-context/data/raw/fma_small/118/118478.mp3,Track: XI. Album: I-XVIII. Artist: Ben Townsend,"[0.0, 1.0, 0.0, 0.0, 0.0, 0.0, 0.0, 0.0]",/content/gnn-bert-music-context/data/processed/graphs/118478.pt,/content/gnn-bert-music-context/data/processed/mels/118478.pt,6
118505,test,20007,/content/gnn-bert-music-context/data/raw/fma_small/118/118505.mp3,Track: B. Album: A-C. Artist: Josh Tillinghast,"[0.0, 1.0, 0.0, 0.0, 0.0, 0.0, 0.0, 0.0]",/content/gnn-bert-music-context/data/processed/graphs/118505.pt,/content/gnn-bert-music-context/data/processed/mels/118505.pt,6
118629,training,20059,/content/gnn-bert-music-context/data/raw/fma_small/118/118629.mp3,Track: Black Diamond. Album: Night Unbound. Artist: Marrach with H. Stewart,"[1.0, 0.0, 0.0, 0.0, 0.0, 0.0, 0.0, 0.0]",/content/gnn-bert-music-context/data/processed/graphs/118629.pt,/content/gnn-bert-music-context/data/processed/mels/118629.pt,6
118886,validation,20107,/content/gnn-bert-music-context/data/raw/fma_small/118/118886.mp3,"Track: Sugary Sweet. Album: Live on WFMU's Prove It All Night with Pat Byrne: March 3, 2015. Artist: Pepper Coat","[0.0, 0.0, 1.0, 0.0, 0.0, 0.0, 0.0, 0.0]",/content/gnn-bert-music-context/data/processed/graphs/118886.pt,/content/gnn-bert-music-context/data/processed/mels/118886.pt,6
118987,training,20114,/content/gnn-bert-music-context/data/raw/fma_small/118/118987.mp3,Track: Ventus. Album: Obsidian Sun. Artist: Bagat,"[0.0, 1.0, 0.0, 0.0, 0.0, 0.0, 0.0, 0.0]",/content/gnn-bert-music-context/data/processed/graphs/118987.pt,/content/gnn-bert-music-context/data/processed/mels/118987.pt,6
118988,training,20114,/content/gnn-bert-music-context/data/raw/fma_small/118/118988.mp3,Track: Coda. Album: Obsidian Sun. Artist: Bagat,"[0.0, 1.0, 0.0, 0.0, 0.0, 0.0, 0.0, 0.0]",/content/gnn-bert-music-context/data/processed/graphs/118988.pt,/content/gnn-bert-music-context/data/processed/mels/118988.pt,6
119086,training,1767,/content/gnn-bert-music-context/data/raw/fma_small/119/119086.mp3,Track: Battle Hymn Of The Children. Album: Fortyfive. Artist: FortyOne,"[0.0, 1.0, 0.0, 0.0, 0.0, 0.0, 0.0, 0.0]",/content/gnn-bert-music-context/data/processed/graphs/119086.pt,/content/gnn-bert-music-context/data/processed/mels/119086.pt,6
119118,training,1767,/content/gnn-bert-music-context/data/raw/fma_small/119/119118.mp3,Track: human nature is nature nature. Album: Music That's Better Than It Sounds. Artist: FortyOne,"[0.0, 1.0, 0.0, 0.0, 0.0, 0.0, 0.0, 0.0]",/content/gnn-bert-music-context/data/processed/graphs/119118.pt,/content/gnn-bert-music-context/data/processed/mels/119118.pt,6
119369,training,1885,/content/gnn-bert-music-context/data/raw/fma_small/119/119369.mp3,Track: calm. Album: Sound Field Furrows. Artist: Erick Gallun,"[0.0, 1.0, 0.0, 0.0, 0.0, 0.0, 0.0, 0.0]",/content/gnn-bert-music-context/data/processed/graphs/119369.pt,/content/gnn-bert-music-context/data/processed/mels/119369.pt,6
119582,training,1911,/content/gnn-bert-music-context/data/raw/fma_small/119/119582.mp3,Track: A Good Note To End On. Album: American Propagandhi. Artist: Nicholas Smith,"[0.0, 1.0, 0.0, 0.0, 0.0, 0.0, 0.0, 0.0]",/content/gnn-bert-music-context/data/processed/graphs/119582.pt,/content/gnn-bert-music-context/data/processed/mels/119582.pt,6
119592,test,1821,/content/gnn-bert-music-context/data/raw/fma_small/119/119592.mp3,Track: Free. Album: Witch Pizza Going Sally. Artist: Pee-Bug,"[0.0, 0.0, 0.0, 0.0, 0.0, 0.0, 1.0, 0.0]",/content/gnn-bert-music-context/data/processed/graphs/119592.pt,/content/gnn-bert-music-context/data/processed/mels/119592.pt,6
119893,training,19461,/content/gnn-bert-music-context/data/raw/fma_small/119/119893.mp3,Track: Xandre. Album: Dolores. Artist: Blue Dot Sessions,"[0.0, 0.0, 0.0, 0.0, 1.0, 0.0, 0.0, 0.0]",/content/gnn-bert-music-context/data/processed/graphs/119893.pt,/content/gnn-bert-music-context/data/processed/mels/119893.pt,6
119939,training,20153,/content/gnn-bert-music-context/data/raw/fma_small/119/119939.mp3,"Track: Riding Music. Album: Life, Rhymes, Showtime EP. Artist: J Mano","[0.0, 0.0, 0.0, 1.0, 0.0, 0.0, 0.0, 0.0]",/content/gnn-bert-music-context/data/processed/graphs/119939.pt,/content/gnn-bert-music-context/data/processed/mels/119939.pt,6
119942,training,20153,/content/gnn-bert-music-context/data/raw/fma_small/119/119942.mp3,"Track: Goals. Album: Life, Rhymes, Showtime EP. Artist: J Mano","[0.0, 0.0, 0.0, 1.0, 0.0, 0.0, 0.0, 0.0]",/content/gnn-bert-music-context/data/processed/graphs/119942.pt,/content/gnn-bert-music-context/data/processed/mels/119942.pt,6
119985,training,20156,/content/gnn-bert-music-context/data/raw/fma_small/119/119985.mp3,Track: Director's Cut. Album: Rapper Exchange Program. Artist: Cassette Tape Bandits,"[0.0, 0.0, 0.0, 1.0, 0.0, 0.0, 0.0, 0.0]",/content/gnn-bert-music-context/data/processed/graphs/119985.pt,/content/gnn-bert-music-context/data/processed/mels/119985.pt,6
120184,training,2008,/content/gnn-bert-music-context/data/raw/fma_small/120/120184.mp3,Track: Lavender Hip Mob. Album: Swingin' Singles. Artist: Lee Rosevere,"[0.0, 0.0, 0.0, 0.0, 0.0, 0.0, 1.0, 0.0]",/content/gnn-bert-music-context/data/processed/graphs/120184.pt,/content/gnn-bert-music-context/data/processed/mels/120184.pt,6
120203,training,2011,/content/gnn-bert-music-context/data/raw/fma_small/120/120203.mp3,Track: Birthday Party. Album: Swingin' Singles. Artist: Kim & Buran,"[0.0, 0.0, 0.0, 0.0, 0.0, 0.0, 1.0, 0.0]",/content/gnn-bert-music-context/data/processed/graphs/120203.pt,/content/gnn-bert-music-context/data/processed/mels/120203.pt,6
120310,training,20205,/content/gnn-bert-music-context/data/raw/fma_small/120/120310.mp3,Track: Gold Sunset. Album: Carcrashlander Instrumentals. Artist: Cory Gray,"[0.0, 0.0, 0.0, 0.0, 1.0, 0.0, 0.0, 0.0]",/content/gnn-bert-music-context/data/processed/graphs/120310.pt,/content/gnn-bert-music-context/data/processed/mels/120310.pt,6
120320,training,20205,/content/gnn-bert-music-context/data/raw/fma_small/120/120320.mp3,Track: Plans For The Day. Album: Carcrashlander Instrumentals. Artist: Cory Gray,"[0.0, 0.0, 0.0, 0.0, 1.0, 0.0, 0.0, 0.0]",/content/gnn-bert-music-context/data/processed/graphs/120320.pt,/content/gnn-bert-music-context/data/processed/mels/120320.pt,6
120321,training,20205,/content/gnn-bert-music-context/data/raw/fma_small/120/120321.mp3,Track: Quoting Dead Comedians. Album: Carcrashlander Instrumentals. Artist: Cory Gray,"[0.0, 0.0, 0.0, 0.0, 1.0, 0.0, 0.0, 0.0]",/content/gnn-bert-music-context/data/processed/graphs/120321.pt,/content/gnn-bert-music-context/data/processed/mels/120321.pt,6
120324,training,20205,/content/gnn-bert-music-context/data/raw/fma_small/120/120324.mp3,Track: Spit Off The Bridge. Album: Carcrashlander Instrumentals. Artist: Cory Gray,"[0.0, 0.0, 0.0, 0.0, 1.0, 0.0, 0.0, 0.0]",/content/gnn-bert-music-context/data/processed/graphs/120324.pt,/content/gnn-bert-music-context/data/processed/mels/120324.pt,6
120469,training,20146,/content/gnn-bert-music-context/data/raw/fma_small/120/120469.mp3,Track: Dust. Album: SPACE NIGHT EP. Artist: SPCZ,"[1.0, 0.0, 0.0, 0.0, 0.0, 0.0, 0.0, 0.0]",/content/gnn-bert-music-context/data/processed/graphs/120469.pt,/content/gnn-bert-music-context/data/processed/mels/120469.pt,6
120471,training,20146,/content/gnn-bert-music-context/data/raw/fma_small/120/120471.mp3,Track: Sphere. Album: SPACE NIGHT EP. Artist: SPCZ,"[1.0, 0.0, 0.0, 0.0, 0.0, 0.0, 0.0, 0.0]",/content/gnn-bert-music-context/data/processed/graphs/120471.pt,/content/gnn-bert-music-context/data/processed/mels/120471.pt,6
120772,training,20273,/content/gnn-bert-music-context/data/raw/fma_small/120/120772.mp3,Track: Burning Forest. Album: Unnecessary City. Artist: Aaron Mist,"[0.0, 0.0, 0.0, 0.0, 1.0, 0.0, 0.0, 0.0]",/content/gnn-bert-music-context/data/processed/graphs/120772.pt,/content/gnn-bert-music-context/data/processed/mels/120772.pt,6
121366,training,20308,/content/gnn-bert-music-context/data/raw/fma_small/121/121366.mp3,Track: Pedro Sousa - Pós Africanismos Redundantes. Album: Futuro Primitivo. Artist: YANSR & CCC,"[0.0, 1.0, 0.0, 0.0, 0.0, 0.0, 0.0, 0.0]",/content/gnn-bert-music-context/data/processed/graphs/121366.pt,/content/gnn-bert-music-context/data/processed/mels/121366.pt,6
121663,validation,11939,/content/gnn-bert-music-context/data/raw/fma_small/121/121663.mp3,Track: Bridgewater Triangle. Album: A History of Water. Artist: happiness in aeroplanes,"[0.0, 0.0, 0.0, 0.0, 1.0, 0.0, 0.0, 0.0]",/content/gnn-bert-music-context/data/processed/graphs/121663.pt,/content/gnn-bert-music-context/data/processed/mels/121663.pt,6
121665,validation,11939,/content/gnn-bert-music-context/data/raw/fma_small/121/121665.mp3,Track: Wayward Docks. Album: A History of Water. Artist: happiness in aeroplanes,"[0.0, 0.0, 0.0, 0.0, 1.0, 0.0, 0.0, 0.0]",/content/gnn-bert-music-context/data/processed/graphs/121665.pt,/content/gnn-bert-music-context/data/processed/mels/121665.pt,6
121929,test,20367,/content/gnn-bert-music-context/data/raw/fma_small/121/121929.mp3,Track: Dubbing time. Album: Guetto Roots Of Dub (Vol.1). Artist: Negritage,"[0.0, 0.0, 0.0, 0.0, 0.0, 1.0, 0.0, 0.0]",/content/gnn-bert-music-context/data/processed/graphs/121929.pt,/content/gnn-bert-music-context/data/processed/mels/121929.pt,6
121930,test,20367,/content/gnn-bert-music-context/data/raw/fma_small/121/121930.mp3,Track: Guetto Rockers in dub. Album: Guetto Roots Of Dub (Vol.1). Artist: Negritage,"[0.0, 0.0, 0.0, 0.0, 0.0, 1.0, 0.0, 0.0]",/content/gnn-bert-music-context/data/processed/graphs/121930.pt,/content/gnn-bert-music-context/data/processed/mels/121930.pt,6
122085,training,13262,/content/gnn-bert-music-context/data/raw/fma_small/122/122085.mp3,Track: Placeholder. Album: Message. Artist: Jahzzar,"[0.0, 0.0, 0.0, 0.0, 0.0, 0.0, 0.0, 1.0]",/content/gnn-bert-music-context/data/processed/graphs/122085.pt,/content/gnn-bert-music-context/data/processed/mels/122085.pt,6
122168,test,15939,/content/gnn-bert-music-context/data/raw/fma_small/122/122168.mp3,Track: Victim of Dreams. Album: Ergo Protagonists. Artist: Jeremy Gluck & Jaan Patterson,"[0.0, 1.0, 0.0, 0.0, 0.0, 0.0, 0.0, 0.0]",/content/gnn-bert-music-context/data/processed/graphs/122168.pt,/content/gnn-bert-music-context/data/processed/mels/122168.pt,6
122201,training,20445,/content/gnn-bert-music-context/data/raw/fma_small/122/122201.mp3,Track: Film noir. Album: Nudo de Cables en la Garganta. Artist: Alas de Mosca,"[0.0, 1.0, 0.0, 0.0, 0.0, 0.0, 0.0, 0.0]",/content/gnn-bert-music-context/data/processed/graphs/122201.pt,/content/gnn-bert-music-context/data/processed/mels/122201.pt,6
122358,validation,20475,/content/gnn-bert-music-context/data/raw/fma_small/122/122358.mp3,Track: Night Without Sleep. Album: Bonfire Music. Artist: David Mumford,"[0.0, 0.0, 1.0, 0.0, 0.0, 0.0, 0.0, 0.0]",/content/gnn-bert-music-context/data/processed/graphs/122358.pt,/content/gnn-bert-music-context/data/processed/mels/122358.pt,6
122397,training,20481,/content/gnn-bert-music-context/data/raw/fma_small/122/122397.mp3,"Track: Cocaine Girl. Album: Live on WFMU's Three Chord Monte with Joe Belock - June 29, 2015. Artist: Gorilla Chief","[0.0, 0.0, 0.0, 0.0, 0.0, 0.0, 0.0, 1.0]",/content/gnn-bert-music-context/data/processed/graphs/122397.pt,/content/gnn-bert-music-context/data/processed/mels/122397.pt,6
122473,training,20487,/content/gnn-bert-music-context/data/raw/fma_small/122/122473.mp3,"Track: ""Nina Goes Abroad"". Album: La bèl pop (fifth anniversary compilation). Artist: Alessandro Coronas/Laura Mura","[0.0, 0.0, 0.0, 0.0, 0.0, 0.0, 1.0, 0.0]",/content/gnn-bert-music-context/data/processed/graphs/122473.pt,/content/gnn-bert-music-context/data/processed/mels/122473.pt,6
122675,training,19189,/content/gnn-bert-music-context/data/raw/fma_small/122/122675.mp3,"Track: Snoday. Album: Ad Astra, Vol. 2. Artist: P C III","[0.0, 0.0, 0.0, 0.0, 1.0, 0.0, 0.0, 0.0]",/content/gnn-bert-music-context/data/processed/graphs/122675.pt,/content/gnn-bert-music-context/data/processed/mels/122675.pt,6
122683,training,17997,/content/gnn-bert-music-context/data/raw/fma_small/122/122683.mp3,Track: L'intermede. Album: Kaos O Labo (Piece of Wood). Artist: Salmo,"[0.0, 0.0, 0.0, 0.0, 0.0, 0.0, 0.0, 1.0]",/content/gnn-bert-music-context/data/processed/graphs/122683.pt,/content/gnn-bert-music-context/data/processed/mels/122683.pt,6
122686,training,17997,/content/gnn-bert-music-context/data/raw/fma_small/122/122686.mp3,Track: 69 la dernière seconde. Album: Kaos O Labo (Piece of Wood). Artist: Salmo,"[0.0, 0.0, 0.0, 0.0, 0.0, 0.0, 0.0, 1.0]",/content/gnn-bert-music-context/data/processed/graphs/122686.pt,/content/gnn-bert-music-context/data/processed/mels/122686.pt,6
122803,training,20544,/content/gnn-bert-music-context/data/raw/fma_small/122/122803.mp3,Track: wildly unexpected. Album: Stranger in the Ringer. Artist: The Carnys,"[0.0, 0.0, 0.0, 0.0, 0.0, 0.0, 1.0, 0.0]",/content/gnn-bert-music-context/data/processed/graphs/122803.pt,/content/gnn-bert-music-context/data/processed/mels/122803.pt,6
122809,training,20544,/content/gnn-bert-music-context/data/raw/fma_small/122/122809.mp3,Track: foolsgame. Album: Stranger in the Ringer. Artist: The Carnys,"[0.0, 0.0, 0.0, 0.0, 0.0, 0.0, 1.0, 0.0]",/content/gnn-bert-music-context/data/processed/graphs/122809.pt,/content/gnn-bert-music-context/data/processed/mels/122809.pt,6
122999,training,19102,/content/gnn-bert-music-context/data/raw/fma_small/122/122999.mp3,Track: Overlooking Eternity. Album: Convalescence. Artist: Anima,"[1.0, 0.0, 0.0, 0.0, 0.0, 0.0, 0.0, 0.0]",/content/gnn-bert-music-context/data/processed/graphs/122999.pt,/content/gnn-bert-music-context/data/processed/mels/122999.pt,6
123004,training,19102,/content/gnn-bert-music-context/data/raw/fma_small/123/123004.mp3,Track: Convalescence II: Love Again. Album: Convalescence. Artist: Anima,"[1.0, 0.0, 0.0, 0.0, 0.0, 0.0, 0.0, 0.0]",/content/gnn-bert-music-context/data/processed/graphs/123004.pt,/content/gnn-bert-music-context/data/processed/mels/123004.pt,6
123523,training,20655,/content/gnn-bert-music-context/data/raw/fma_small/123/123523.mp3,Track: Here At Last. Album: Here At Last. Artist: Andrew Seistrup,"[0.0, 0.0, 0.0, 0.0, 1.0, 0.0, 0.0, 0.0]",/content/gnn-bert-music-context/data/processed/graphs/123523.pt,/content/gnn-bert-music-context/data/processed/mels/123523.pt,6
123825,training,20691,/content/gnn-bert-music-context/data/raw/fma_small/123/123825.mp3,Track: Strength. Album: Left songs. Artist: Mesmerists,"[0.0, 0.0, 0.0, 0.0, 0.0, 0.0, 0.0, 1.0]",/content/gnn-bert-music-context/data/processed/graphs/123825.pt,/content/gnn-bert-music-context/data/processed/mels/123825.pt,6
123866,training,20697,/content/gnn-bert-music-context/data/raw/fma_small/123/123866.mp3,"Track: Nasty Boots. Album: Live on WFMU with Todd-o-phonic Todd: Aug 15, 2015. Artist: The Barreracudas","[0.0, 0.0, 0.0, 0.0, 0.0, 0.0, 0.0, 1.0]",/content/gnn-bert-music-context/data/processed/graphs/123866.pt,/content/gnn-bert-music-context/data/processed/mels/123866.pt,6
123971,training,20707,/content/gnn-bert-music-context/data/raw/fma_small/123/123971.mp3,Track: Freestyle 32. Album: #JustBecause. Artist: BenJamin Banger,"[0.0, 0.0, 0.0, 1.0, 0.0, 0.0, 0.0, 0.0]",/content/gnn-bert-music-context/data/processed/graphs/123971.pt,/content/gnn-bert-music-context/data/processed/mels/123971.pt,6
123978,training,20707,/content/gnn-bert-music-context/data/raw/fma_small/123/123978.mp3,"Track: Fuck Yall, Im Goin Pop. Album: #JustBecause. Artist: BenJamin Banger","[0.0, 0.0, 0.0, 1.0, 0.0, 0.0, 0.0, 0.0]",/content/gnn-bert-music-context/data/processed/graphs/123978.pt,/content/gnn-bert-music-context/data/processed/mels/123978.pt,6
124175,training,19692,/content/gnn-bert-music-context/data/raw/fma_small/124/124175.mp3,Track: Breeeze. Album: Various Moods II. Artist: Jelsonic,"[0.0, 0.0, 0.0, 0.0, 1.0, 0.0, 0.0, 0.0]",/content/gnn-bert-music-context/data/processed/graphs/124175.pt,/content/gnn-bert-music-context/data/processed/mels/124175.pt,6
124392,test,20763,/content/gnn-bert-music-context/data/raw/fma_small/124/124392.mp3,Track: Into Orbit. Album: Escape / Restart. Artist: Radius System,"[0.0, 0.0, 0.0, 0.0, 0.0, 0.0, 0.0, 1.0]",/content/gnn-bert-music-context/data/processed/graphs/124392.pt,/content/gnn-bert-music-context/data/processed/mels/124392.pt,6
124394,test,20763,/content/gnn-bert-music-context/data/raw/fma_small/124/124394.mp3,Track: Not Coming Back. Album: Escape / Restart. Artist: Radius System,"[0.0, 0.0, 0.0, 0.0, 0.0, 0.0, 0.0, 1.0]",/content/gnn-bert-music-context/data/processed/graphs/124394.pt,/content/gnn-bert-music-context/data/processed/mels/124394.pt,6
124482,training,6337,/content/gnn-bert-music-context/data/raw/fma_small/124/124482.mp3,Track: Went To Sea. Album: Hemogoblin. Artist: Attic Ted,"[0.0, 0.0, 0.0, 0.0, 0.0, 0.0, 1.0, 0.0]",/content/gnn-bert-music-context/data/processed/graphs/124482.pt,/content/gnn-bert-music-context/data/processed/mels/124482.pt,6
124517,validation,19918,/content/gnn-bert-music-context/data/raw/fma_small/124/124517.mp3,Track: Sad Songs Pt.I - Bells. Album: Sad Songs. Artist: Fake Cats Project,"[0.0, 1.0, 0.0, 0.0, 0.0, 0.0, 0.0, 0.0]",/content/gnn-bert-music-context/data/processed/graphs/124517.pt,/content/gnn-bert-music-context/data/processed/mels/124517.pt,6
124518,validation,19918,/content/gnn-bert-music-context/data/raw/fma_small/124/124518.mp3,Track: Sad Songs Pt.II - Unverklaerte Nacht. Album: Sad Songs. Artist: Fake Cats Project,"[0.0, 1.0, 0.0, 0.0, 0.0, 0.0, 0.0, 0.0]",/content/gnn-bert-music-context/data/processed/graphs/124518.pt,/content/gnn-bert-music-context/data/processed/mels/124518.pt,6
124519,validation,19918,/content/gnn-bert-music-context/data/raw/fma_small/124/124519.mp3,Track: Sad Songs Pt.III - A Simple Etude For Overdriven Bass. Album: Sad Songs. Artist: Fake Cats Project,"[0.0, 1.0, 0.0, 0.0, 0.0, 0.0, 0.0, 0.0]",/content/gnn-bert-music-context/data/processed/graphs/124519.pt,/content/gnn-bert-music-context/data/processed/mels/124519.pt,6
124752,training,6243,/content/gnn-bert-music-context/data/raw/fma_small/124/124752.mp3,Track: Aitken Basin. Album: Shikomizue. Artist: Damscray,"[1.0, 0.0, 0.0, 0.0, 0.0, 0.0, 0.0, 0.0]",/content/gnn-bert-music-context/data/processed/graphs/124752.pt,/content/gnn-bert-music-context/data/processed/mels/124752.pt,6
124756,training,20811,/content/gnn-bert-music-context/data/raw/fma_small/124/124756.mp3,Track: Ninja. Album: Shikomizue. Artist: Indikings,"[1.0, 0.0, 0.0, 0.0, 0.0, 0.0, 0.0, 0.0]",/content/gnn-bert-music-context/data/processed/graphs/124756.pt,/content/gnn-bert-music-context/data/processed/mels/124756.pt,6
124872,training,20760,/content/gnn-bert-music-context/data/raw/fma_small/124/124872.mp3,Track: Drown in Mirrors. Album: Sea & Night. Artist: Sergey Cheremisinov,"[0.0, 0.0, 0.0, 0.0, 1.0, 0.0, 0.0, 0.0]",/content/gnn-bert-music-context/data/processed/graphs/124872.pt,/content/gnn-bert-music-context/data/processed/mels/124872.pt,6
124873,training,20760,/content/gnn-bert-music-context/data/raw/fma_small/124/124873.mp3,Track: Crystal Echoes. Album: Sea & Night. Artist: Sergey Cheremisinov,"[0.0, 0.0, 0.0, 0.0, 1.0, 0.0, 0.0, 0.0]",/content/gnn-bert-music-context/data/processed/graphs/124873.pt,/content/gnn-bert-music-context/data/processed/mels/124873.pt,6
124875,training,20760,/content/gnn-bert-music-context/data/raw/fma_small/124/124875.mp3,Track: Sea & Night. Album: Sea & Night. Artist: Sergey Cheremisinov,"[0.0, 0.0, 0.0, 0.0, 1.0, 0.0, 0.0, 0.0]",/content/gnn-bert-music-context/data/processed/graphs/124875.pt,/content/gnn-bert-music-context/data/processed/mels/124875.pt,6
124916,training,20826,/content/gnn-bert-music-context/data/raw/fma_small/124/124916.mp3,Track: Zombie Disco. Album: The Psychedelic And. Artist: Six Umbrellas,"[1.0, 0.0, 0.0, 0.0, 0.0, 0.0, 0.0, 0.0]",/content/gnn-bert-music-context/data/processed/graphs/124916.pt,/content/gnn-bert-music-context/data/processed/mels/124916.pt,6
124918,training,20826,/content/gnn-bert-music-context/data/raw/fma_small/124/124918.mp3,Track: She Does Her Best (feat. Small Colin). Album: The Psychedelic And. Artist: Six Umbrellas,"[1.0, 0.0, 0.0, 0.0, 0.0, 0.0, 0.0, 0.0]",/content/gnn-bert-music-context/data/processed/graphs/124918.pt,/content/gnn-bert-music-context/data/processed/mels/124918.pt,6
124971,training,19268,/content/gnn-bert-music-context/data/raw/fma_small/124/124971.mp3,Track: AVIATION CRAB ORCHESTRA (KOPER BUSKING). Album: AVIATION CRAB ORCHESTRA (AN EPIC SAGA). Artist: ODOR BABY,"[0.0, 1.0, 0.0, 0.0, 0.0, 0.0, 0.0, 0.0]",/content/gnn-bert-music-context/data/processed/graphs/124971.pt,/content/gnn-bert-music-context/data/processed/mels/124971.pt,6
125004,training,12676,/content/gnn-bert-music-context/data/raw/fma_small/125/125004.mp3,Track: Outro. Album: Eponymosity. Artist: Let Me Crazy,"[0.0, 0.0, 0.0, 0.0, 0.0, 0.0, 0.0, 1.0]",/content/gnn-bert-music-context/data/processed/graphs/125004.pt,/content/gnn-bert-music-context/data/processed/mels/125004.pt,6
125160,validation,3578,/content/gnn-bert-music-context/data/raw/fma_small/125/125160.mp3,Track: Stargate Pumpin. Album: The Gorowski Archives (2005-2015). Artist: Gorowski,"[1.0, 0.0, 0.0, 0.0, 0.0, 0.0, 0.0, 0.0]",/content/gnn-bert-music-context/data/processed/graphs/125160.pt,/content/gnn-bert-music-context/data/processed/mels/125160.pt,6
125185,training,9765,/content/gnn-bert-music-context/data/raw/fma_small/125/125185.mp3,Track: Life Unfolds. Album: Loose Fur - The Best of Derek Clegg. Artist: Derek Clegg,"[0.0, 0.0, 1.0, 0.0, 0.0, 0.0, 0.0, 0.0]",/content/gnn-bert-music-context/data/processed/graphs/125185.pt,/content/gnn-bert-music-context/data/processed/mels/125185.pt,6
125194,training,9765,/content/gnn-bert-music-context/data/raw/fma_small/125/125194.mp3,Track: Found It All. Album: Loose Fur - The Best of Derek Clegg. Artist: Derek Clegg,"[0.0, 0.0, 1.0, 0.0, 0.0, 0.0, 0.0, 0.0]",/content/gnn-bert-music-context/data/processed/graphs/125194.pt,/content/gnn-bert-music-context/data/processed/mels/125194.pt,6
125239,validation,20860,/content/gnn-bert-music-context/data/raw/fma_small/125/125239.mp3,Track: Iglesia de Nuestra Señora de Fatima. Album: Palmillas. Artist: Derek Baron,"[0.0, 1.0, 0.0, 0.0, 0.0, 0.0, 0.0, 0.0]",/content/gnn-bert-music-context/data/processed/graphs/125239.pt,/content/gnn-bert-music-context/data/processed/mels/125239.pt,6
125293,training,13826,/content/gnn-bert-music-context/data/raw/fma_small/125/125293.mp3,Track: Against The Grain (Phish Funk remix). Album: Best Bytes Volume 3. Artist: Psychadelik Pedestrian,"[1.0, 0.0, 0.0, 0.0, 0.0, 0.0, 0.0, 0.0]",/content/gnn-bert-music-context/data/processed/graphs/125293.pt,/content/gnn-bert-music-context/data/processed/mels/125293.pt,6
125617,training,19461,/content/gnn-bert-music-context/data/raw/fma_small/125/125617.mp3,Track: Drifting Spade. Album: Caruthersville. Artist: Blue Dot Sessions,"[0.0, 0.0, 0.0, 0.0, 1.0, 0.0, 0.0, 0.0]",/content/gnn-bert-music-context/data/processed/graphs/125617.pt,/content/gnn-bert-music-context/data/processed/mels/125617.pt,6
125657,training,19461,/content/gnn-bert-music-context/data/raw/fma_small/125/125657.mp3,Track: Demalion - Copper Halls. Album: Demalion. Artist: Blue Dot Sessions,"[0.0, 0.0, 0.0, 0.0, 1.0, 0.0, 0.0, 0.0]",/content/gnn-bert-music-context/data/processed/graphs/125657.pt,/content/gnn-bert-music-context/data/processed/mels/125657.pt,6
125722,training,20941,/content/gnn-bert-music-context/data/raw/fma_small/125/125722.mp3,Track: Stutter. Album: Lush. Artist: Babe Parade,"[0.0, 0.0, 0.0, 0.0, 0.0, 0.0, 1.0, 0.0]",/content/gnn-bert-music-context/data/processed/graphs/125722.pt,/content/gnn-bert-music-context/data/processed/mels/125722.pt,6
125723,training,20941,/content/gnn-bert-music-context/data/raw/fma_small/125/125723.mp3,Track: Vacation. Album: Lush. Artist: Babe Parade,"[0.0, 0.0, 0.0, 0.0, 0.0, 0.0, 1.0, 0.0]",/content/gnn-bert-music-context/data/processed/graphs/125723.pt,/content/gnn-bert-music-context/data/processed/mels/125723.pt,6
125809,training,19461,/content/gnn-bert-music-context/data/raw/fma_small/125/125809.mp3,Track: Alchemical. Album: Dorica. Artist: Blue Dot Sessions,"[0.0, 0.0, 0.0, 0.0, 1.0, 0.0, 0.0, 0.0]",/content/gnn-bert-music-context/data/processed/graphs/125809.pt,/content/gnn-bert-music-context/data/processed/mels/125809.pt,6
125824,training,19461,/content/gnn-bert-music-context/data/raw/fma_small/125/125824.mp3,Track: Festering. Album: Towboat. Artist: Blue Dot Sessions,"[0.0, 0.0, 0.0, 0.0, 1.0, 0.0, 0.0, 0.0]",/content/gnn-bert-music-context/data/processed/graphs/125824.pt,/content/gnn-bert-music-context/data/processed/mels/125824.pt,6
125999,validation,3578,/content/gnn-bert-music-context/data/raw/fma_small/125/125999.mp3,Track: Zon. Album: The Gorowski Archives (2005-2015). Artist: Gorowski,"[1.0, 0.0, 0.0, 0.0, 0.0, 0.0, 0.0, 0.0]",/content/gnn-bert-music-context/data/processed/graphs/125999.pt,/content/gnn-bert-music-context/data/processed/mels/125999.pt,6
126016,training,19461,/content/gnn-bert-music-context/data/raw/fma_small/126/126016.mp3,Track: Midday. Album: Pecan Grove. Artist: Blue Dot Sessions,"[0.0, 0.0, 0.0, 0.0, 1.0, 0.0, 0.0, 0.0]",/content/gnn-bert-music-context/data/processed/graphs/126016.pt,/content/gnn-bert-music-context/data/processed/mels/126016.pt,6
126017,training,19461,/content/gnn-bert-music-context/data/raw/fma_small/126/126017.mp3,Track: Pickers. Album: Pecan Grove. Artist: Blue Dot Sessions,"[0.0, 0.0, 0.0, 0.0, 1.0, 0.0, 0.0, 0.0]",/content/gnn-bert-music-context/data/processed/graphs/126017.pt,/content/gnn-bert-music-context/data/processed/mels/126017.pt,6
126018,training,19461,/content/gnn-bert-music-context/data/raw/fma_small/126/126018.mp3,Track: Tripoli. Album: Pecan Grove. Artist: Blue Dot Sessions,"[0.0, 0.0, 0.0, 0.0, 1.0, 0.0, 0.0, 0.0]",/content/gnn-bert-music-context/data/processed/graphs/126018.pt,/content/gnn-bert-music-context/data/processed/mels/126018.pt,6
126180,training,20971,/content/gnn-bert-music-context/data/raw/fma_small/126/126180.mp3,Track: Heavy Falling Feather. Album: Omission. Artist: Joao Picoito,"[0.0, 0.0, 0.0, 0.0, 1.0, 0.0, 0.0, 0.0]",/content/gnn-bert-music-context/data/processed/graphs/126180.pt,/content/gnn-bert-music-context/data/processed/mels/126180.pt,6
126181,training,20971,/content/gnn-bert-music-context/data/raw/fma_small/126/126181.mp3,Track: Hope. Album: Omission. Artist: Joao Picoito,"[0.0, 0.0, 0.0, 0.0, 1.0, 0.0, 0.0, 0.0]",/content/gnn-bert-music-context/data/processed/graphs/126181.pt,/content/gnn-bert-music-context/data/processed/mels/126181.pt,6
126243,test,19472,/content/gnn-bert-music-context/data/raw/fma_small/126/126243.mp3,"Track: Wherever You Are, Whatever You Do, Please Remember Me As I Do You?. Album: Songs From Another Time. Artist: Squire Tuck","[0.0, 0.0, 0.0, 0.0, 1.0, 0.0, 0.0, 0.0]",/content/gnn-bert-music-context/data/processed/graphs/126243.pt,/content/gnn-bert-music-context/data/processed/mels/126243.pt,6
126294,training,20985,/content/gnn-bert-music-context/data/raw/fma_small/126/126294.mp3,Track: Sheffield Hall. Album: Layers (EP). Artist: Andy G. Cohen,"[0.0, 0.0, 0.0, 0.0, 0.0, 0.0, 0.0, 1.0]",/content/gnn-bert-music-context/data/processed/graphs/126294.pt,/content/gnn-bert-music-context/data/processed/mels/126294.pt,6
126362,training,20992,/content/gnn-bert-music-context/data/raw/fma_small/126/126362.mp3,Track: deathstar. Album: New Eyes. Artist: Boonesboro,"[0.0, 0.0, 0.0, 0.0, 0.0, 0.0, 1.0, 0.0]",/content/gnn-bert-music-context/data/processed/graphs/126362.pt,/content/gnn-bert-music-context/data/processed/mels/126362.pt,6
126407,training,20995,/content/gnn-bert-music-context/data/raw/fma_small/126/126407.mp3,Track: Junk Mail. Album: Lofty !. Artist: Shy Kids,"[0.0, 0.0, 0.0, 0.0, 0.0, 0.0, 1.0, 0.0]",/content/gnn-bert-music-context/data/processed/graphs/126407.pt,/content/gnn-bert-music-context/data/processed/mels/126407.pt,6
126425,training,20999,/content/gnn-bert-music-context/data/raw/fma_small/126/126425.mp3,Track: First the bird fell. Album: First the bird fell. Artist: Shy and the Fight,"[0.0, 0.0, 0.0, 0.0, 0.0, 0.0, 1.0, 0.0]",/content/gnn-bert-music-context/data/processed/graphs/126425.pt,/content/gnn-bert-music-context/data/processed/mels/126425.pt,6
126426,training,20999,/content/gnn-bert-music-context/data/raw/fma_small/126/126426.mp3,"Track: Pick a subject, let's have an argument. Album: First the bird fell. Artist: Shy and the Fight","[0.0, 0.0, 0.0, 0.0, 0.0, 0.0, 1.0, 0.0]",/content/gnn-bert-music-context/data/processed/graphs/126426.pt,/content/gnn-bert-music-context/data/processed/mels/126426.pt,6
126508,training,21006,/content/gnn-bert-music-context/data/raw/fma_small/126/126508.mp3,Track: Cultures All In Harmony. Album: An Appreciation. Artist: Hectic Head,"[0.0, 1.0, 0.0, 0.0, 0.0, 0.0, 0.0, 0.0]",/content/gnn-bert-music-context/data/processed/graphs/126508.pt,/content/gnn-bert-music-context/data/processed/mels/126508.pt,6
126520,training,10012,/content/gnn-bert-music-context/data/raw/fma_small/126/126520.mp3,Track: Αρχαία Μουσική Για Σύγχρονη Φορές (Ancient Music For Modern Times). Album: An Appreciation. Artist: Jared C. Balogh,"[0.0, 1.0, 0.0, 0.0, 0.0, 0.0, 0.0, 0.0]",/content/gnn-bert-music-context/data/processed/graphs/126520.pt,/content/gnn-bert-music-context/data/processed/mels/126520.pt,6
126521,training,21015,/content/gnn-bert-music-context/data/raw/fma_small/126/126521.mp3,Track: Hymne de apophia. Album: An Appreciation. Artist: L o W & CROCODILE TEARS,"[0.0, 1.0, 0.0, 0.0, 0.0, 0.0, 0.0, 0.0]",/content/gnn-bert-music-context/data/processed/graphs/126521.pt,/content/gnn-bert-music-context/data/processed/mels/126521.pt,6
126588,validation,21020,/content/gnn-bert-music-context/data/raw/fma_small/126/126588.mp3,Track: Look Out The Window At The Rain. Album: Green World. Artist: Maxim Kornyshev,"[0.0, 0.0, 0.0, 0.0, 1.0, 0.0, 0.0, 0.0]",/content/gnn-bert-music-context/data/processed/graphs/126588.pt,/content/gnn-bert-music-context/data/processed/mels/126588.pt,6
126589,validation,21020,/content/gnn-bert-music-context/data/raw/fma_small/126/126589.mp3,Track: The Galactic Cluster In A Burning Fireplace. Album: Green World. Artist: Maxim Kornyshev,"[0.0, 0.0, 0.0, 0.0, 1.0, 0.0, 0.0, 0.0]",/content/gnn-bert-music-context/data/processed/graphs/126589.pt,/content/gnn-bert-music-context/data/processed/mels/126589.pt,6
126602,training,16066,/content/gnn-bert-music-context/data/raw/fma_small/126/126602.mp3,Track: Neon Hippies. Album: H I N T E R L A N D. Artist: Fields Ohio,"[0.0, 1.0, 0.0, 0.0, 0.0, 0.0, 0.0, 0.0]",/content/gnn-bert-music-context/data/processed/graphs/126602.pt,/content/gnn-bert-music-context/data/processed/mels/126602.pt,6
126717,training,19461,/content/gnn-bert-music-context/data/raw/fma_small/126/126717.mp3,Track: Nuthatch. Album: Feathers. Artist: Blue Dot Sessions,"[0.0, 0.0, 0.0, 0.0, 1.0, 0.0, 0.0, 0.0]",/content/gnn-bert-music-context/data/processed/graphs/126717.pt,/content/gnn-bert-music-context/data/processed/mels/126717.pt,6
126719,training,19461,/content/gnn-bert-music-context/data/raw/fma_small/126/126719.mp3,Track: Cottonwoods. Album: Feathers. Artist: Blue Dot Sessions,"[0.0, 0.0, 0.0, 0.0, 1.0, 0.0, 0.0, 0.0]",/content/gnn-bert-music-context/data/processed/graphs/126719.pt,/content/gnn-bert-music-context/data/processed/mels/126719.pt,6
126720,training,19461,/content/gnn-bert-music-context/data/raw/fma_small/126/126720.mp3,Track: Blue Jay. Album: Feathers. Artist: Blue Dot Sessions,"[0.0, 0.0, 0.0, 0.0, 1.0, 0.0, 0.0, 0.0]",/content/gnn-bert-music-context/data/processed/graphs/126720.pt,/content/gnn-bert-music-context/data/processed/mels/126720.pt,6
126743,training,9765,/content/gnn-bert-music-context/data/raw/fma_small/126/126743.mp3,Track: Last Chance. Album: End Of Something. Artist: Derek Clegg,"[0.0, 0.0, 1.0, 0.0, 0.0, 0.0, 0.0, 0.0]",/content/gnn-bert-music-context/data/processed/graphs/126743.pt,/content/gnn-bert-music-context/data/processed/mels/126743.pt,6
127155,training,13517,/content/gnn-bert-music-context/data/raw/fma_small/127/127155.mp3,Track: So Sad. Album: [EPV_180] BLACK. Artist: SHOMOMOSE,"[0.0, 1.0, 0.0, 0.0, 0.0, 0.0, 0.0, 0.0]",/content/gnn-bert-music-context/data/processed/graphs/127155.pt,/content/gnn-bert-music-context/data/processed/mels/127155.pt,6
127263,training,19696,/content/gnn-bert-music-context/data/raw/fma_small/127/127263.mp3,Track: OST 08 Rescued :-). Album: RottenMage SpaceJacked OST. Artist: sawsquarenoise,"[1.0, 0.0, 0.0, 0.0, 0.0, 0.0, 0.0, 0.0]",/content/gnn-bert-music-context/data/processed/graphs/127263.pt,/content/gnn-bert-music-context/data/processed/mels/127263.pt,6
127273,training,21077,/content/gnn-bert-music-context/data/raw/fma_small/127/127273.mp3,Track: Appeal To. Album: Hissing fauna. Artist: Hissing Fauna,"[0.0, 0.0, 0.0, 0.0, 0.0, 0.0, 1.0, 0.0]",/content/gnn-bert-music-context/data/processed/graphs/127273.pt,/content/gnn-bert-music-context/data/processed/mels/127273.pt,6
127278,training,21078,/content/gnn-bert-music-context/data/raw/fma_small/127/127278.mp3,Track: Distant Lover. Album: Songs From Your Collarbone. Artist: Myndra,"[0.0, 0.0, 0.0, 0.0, 0.0, 0.0, 1.0, 0.0]",/content/gnn-bert-music-context/data/processed/graphs/127278.pt,/content/gnn-bert-music-context/data/processed/mels/127278.pt,6
127288,training,21078,/content/gnn-bert-music-context/data/raw/fma_small/127/127288.mp3,Track: Colloquial. Album: Songs From Your Collarbone. Artist: Myndra,"[0.0, 0.0, 0.0, 0.0, 0.0, 0.0, 1.0, 0.0]",/content/gnn-bert-music-context/data/processed/graphs/127288.pt,/content/gnn-bert-music-context/data/processed/mels/127288.pt,6
127290,training,21078,/content/gnn-bert-music-context/data/raw/fma_small/127/127290.mp3,Track: Bruxelles. Album: Songs From Your Collarbone. Artist: Myndra,"[0.0, 0.0, 0.0, 0.0, 0.0, 0.0, 1.0, 0.0]",/content/gnn-bert-music-context/data/processed/graphs/127290.pt,/content/gnn-bert-music-context/data/processed/mels/127290.pt,6
127359,training,21090,/content/gnn-bert-music-context/data/raw/fma_small/127/127359.mp3,"Track: Come When You Can. Album: Live at Monty Hall with Jeff Sarge of Reggae Schoolroom, 10/03/2015. Artist: Colin Ska Johnson","[0.0, 0.0, 0.0, 0.0, 0.0, 1.0, 0.0, 0.0]",/content/gnn-bert-music-context/data/processed/graphs/127359.pt,/content/gnn-bert-music-context/data/processed/mels/127359.pt,6
127469,training,16239,/content/gnn-bert-music-context/data/raw/fma_small/127/127469.mp3,Track: Mama Medusa. Album: Going Backwards to the Garden of Plastic Fruits. Artist: HighWay17,"[0.0, 1.0, 0.0, 0.0, 0.0, 0.0, 0.0, 0.0]",/content/gnn-bert-music-context/data/processed/graphs/127469.pt,/content/gnn-bert-music-context/data/processed/mels/127469.pt,6
127484,test,21100,/content/gnn-bert-music-context/data/raw/fma_small/127/127484.mp3,Track: Under the Labyrinth. Album: Emissaries. Artist: Hyaena Fierling & MUTATE,"[0.0, 1.0, 0.0, 0.0, 0.0, 0.0, 0.0, 0.0]",/content/gnn-bert-music-context/data/processed/graphs/127484.pt,/content/gnn-bert-music-context/data/processed/mels/127484.pt,6
127559,test,21107,/content/gnn-bert-music-context/data/raw/fma_small/127/127559.mp3,Track: High Hopes. Album: Droopies. Artist: Droopies,"[0.0, 0.0, 0.0, 0.0, 0.0, 0.0, 0.0, 1.0]",/content/gnn-bert-music-context/data/processed/graphs/127559.pt,/content/gnn-bert-music-context/data/processed/mels/127559.pt,6
127648,training,19461,/content/gnn-bert-music-context/data/raw/fma_small/127/127648.mp3,Track: Bkls. Album: Simple Machines. Artist: Blue Dot Sessions,"[0.0, 0.0, 0.0, 0.0, 1.0, 0.0, 0.0, 0.0]",/content/gnn-bert-music-context/data/processed/graphs/127648.pt,/content/gnn-bert-music-context/data/processed/mels/127648.pt,6
127720,training,21113,/content/gnn-bert-music-context/data/raw/fma_small/127/127720.mp3,"Track: Rich Albertoni / Stinge. Album: Live on WFMU's Infinite Distortion: Nov 9, 2015. Artist: Mellow Harsher","[0.0, 0.0, 0.0, 0.0, 0.0, 0.0, 0.0, 1.0]",/content/gnn-bert-music-context/data/processed/graphs/127720.pt,/content/gnn-bert-music-context/data/processed/mels/127720.pt,6
127804,training,13826,/content/gnn-bert-music-context/data/raw/fma_small/127/127804.mp3,Track: Starlight. Album: Fifteen. Artist: Psychadelik Pedestrian,"[1.0, 0.0, 0.0, 0.0, 0.0, 0.0, 0.0, 0.0]",/content/gnn-bert-music-context/data/processed/graphs/127804.pt,/content/gnn-bert-music-context/data/processed/mels/127804.pt,6
127866,validation,21105,/content/gnn-bert-music-context/data/raw/fma_small/127/127866.mp3,Track: Paris Ballade. Album: Songs For Paris. Artist: Dana Boulé,"[0.0, 0.0, 0.0, 0.0, 0.0, 1.0, 0.0, 0.0]",/content/gnn-bert-music-context/data/processed/graphs/127866.pt,/content/gnn-bert-music-context/data/processed/mels/127866.pt,6
127996,training,20760,/content/gnn-bert-music-context/data/raw/fma_small/127/127996.mp3,Track: Labyrinth. Album: Forgotten Stars. Artist: Sergey Cheremisinov,"[0.0, 0.0, 0.0, 0.0, 1.0, 0.0, 0.0, 0.0]",/content/gnn-bert-music-context/data/processed/graphs/127996.pt,/content/gnn-bert-music-context/data/processed/mels/127996.pt,6
128443,training,21147,/content/gnn-bert-music-context/data/raw/fma_small/128/128443.mp3,Track: a night lost. Album: netBloc Vol. 47: Grooves For The Sentient. Artist: Mitchmatic,"[0.0, 0.0, 0.0, 1.0, 0.0, 0.0, 0.0, 0.0]",/content/gnn-bert-music-context/data/processed/graphs/128443.pt,/content/gnn-bert-music-context/data/processed/mels/128443.pt,6
128484,validation,21155,/content/gnn-bert-music-context/data/raw/fma_small/128/128484.mp3,Track: Wrists Like Little Branches (Basement Skylights Remix). Album: netBloc Vol. 48: Still…. Artist: Terrible Terrible,"[0.0, 0.0, 0.0, 0.0, 0.0, 0.0, 1.0, 0.0]",/content/gnn-bert-music-context/data/processed/graphs/128484.pt,/content/gnn-bert-music-context/data/processed/mels/128484.pt,6
128494,training,17125,/content/gnn-bert-music-context/data/raw/fma_small/128/128494.mp3,Track: You Ain't Nothin (Featuring Drano & Joey Ripps). Album: netBloc Vol. 49: Music For The Civilized / War For The Mad Men. Artist: Ant The Symbol,"[0.0, 0.0, 0.0, 1.0, 0.0, 0.0, 0.0, 0.0]",/content/gnn-bert-music-context/data/processed/graphs/128494.pt,/content/gnn-bert-music-context/data/processed/mels/128494.pt,6
128759,validation,21128,/content/gnn-bert-music-context/data/raw/fma_small/128/128759.mp3,Track: Atrusion Fusion. Album: Armageddon. Artist: Synapsis,"[1.0, 0.0, 0.0, 0.0, 0.0, 0.0, 0.0, 0.0]",/content/gnn-bert-music-context/data/processed/graphs/128759.pt,/content/gnn-bert-music-context/data/processed/mels/128759.pt,6
128814,training,19461,/content/gnn-bert-music-context/data/raw/fma_small/128/128814.mp3,Track: Tar and Spackle. Album: Plaster. Artist: Blue Dot Sessions,"[0.0, 0.0, 0.0, 0.0, 1.0, 0.0, 0.0, 0.0]",/content/gnn-bert-music-context/data/processed/graphs/128814.pt,/content/gnn-bert-music-context/data/processed/mels/128814.pt,6
128886,test,19472,/content/gnn-bert-music-context/data/raw/fma_small/128/128886.mp3,Track: Sad Times. Album: Jamstik Jams. Artist: Squire Tuck,"[0.0, 0.0, 0.0, 0.0, 1.0, 0.0, 0.0, 0.0]",/content/gnn-bert-music-context/data/processed/graphs/128886.pt,/content/gnn-bert-music-context/data/processed/mels/128886.pt,6
128887,test,19472,/content/gnn-bert-music-context/data/raw/fma_small/128/128887.mp3,Track: Love will Conquer All. Album: Jamstik Jams. Artist: Squire Tuck,"[0.0, 0.0, 0.0, 0.0, 1.0, 0.0, 0.0, 0.0]",/content/gnn-bert-music-context/data/processed/graphs/128887.pt,/content/gnn-bert-music-context/data/processed/mels/128887.pt,6
129051,validation,21268,/content/gnn-bert-music-context/data/raw/fma_small/129/129051.mp3,Track: Whole Lot Of Louvre. Album: Relaxation. Artist: Total Unicorn,"[0.0, 0.0, 0.0, 0.0, 0.0, 0.0, 1.0, 0.0]",/content/gnn-bert-music-context/data/processed/graphs/129051.pt,/content/gnn-bert-music-context/data/processed/mels/129051.pt,6
129096,validation,1860,/content/gnn-bert-music-context/data/raw/fma_small/129/129096.mp3,Track: Black Angel. Album: Happy Halloween. Artist: The Vivisectors,"[0.0, 0.0, 0.0, 0.0, 0.0, 0.0, 0.0, 1.0]",/content/gnn-bert-music-context/data/processed/graphs/129096.pt,/content/gnn-bert-music-context/data/processed/mels/129096.pt,6
129184,training,19461,/content/gnn-bert-music-context/data/raw/fma_small/129/129184.mp3,Track: Great is the Contessa. Album: The Contessa. Artist: Blue Dot Sessions,"[0.0, 0.0, 0.0, 0.0, 1.0, 0.0, 0.0, 0.0]",/content/gnn-bert-music-context/data/processed/graphs/129184.pt,/content/gnn-bert-music-context/data/processed/mels/129184.pt,6
129375,training,21291,/content/gnn-bert-music-context/data/raw/fma_small/129/129375.mp3,Track: L'Ecrivaine. Album: Artiste à vendre. Artist: Lonely Kid Quentin Ensemble,"[0.0, 0.0, 0.0, 0.0, 0.0, 0.0, 1.0, 0.0]",/content/gnn-bert-music-context/data/processed/graphs/129375.pt,/content/gnn-bert-music-context/data/processed/mels/129375.pt,6
129393,training,21296,/content/gnn-bert-music-context/data/raw/fma_small/129/129393.mp3,Track: New Leaves. Album: A la mode. Artist: A la Mode,"[0.0, 0.0, 0.0, 0.0, 0.0, 0.0, 1.0, 0.0]",/content/gnn-bert-music-context/data/processed/graphs/129393.pt,/content/gnn-bert-music-context/data/processed/mels/129393.pt,6
129398,training,21297,/content/gnn-bert-music-context/data/raw/fma_small/129/129398.mp3,"Track: Rock This Session. Album: Live at Monty Hall with Jeff Sarge of Reggae Schoolroom, 10/03/2015. Artist: Jerry Harris","[0.0, 0.0, 0.0, 0.0, 0.0, 1.0, 0.0, 0.0]",/content/gnn-bert-music-context/data/processed/graphs/129398.pt,/content/gnn-bert-music-context/data/processed/mels/129398.pt,6
129403,training,21299,/content/gnn-bert-music-context/data/raw/fma_small/129/129403.mp3,"Track: Should I. Album: Live at Monty Hall with Jeff Sarge of Reggae Schoolroom, 10/03/2015. Artist: Trevor Flowers and Iheka-Chama","[0.0, 0.0, 0.0, 0.0, 0.0, 1.0, 0.0, 0.0]",/content/gnn-bert-music-context/data/processed/graphs/129403.pt,/content/gnn-bert-music-context/data/processed/mels/129403.pt,6
129622,validation,21361,/content/gnn-bert-music-context/data/raw/fma_small/129/129622.mp3,Track: no title. Album: Spettro Records Volume 2 - Decline. Artist: Molestia Auricularum,"[0.0, 1.0, 0.0, 0.0, 0.0, 0.0, 0.0, 0.0]",/content/gnn-bert-music-context/data/processed/graphs/129622.pt,/content/gnn-bert-music-context/data/processed/mels/129622.pt,6
129674,training,17125,/content/gnn-bert-music-context/data/raw/fma_small/129/129674.mp3,Track: The True Black (Instrumental). Album: The True Black (Featuring The Honorable Sleaze). Artist: Ant The Symbol,"[0.0, 0.0, 0.0, 1.0, 0.0, 0.0, 0.0, 0.0]",/content/gnn-bert-music-context/data/processed/graphs/129674.pt,/content/gnn-bert-music-context/data/processed/mels/129674.pt,6
129874,training,21420,/content/gnn-bert-music-context/data/raw/fma_small/129/129874.mp3,Track: I. Album: Labyrinth. Artist: Tzelalot,"[0.0, 0.0, 0.0, 0.0, 0.0, 1.0, 0.0, 0.0]",/content/gnn-bert-music-context/data/processed/graphs/129874.pt,/content/gnn-bert-music-context/data/processed/mels/129874.pt,6
129887,training,21420,/content/gnn-bert-music-context/data/raw/fma_small/129/129887.mp3,Track: Hoy. Album: Labyrinth. Artist: Tzelalot,"[0.0, 0.0, 0.0, 0.0, 0.0, 1.0, 0.0, 0.0]",/content/gnn-bert-music-context/data/processed/graphs/129887.pt,/content/gnn-bert-music-context/data/processed/mels/129887.pt,6
129889,training,21420,/content/gnn-bert-music-context/data/raw/fma_small/129/129889.mp3,Track: Sidov. Album: Labyrinth. Artist: Tzelalot,"[0.0, 0.0, 0.0, 0.0, 0.0, 1.0, 0.0, 0.0]",/content/gnn-bert-music-context/data/processed/graphs/129889.pt,/content/gnn-bert-music-context/data/processed/mels/129889.pt,6
129920,training,21421,/content/gnn-bert-music-context/data/raw/fma_small/129/129920.mp3,Track: My City. Album: Welcome To Chi-Raq. Artist: Dollar Boyz,"[0.0, 0.0, 0.0, 1.0, 0.0, 0.0, 0.0, 0.0]",/content/gnn-bert-music-context/data/processed/graphs/129920.pt,/content/gnn-bert-music-context/data/processed/mels/129920.pt,6
129923,training,21423,/content/gnn-bert-music-context/data/raw/fma_small/129/129923.mp3,"Track: Guacamaya. Album: Live at WFMU on Transpacific Sound Paradise with Rob Weisberg, 10/26/2015. Artist: Radio Jarocho and Zenen Zeferino Huervo","[0.0, 0.0, 0.0, 0.0, 0.0, 1.0, 0.0, 0.0]",/content/gnn-bert-music-context/data/processed/graphs/129923.pt,/content/gnn-bert-music-context/data/processed/mels/129923.pt,6
129970,training,19164,/content/gnn-bert-music-context/data/raw/fma_small/129/129970.mp3,Track: On Axis. Album: Pipe Choir. Artist: Pipe Choir,"[0.0, 0.0, 0.0, 0.0, 0.0, 0.0, 0.0, 1.0]",/content/gnn-bert-music-context/data/processed/graphs/129970.pt,/content/gnn-bert-music-context/data/processed/mels/129970.pt,6
130368,training,21497,/content/gnn-bert-music-context/data/raw/fma_small/130/130368.mp3,"Track: Into the Blu. Album: Live on WFMU's Champ Sound with DJ Guy: Nov 16, 2015. Artist: TransFX","[0.0, 0.0, 0.0, 0.0, 0.0, 0.0, 1.0, 0.0]",/content/gnn-bert-music-context/data/processed/graphs/130368.pt,/content/gnn-bert-music-context/data/processed/mels/130368.pt,6
130692,training,21524,/content/gnn-bert-music-context/data/raw/fma_small/130/130692.mp3,Track: Lamia 2. Album: Culmination 3: The Dark Path. Artist: Cryosyncopy,"[0.0, 0.0, 0.0, 0.0, 0.0, 0.0, 0.0, 1.0]",/content/gnn-bert-music-context/data/processed/graphs/130692.pt,/content/gnn-bert-music-context/data/processed/mels/130692.pt,6
130710,training,21509,/content/gnn-bert-music-context/data/raw/fma_small/130/130710.mp3,Track: This Party. Album: Picking Fights & Blowing Kisses. Artist: Jimmy & The Threats,"[0.0, 0.0, 0.0, 1.0, 0.0, 0.0, 0.0, 0.0]",/content/gnn-bert-music-context/data/processed/graphs/130710.pt,/content/gnn-bert-music-context/data/processed/mels/130710.pt,6
131021,training,21503,/content/gnn-bert-music-context/data/raw/fma_small/131/131021.mp3,Track: You Are The World. Album: Homemade Raps. Artist: Pot-C,"[0.0, 0.0, 0.0, 1.0, 0.0, 0.0, 0.0, 0.0]",/content/gnn-bert-music-context/data/processed/graphs/131021.pt,/content/gnn-bert-music-context/data/processed/mels/131021.pt,6
131324,training,19461,/content/gnn-bert-music-context/data/raw/fma_small/131/131324.mp3,Track: Jeramiah's Suit. Album: Rayling. Artist: Blue Dot Sessions,"[0.0, 0.0, 0.0, 0.0, 1.0, 0.0, 0.0, 0.0]",/content/gnn-bert-music-context/data/processed/graphs/131324.pt,/content/gnn-bert-music-context/data/processed/mels/131324.pt,6
131385,training,19268,/content/gnn-bert-music-context/data/raw/fma_small/131/131385.mp3,Track: ODOR BABY THEME SONG. Album: AMERICAN STANDARD. Artist: ODOR BABY,"[0.0, 1.0, 0.0, 0.0, 0.0, 0.0, 0.0, 0.0]",/content/gnn-bert-music-context/data/processed/graphs/131385.pt,/content/gnn-bert-music-context/data/processed/mels/131385.pt,6
131436,training,21568,/content/gnn-bert-music-context/data/raw/fma_small/131/131436.mp3,Track: A01 Mesh Shirt mp3. Album: Chub Rub. Artist: Mom Jeans,"[0.0, 0.0, 0.0, 0.0, 0.0, 0.0, 1.0, 0.0]",/content/gnn-bert-music-context/data/processed/graphs/131436.pt,/content/gnn-bert-music-context/data/processed/mels/131436.pt,6
131453,training,21568,/content/gnn-bert-music-context/data/raw/fma_small/131/131453.mp3,Track: B07 Ya Dumb Bitch. Album: Chub Rub. Artist: Mom Jeans,"[0.0, 0.0, 0.0, 0.0, 0.0, 0.0, 1.0, 0.0]",/content/gnn-bert-music-context/data/processed/graphs/131453.pt,/content/gnn-bert-music-context/data/processed/mels/131453.pt,6
131791,training,19685,/content/gnn-bert-music-context/data/raw/fma_small/131/131791.mp3,Track: N'iceland. Album: Explorations. Artist: Pranavibes,"[0.0, 0.0, 0.0, 0.0, 1.0, 0.0, 0.0, 0.0]",/content/gnn-bert-music-context/data/processed/graphs/131791.pt,/content/gnn-bert-music-context/data/processed/mels/131791.pt,6
131837,training,18673,/content/gnn-bert-music-context/data/raw/fma_small/131/131837.mp3,Track: 『鯖江市日の出』Sabae Sunrise. Album: Singles Album. Artist: Fabian Measures,"[0.0, 0.0, 0.0, 0.0, 1.0, 0.0, 0.0, 0.0]",/content/gnn-bert-music-context/data/processed/graphs/131837.pt,/content/gnn-bert-music-context/data/processed/mels/131837.pt,6
131897,training,21616,/content/gnn-bert-music-context/data/raw/fma_small/131/131897.mp3,Track: Crime Story. Album: Acoustic Guitar. Artist: David Szesztay,"[0.0, 0.0, 1.0, 0.0, 0.0, 0.0, 0.0, 0.0]",/content/gnn-bert-music-context/data/processed/graphs/131897.pt,/content/gnn-bert-music-context/data/processed/mels/131897.pt,6
131911,training,21616,/content/gnn-bert-music-context/data/raw/fma_small/131/131911.mp3,Track: Above Us. Album: Cinematic. Artist: David Szesztay,"[0.0, 0.0, 0.0, 0.0, 1.0, 0.0, 0.0, 0.0]",/content/gnn-bert-music-context/data/processed/graphs/131911.pt,/content/gnn-bert-music-context/data/processed/mels/131911.pt,6
132140,training,11103,/content/gnn-bert-music-context/data/raw/fma_small/132/132140.mp3,Track: Mostarski Duchani. Album: Live at the 2016 Golden Festival. Artist: Gogofski,"[0.0, 0.0, 0.0, 0.0, 0.0, 1.0, 0.0, 0.0]",/content/gnn-bert-music-context/data/processed/graphs/132140.pt,/content/gnn-bert-music-context/data/processed/mels/132140.pt,6
132141,training,11103,/content/gnn-bert-music-context/data/raw/fma_small/132/132141.mp3,Track: Emina. Album: Live at the 2016 Golden Festival. Artist: Gogofski,"[0.0, 0.0, 0.0, 0.0, 0.0, 1.0, 0.0, 0.0]",/content/gnn-bert-music-context/data/processed/graphs/132141.pt,/content/gnn-bert-music-context/data/processed/mels/132141.pt,6
132449,validation,21701,/content/gnn-bert-music-context/data/raw/fma_small/132/132449.mp3,Track: Not Quite There. Album: Patterns and Drones. Artist: Ava Zandieh,"[0.0, 0.0, 1.0, 0.0, 0.0, 0.0, 0.0, 0.0]",/content/gnn-bert-music-context/data/processed/graphs/132449.pt,/content/gnn-bert-music-context/data/processed/mels/132449.pt,6
132453,validation,21701,/content/gnn-bert-music-context/data/raw/fma_small/132/132453.mp3,Track: Ghost Of You. Album: Patterns and Drones. Artist: Ava Zandieh,"[0.0, 0.0, 1.0, 0.0, 0.0, 0.0, 0.0, 0.0]",/content/gnn-bert-music-context/data/processed/graphs/132453.pt,/content/gnn-bert-music-context/data/processed/mels/132453.pt,6
132567,training,13228,/content/gnn-bert-music-context/data/raw/fma_small/132/132567.mp3,Track: Possess - William Hellfire. Album: Upsidedown Cross Soundtrack. Artist: William Hellfire,"[0.0, 0.0, 0.0, 0.0, 1.0, 0.0, 0.0, 0.0]",/content/gnn-bert-music-context/data/processed/graphs/132567.pt,/content/gnn-bert-music-context/data/processed/mels/132567.pt,6
132568,training,13325,/content/gnn-bert-music-context/data/raw/fma_small/132/132568.mp3,Track: Upsidedown Stars - Tyrannosaurs Dracula. Album: Upsidedown Cross Soundtrack. Artist: Tyrannosaurus Dracula,"[0.0, 0.0, 0.0, 0.0, 1.0, 0.0, 0.0, 0.0]",/content/gnn-bert-music-context/data/processed/graphs/132568.pt,/content/gnn-bert-music-context/data/processed/mels/132568.pt,6
132678,training,19799,/content/gnn-bert-music-context/data/raw/fma_small/132/132678.mp3,Track: Lullabye. Album: Son of Soundtracks. Artist: Future Sauce,"[0.0, 0.0, 0.0, 0.0, 1.0, 0.0, 0.0, 0.0]",/content/gnn-bert-music-context/data/processed/graphs/132678.pt,/content/gnn-bert-music-context/data/processed/mels/132678.pt,6
132679,training,19799,/content/gnn-bert-music-context/data/raw/fma_small/132/132679.mp3,Track: Giallo Pudding. Album: Son of Soundtracks. Artist: Future Sauce,"[0.0, 0.0, 0.0, 0.0, 1.0, 0.0, 0.0, 0.0]",/content/gnn-bert-music-context/data/processed/graphs/132679.pt,/content/gnn-bert-music-context/data/processed/mels/132679.pt,6
132779,training,12953,/content/gnn-bert-music-context/data/raw/fma_small/132/132779.mp3,Track: Party boots. Album: self titled cassette. Artist: Gardenella,"[0.0, 0.0, 0.0, 0.0, 0.0, 0.0, 1.0, 0.0]",/content/gnn-bert-music-context/data/processed/graphs/132779.pt,/content/gnn-bert-music-context/data/processed/mels/132779.pt,6
132794,training,12953,/content/gnn-bert-music-context/data/raw/fma_small/132/132794.mp3,Track: Youre so lonely. Album: self titled cassette. Artist: Gardenella,"[0.0, 0.0, 0.0, 0.0, 0.0, 0.0, 1.0, 0.0]",/content/gnn-bert-music-context/data/processed/graphs/132794.pt,/content/gnn-bert-music-context/data/processed/mels/132794.pt,6
132963,training,21462,/content/gnn-bert-music-context/data/raw/fma_small/132/132963.mp3,Track: Cock (remastered). Album: Bros B4 Hoes. Artist: Cockmasta Flex,"[0.0, 0.0, 0.0, 1.0, 0.0, 0.0, 0.0, 0.0]",/content/gnn-bert-music-context/data/processed/graphs/132963.pt,/content/gnn-bert-music-context/data/processed/mels/132963.pt,6
133274,training,21772,/content/gnn-bert-music-context/data/raw/fma_small/133/133274.mp3,Track: Fear. Album: Love Letter. Artist: Movie Theater,"[0.0, 0.0, 0.0, 0.0, 0.0, 0.0, 0.0, 1.0]",/content/gnn-bert-music-context/data/processed/graphs/133274.pt,/content/gnn-bert-music-context/data/processed/mels/133274.pt,6
133450,validation,21803,/content/gnn-bert-music-context/data/raw/fma_small/133/133450.mp3,Track: City. Album: Kevelin and Chestnut's Adventures. Artist: TRG Banks,"[0.0, 0.0, 0.0, 0.0, 1.0, 0.0, 0.0, 0.0]",/content/gnn-bert-music-context/data/processed/graphs/133450.pt,/content/gnn-bert-music-context/data/processed/mels/133450.pt,6
133454,validation,21803,/content/gnn-bert-music-context/data/raw/fma_small/133/133454.mp3,Track: Farmhouse loaf. Album: Kevelin and Chestnut's Adventures. Artist: TRG Banks,"[0.0, 0.0, 0.0, 0.0, 1.0, 0.0, 0.0, 0.0]",/content/gnn-bert-music-context/data/processed/graphs/133454.pt,/content/gnn-bert-music-context/data/processed/mels/133454.pt,6
133538,training,21616,/content/gnn-bert-music-context/data/raw/fma_small/133/133538.mp3,Track: Chains Down. Album: Atmospheric Electric Guitar. Artist: David Szesztay,"[0.0, 0.0, 0.0, 0.0, 1.0, 0.0, 0.0, 0.0]",/content/gnn-bert-music-context/data/processed/graphs/133538.pt,/content/gnn-bert-music-context/data/processed/mels/133538.pt,6
133553,training,21616,/content/gnn-bert-music-context/data/raw/fma_small/133/133553.mp3,Track: Linger. Album: Atmospheric Electric Guitar. Artist: David Szesztay,"[0.0, 0.0, 0.0, 0.0, 1.0, 0.0, 0.0, 0.0]",/content/gnn-bert-music-context/data/processed/graphs/133553.pt,/content/gnn-bert-music-context/data/processed/mels/133553.pt,6
133571,training,21616,/content/gnn-bert-music-context/data/raw/fma_small/133/133571.mp3,Track: Spacedrum. Album: Atmospheric Electric Guitar. Artist: David Szesztay,"[0.0, 0.0, 0.0, 0.0, 1.0, 0.0, 0.0, 0.0]",/content/gnn-bert-music-context/data/processed/graphs/133571.pt,/content/gnn-bert-music-context/data/processed/mels/133571.pt,6
133573,training,21616,/content/gnn-bert-music-context/data/raw/fma_small/133/133573.mp3,Track: Surreal 2. Album: Atmospheric Electric Guitar. Artist: David Szesztay,"[0.0, 0.0, 0.0, 0.0, 1.0, 0.0, 0.0, 0.0]",/content/gnn-bert-music-context/data/processed/graphs/133573.pt,/content/gnn-bert-music-context/data/processed/mels/133573.pt,6
133638,training,21814,/content/gnn-bert-music-context/data/raw/fma_small/133/133638.mp3,"Track: Intentional Injury. Album: Live on WFMU's Imaginary Radio with Chris M, 2/11/2016. Artist: Bonnie 'Prince' Billy","[0.0, 0.0, 1.0, 0.0, 0.0, 0.0, 0.0, 0.0]",/content/gnn-bert-music-context/data/processed/graphs/133638.pt,/content/gnn-bert-music-context/data/processed/mels/133638.pt,6
133836,training,21844,/content/gnn-bert-music-context/data/raw/fma_small/133/133836.mp3,Track: Gold: A Holi Song. Album: Golden Chants from India. Artist: Nimisha Shankar,"[0.0, 0.0, 0.0, 0.0, 0.0, 1.0, 0.0, 0.0]",/content/gnn-bert-music-context/data/processed/graphs/133836.pt,/content/gnn-bert-music-context/data/processed/mels/133836.pt,6
133975,training,21858,/content/gnn-bert-music-context/data/raw/fma_small/133/133975.mp3,Track: Yes She Can. Album: Unchained Melodies Vol.1. Artist: Marcos H. Bolanos,"[0.0, 0.0, 0.0, 0.0, 1.0, 0.0, 0.0, 0.0]",/content/gnn-bert-music-context/data/processed/graphs/133975.pt,/content/gnn-bert-music-context/data/processed/mels/133975.pt,6
133976,training,21858,/content/gnn-bert-music-context/data/raw/fma_small/133/133976.mp3,Track: Stay in the Light. Album: Unchained Melodies Vol.1. Artist: Marcos H. Bolanos,"[0.0, 0.0, 0.0, 0.0, 1.0, 0.0, 0.0, 0.0]",/content/gnn-bert-music-context/data/processed/graphs/133976.pt,/content/gnn-bert-music-context/data/processed/mels/133976.pt,6
134052,training,13262,/content/gnn-bert-music-context/data/raw/fma_small/134/134052.mp3,Track: XXOO (XX remixed). Album: DCCD. Artist: Jahzzar,"[1.0, 0.0, 0.0, 0.0, 0.0, 0.0, 0.0, 0.0]",/content/gnn-bert-music-context/data/processed/graphs/134052.pt,/content/gnn-bert-music-context/data/processed/mels/134052.pt,6
134054,training,13262,/content/gnn-bert-music-context/data/raw/fma_small/134/134054.mp3,Track: Pills & Mantra (Skills Pills & Mantra Mixed & Remixed). Album: DCCD. Artist: Jahzzar,"[1.0, 0.0, 0.0, 0.0, 0.0, 0.0, 0.0, 0.0]",/content/gnn-bert-music-context/data/processed/graphs/134054.pt,/content/gnn-bert-music-context/data/processed/mels/134054.pt,6
134077,training,21863,/content/gnn-bert-music-context/data/raw/fma_small/134/134077.mp3,Track: Instrumentale I. Album: A story of an old woman. Artist: Windmill,"[0.0, 0.0, 1.0, 0.0, 0.0, 0.0, 0.0, 0.0]",/content/gnn-bert-music-context/data/processed/graphs/134077.pt,/content/gnn-bert-music-context/data/processed/mels/134077.pt,6
134445,validation,21803,/content/gnn-bert-music-context/data/raw/fma_small/134/134445.mp3,Track: Above the Earth. Album: This train doesn't stop at Rugby. Artist: TRG Banks,"[0.0, 0.0, 0.0, 0.0, 1.0, 0.0, 0.0, 0.0]",/content/gnn-bert-music-context/data/processed/graphs/134445.pt,/content/gnn-bert-music-context/data/processed/mels/134445.pt,6
134631,training,15412,/content/gnn-bert-music-context/data/raw/fma_small/134/134631.mp3,"Track: Weightlessness of Fire. Album: Pus Ch'en. Artist: Ak'chamel, The Giver of Illness","[0.0, 1.0, 0.0, 0.0, 0.0, 0.0, 0.0, 0.0]",/content/gnn-bert-music-context/data/processed/graphs/134631.pt,/content/gnn-bert-music-context/data/processed/mels/134631.pt,6
134930,training,19607,/content/gnn-bert-music-context/data/raw/fma_small/134/134930.mp3,"Track: Mastoom Mastoom   Asmar Asmar. Album: Alleys of Istanbul. Artist: Turku, Nomads of the Silk Road","[0.0, 0.0, 0.0, 0.0, 0.0, 1.0, 0.0, 0.0]",/content/gnn-bert-music-context/data/processed/graphs/134930.pt,/content/gnn-bert-music-context/data/processed/mels/134930.pt,6
135223,validation,21947,/content/gnn-bert-music-context/data/raw/fma_small/135/135223.mp3,Track: Nihavent Oyun Havası. Album: Ehl-i Keyif. Artist: Ehl-i Keyif,"[0.0, 0.0, 0.0, 0.0, 0.0, 1.0, 0.0, 0.0]",/content/gnn-bert-music-context/data/processed/graphs/135223.pt,/content/gnn-bert-music-context/data/processed/mels/135223.pt,6
135229,validation,21947,/content/gnn-bert-music-context/data/raw/fma_small/135/135229.mp3,Track: Hüzzam Kanun Taksim. Album: Ehl-i Keyif. Artist: Ehl-i Keyif,"[0.0, 0.0, 0.0, 0.0, 0.0, 1.0, 0.0, 0.0]",/content/gnn-bert-music-context/data/processed/graphs/135229.pt,/content/gnn-bert-music-context/data/processed/mels/135229.pt,6
135337,validation,21957,/content/gnn-bert-music-context/data/raw/fma_small/135/135337.mp3,Track: The Dream and the Dreamer. Album: The Learning Curve. Artist: Caleb Lemond,"[0.0, 0.0, 0.0, 0.0, 0.0, 0.0, 1.0, 0.0]",/content/gnn-bert-music-context/data/processed/graphs/135337.pt,/content/gnn-bert-music-context/data/processed/mels/135337.pt,6
136054,test,22017,/content/gnn-bert-music-context/data/raw/fma_small/136/136054.mp3,Track: Vertigo. Album: Come Realtà. Artist: Sinapsi,"[0.0, 0.0, 0.0, 0.0, 0.0, 0.0, 0.0, 1.0]",/content/gnn-bert-music-context/data/processed/graphs/136054.pt,/content/gnn-bert-music-context/data/processed/mels/136054.pt,6
136275,training,4368,/content/gnn-bert-music-context/data/raw/fma_small/136/136275.mp3,"Track: Here She Comes Tonight. Album: Live at the WFMU Kill The Holidays Party, 1/9/2016. Artist: Holmes","[0.0, 0.0, 0.0, 0.0, 0.0, 0.0, 0.0, 1.0]",/content/gnn-bert-music-context/data/processed/graphs/136275.pt,/content/gnn-bert-music-context/data/processed/mels/136275.pt,6
136449,training,22055,/content/gnn-bert-music-context/data/raw/fma_small/136/136449.mp3,Track: The Everyday People. Album: netBloc Vol. 51: Embark!. Artist: McKinley Dixon,"[0.0, 0.0, 0.0, 1.0, 0.0, 0.0, 0.0, 0.0]",/content/gnn-bert-music-context/data/processed/graphs/136449.pt,/content/gnn-bert-music-context/data/processed/mels/136449.pt,6
136466,training,14456,/content/gnn-bert-music-context/data/raw/fma_small/136/136466.mp3,Track: Underground Press featuring Timezone LaFontaine (OG Mixx). Album: TheEnsuranceTrap b/w Underground Press. Artist: C-Doc,"[0.0, 0.0, 0.0, 1.0, 0.0, 0.0, 0.0, 0.0]",/content/gnn-bert-music-context/data/processed/graphs/136466.pt,/content/gnn-bert-music-context/data/processed/mels/136466.pt,6
136467,training,14456,/content/gnn-bert-music-context/data/raw/fma_small/136/136467.mp3,Track: TheEnsuranceTrap (Tab's Instrumental). Album: TheEnsuranceTrap b/w Underground Press. Artist: C-Doc,"[0.0, 0.0, 0.0, 1.0, 0.0, 0.0, 0.0, 0.0]",/content/gnn-bert-music-context/data/processed/graphs/136467.pt,/content/gnn-bert-music-context/data/processed/mels/136467.pt,6
137054,training,22121,/content/gnn-bert-music-context/data/raw/fma_small/137/137054.mp3,Track: Oh My God. Album: Singles. Artist: S-B-J,"[1.0, 0.0, 0.0, 0.0, 0.0, 0.0, 0.0, 0.0]",/content/gnn-bert-music-context/data/processed/graphs/137054.pt,/content/gnn-bert-music-context/data/processed/mels/137054.pt,6
137630,test,21476,/content/gnn-bert-music-context/data/raw/fma_small/137/137630.mp3,Track: The Bitten. Album: I Die Smiling. Artist: The Sun Through A Telescope,"[0.0, 0.0, 0.0, 0.0, 0.0, 0.0, 0.0, 1.0]",/content/gnn-bert-music-context/data/processed/graphs/137630.pt,/content/gnn-bert-music-context/data/processed/mels/137630.pt,6
137895,training,14456,/content/gnn-bert-music-context/data/raw/fma_small/137/137895.mp3,Track: The Rebel featuring Cheese N Pot-C. Album: DocSonic. Artist: C-Doc,"[0.0, 0.0, 0.0, 1.0, 0.0, 0.0, 0.0, 0.0]",/content/gnn-bert-music-context/data/processed/graphs/137895.pt,/content/gnn-bert-music-context/data/processed/mels/137895.pt,6
137896,training,14456,/content/gnn-bert-music-context/data/raw/fma_small/137/137896.mp3,Track: The Cafe featuring Donnie Ozone. Album: DocSonic. Artist: C-Doc,"[0.0, 0.0, 0.0, 1.0, 0.0, 0.0, 0.0, 0.0]",/content/gnn-bert-music-context/data/processed/graphs/137896.pt,/content/gnn-bert-music-context/data/processed/mels/137896.pt,6
137899,training,14456,/content/gnn-bert-music-context/data/raw/fma_small/137/137899.mp3,Track: Underground Press featuring Timezone LaFontaine. Album: DocSonic. Artist: C-Doc,"[0.0, 0.0, 0.0, 1.0, 0.0, 0.0, 0.0, 0.0]",/content/gnn-bert-music-context/data/processed/graphs/137899.pt,/content/gnn-bert-music-context/data/processed/mels/137899.pt,6
137900,training,14456,/content/gnn-bert-music-context/data/raw/fma_small/137/137900.mp3,Track: Far Gone (Acoustic) featuring DJ Def Chad. Album: DocSonic. Artist: C-Doc,"[0.0, 0.0, 0.0, 1.0, 0.0, 0.0, 0.0, 0.0]",/content/gnn-bert-music-context/data/processed/graphs/137900.pt,/content/gnn-bert-music-context/data/processed/mels/137900.pt,6
138015,training,22216,/content/gnn-bert-music-context/data/raw/fma_small/138/138015.mp3,Track: Come Undone. Album: Real faker. Artist: Pierce,"[0.0, 0.0, 1.0, 0.0, 0.0, 0.0, 0.0, 0.0]",/content/gnn-bert-music-context/data/processed/graphs/138015.pt,/content/gnn-bert-music-context/data/processed/mels/138015.pt,6
138024,test,22217,/content/gnn-bert-music-context/data/raw/fma_small/138/138024.mp3,Track: Her Tragedy. Album: Keepsake. Artist: Christian Flanders,"[0.0, 0.0, 0.0, 0.0, 1.0, 0.0, 0.0, 0.0]",/content/gnn-bert-music-context/data/processed/graphs/138024.pt,/content/gnn-bert-music-context/data/processed/mels/138024.pt,6
138039,training,22220,/content/gnn-bert-music-context/data/raw/fma_small/138/138039.mp3,Track: Cleaners. Album: Lydia EP. Artist: Massage,"[0.0, 0.0, 0.0, 0.0, 0.0, 0.0, 1.0, 0.0]",/content/gnn-bert-music-context/data/processed/graphs/138039.pt,/content/gnn-bert-music-context/data/processed/mels/138039.pt,6
138061,validation,22222,/content/gnn-bert-music-context/data/raw/fma_small/138/138061.mp3,Track: Bergwald Bergwald. Album: Bergwald Bergwald. Artist: Every Now and Every Then,"[0.0, 0.0, 0.0, 0.0, 0.0, 0.0, 0.0, 1.0]",/content/gnn-bert-music-context/data/processed/graphs/138061.pt,/content/gnn-bert-music-context/data/processed/mels/138061.pt,6
138320,training,22240,/content/gnn-bert-music-context/data/raw/fma_small/138/138320.mp3,"Track: I Can't Tell. Album: Live on WFMU's 100% Whatever with Mary Wing - May 1, 2016. Artist: Big White","[0.0, 0.0, 0.0, 0.0, 0.0, 0.0, 0.0, 1.0]",/content/gnn-bert-music-context/data/processed/graphs/138320.pt,/content/gnn-bert-music-context/data/processed/mels/138320.pt,6
139043,training,19390,/content/gnn-bert-music-context/data/raw/fma_small/139/139043.mp3,Track: Be Electric. Album: Be Electric. Artist: Rockit Maxx,"[0.0, 0.0, 0.0, 0.0, 0.0, 0.0, 1.0, 0.0]",/content/gnn-bert-music-context/data/processed/graphs/139043.pt,/content/gnn-bert-music-context/data/processed/mels/139043.pt,6
139110,training,22312,/content/gnn-bert-music-context/data/raw/fma_small/139/139110.mp3,"Track: What Makes A Man?. Album: Live on WFMU with Jeff Conklin, 5/9/2016. Artist: Anthony Pasquarosa","[0.0, 0.0, 1.0, 0.0, 0.0, 0.0, 0.0, 0.0]",/content/gnn-bert-music-context/data/processed/graphs/139110.pt,/content/gnn-bert-music-context/data/processed/mels/139110.pt,6
139117,training,22313,/content/gnn-bert-music-context/data/raw/fma_small/139/139117.mp3,"Track: Cool Kids. Album: Live at WFMU on 100% Whatever with Mary Wing, 5/15/2016. Artist: Shana Falana","[0.0, 0.0, 0.0, 0.0, 0.0, 0.0, 0.0, 1.0]",/content/gnn-bert-music-context/data/processed/graphs/139117.pt,/content/gnn-bert-music-context/data/processed/mels/139117.pt,6
139521,training,19841,/content/gnn-bert-music-context/data/raw/fma_small/139/139521.mp3,"Track: Angel. Album: Live at WFMU on The Avant Ghetto with Jeff Conklin, 5/30/2016. Artist: Itasca","[0.0, 0.0, 1.0, 0.0, 0.0, 0.0, 0.0, 0.0]",/content/gnn-bert-music-context/data/processed/graphs/139521.pt,/content/gnn-bert-music-context/data/processed/mels/139521.pt,6
139534,training,22370,/content/gnn-bert-music-context/data/raw/fma_small/139/139534.mp3,"Track: Freeway. Album: Live at WFMU on This Is The Modern World with Trouble, 5/31/2016. Artist: Dave Nelson","[0.0, 0.0, 0.0, 0.0, 1.0, 0.0, 0.0, 0.0]",/content/gnn-bert-music-context/data/processed/graphs/139534.pt,/content/gnn-bert-music-context/data/processed/mels/139534.pt,6
139638,training,6077,/content/gnn-bert-music-context/data/raw/fma_small/139/139638.mp3,Track: arabesque. Album: aphronesis: improvisations and interludes; music for repaired piano. Artist: aboombong,"[0.0, 1.0, 0.0, 0.0, 0.0, 0.0, 0.0, 0.0]",/content/gnn-bert-music-context/data/processed/graphs/139638.pt,/content/gnn-bert-music-context/data/processed/mels/139638.pt,6
139862,training,22395,/content/gnn-bert-music-context/data/raw/fma_small/139/139862.mp3,"Track: The Adventures of Dr. Honeyberry. Album: Live at WFMU on The Flour Hour with DJ Large Margin, 5/19/2016. Artist: TippWerk","[0.0, 1.0, 0.0, 0.0, 0.0, 0.0, 0.0, 0.0]",/content/gnn-bert-music-context/data/processed/graphs/139862.pt,/content/gnn-bert-music-context/data/processed/mels/139862.pt,6
140259,training,22431,/content/gnn-bert-music-context/data/raw/fma_small/140/140259.mp3,Track: Wait For My Shadow. Album: Figments Of My Wishes. Artist: Illusory Scapes,"[1.0, 0.0, 0.0, 0.0, 0.0, 0.0, 0.0, 0.0]",/content/gnn-bert-music-context/data/processed/graphs/140259.pt,/content/gnn-bert-music-context/data/processed/mels/140259.pt,6
140262,training,22431,/content/gnn-bert-music-context/data/raw/fma_small/140/140262.mp3,Track: Heartbeat Feeling. Album: Figments Of My Wishes. Artist: Illusory Scapes,"[1.0, 0.0, 0.0, 0.0, 0.0, 0.0, 0.0, 0.0]",/content/gnn-bert-music-context/data/processed/graphs/140262.pt,/content/gnn-bert-music-context/data/processed/mels/140262.pt,6
140564,training,3717,/content/gnn-bert-music-context/data/raw/fma_small/140/140564.mp3,Track: badonk. Album: wonky bypass. Artist: transient,"[1.0, 0.0, 0.0, 0.0, 0.0, 0.0, 0.0, 0.0]",/content/gnn-bert-music-context/data/processed/graphs/140564.pt,/content/gnn-bert-music-context/data/processed/mels/140564.pt,6
140620,test,16031,/content/gnn-bert-music-context/data/raw/fma_small/140/140620.mp3,Track: Bad Cop (Instrumental). Album: Bad Cop. Artist: The Impossebulls,"[0.0, 0.0, 0.0, 1.0, 0.0, 0.0, 0.0, 0.0]",/content/gnn-bert-music-context/data/processed/graphs/140620.pt,/content/gnn-bert-music-context/data/processed/mels/140620.pt,6
140872,training,22523,/content/gnn-bert-music-context/data/raw/fma_small/140/140872.mp3,"Track: Moon Over Chinatown. Album: Live on WFMU with Irwin Chusid, 6/22/2016. Artist: Sylvie Simmons","[0.0, 0.0, 1.0, 0.0, 0.0, 0.0, 0.0, 0.0]",/content/gnn-bert-music-context/data/processed/graphs/140872.pt,/content/gnn-bert-music-context/data/processed/mels/140872.pt,6
140875,training,22523,/content/gnn-bert-music-context/data/raw/fma_small/140/140875.mp3,"Track: You Are In My Arms. Album: Live on WFMU with Irwin Chusid, 6/22/2016. Artist: Sylvie Simmons","[0.0, 0.0, 1.0, 0.0, 0.0, 0.0, 0.0, 0.0]",/content/gnn-bert-music-context/data/processed/graphs/140875.pt,/content/gnn-bert-music-context/data/processed/mels/140875.pt,6
140923,test,21691,/content/gnn-bert-music-context/data/raw/fma_small/140/140923.mp3,Track: Whispers Invoke Paranoia. Album: The Hermeneutic Circle. Artist: Nihilore,"[1.0, 0.0, 0.0, 0.0, 0.0, 0.0, 0.0, 0.0]",/content/gnn-bert-music-context/data/processed/graphs/140923.pt,/content/gnn-bert-music-context/data/processed/mels/140923.pt,6
140925,test,21691,/content/gnn-bert-music-context/data/raw/fma_small/140/140925.mp3,Track: Set Fire to Creation. Album: The Hermeneutic Circle. Artist: Nihilore,"[1.0, 0.0, 0.0, 0.0, 0.0, 0.0, 0.0, 0.0]",/content/gnn-bert-music-context/data/processed/graphs/140925.pt,/content/gnn-bert-music-context/data/processed/mels/140925.pt,6
141173,training,22535,/content/gnn-bert-music-context/data/raw/fma_small/141/141173.mp3,Track: Seis. Album: Ensayo. Artist: Corazones service,"[0.0, 0.0, 0.0, 0.0, 0.0, 0.0, 0.0, 1.0]",/content/gnn-bert-music-context/data/processed/graphs/141173.pt,/content/gnn-bert-music-context/data/processed/mels/141173.pt,6
141179,training,22538,/content/gnn-bert-music-context/data/raw/fma_small/141/141179.mp3,Track: Stay. Album: Stay. Artist: Simple CUT,"[0.0, 0.0, 0.0, 0.0, 0.0, 0.0, 1.0, 0.0]",/content/gnn-bert-music-context/data/processed/graphs/141179.pt,/content/gnn-bert-music-context/data/processed/mels/141179.pt,6
141288,training,22551,/content/gnn-bert-music-context/data/raw/fma_small/141/141288.mp3,Track: Cells. Album: CC BY-SA 4.0. Artist: Kevin Hartnell,"[0.0, 0.0, 0.0, 0.0, 1.0, 0.0, 0.0, 0.0]",/content/gnn-bert-music-context/data/processed/graphs/141288.pt,/content/gnn-bert-music-context/data/processed/mels/141288.pt,6
141590,training,5798,/content/gnn-bert-music-context/data/raw/fma_small/141/141590.mp3,Track: Dub Mirror. Album: Dub Mirror. Artist: Mikuś,"[0.0, 0.0, 0.0, 0.0, 0.0, 1.0, 0.0, 0.0]",/content/gnn-bert-music-context/data/processed/graphs/141590.pt,/content/gnn-bert-music-context/data/processed/mels/141590.pt,6
141735,validation,12271,/content/gnn-bert-music-context/data/raw/fma_small/141/141735.mp3,Track: In Tune - Remix 2 (2017 brand new!). Album: The Remixes. Artist: Kellee Maize,"[0.0, 0.0, 0.0, 1.0, 0.0, 0.0, 0.0, 0.0]",/content/gnn-bert-music-context/data/processed/graphs/141735.pt,/content/gnn-bert-music-context/data/processed/mels/141735.pt,6
141903,training,22090,/content/gnn-bert-music-context/data/raw/fma_small/141/141903.mp3,Track: Ne Ve Rew. Album: Rainbo Donuts. Artist: We Is Shore Dedicated,"[0.0, 0.0, 0.0, 0.0, 0.0, 0.0, 1.0, 0.0]",/content/gnn-bert-music-context/data/processed/graphs/141903.pt,/content/gnn-bert-music-context/data/processed/mels/141903.pt,6
142079,training,21394,/content/gnn-bert-music-context/data/raw/fma_small/142/142079.mp3,Track: OOOTHERSIDE - Crystal Air. Album: OOOTHERSIDE. Artist: Mike B. Fort,"[1.0, 0.0, 0.0, 0.0, 0.0, 0.0, 0.0, 0.0]",/content/gnn-bert-music-context/data/processed/graphs/142079.pt,/content/gnn-bert-music-context/data/processed/mels/142079.pt,6
142080,training,21394,/content/gnn-bert-music-context/data/raw/fma_small/142/142080.mp3,Track: OOOTHERSIDE - Liquid Paper. Album: OOOTHERSIDE. Artist: Mike B. Fort,"[1.0, 0.0, 0.0, 0.0, 0.0, 0.0, 0.0, 0.0]",/content/gnn-bert-music-context/data/processed/graphs/142080.pt,/content/gnn-bert-music-context/data/processed/mels/142080.pt,6
142085,training,19803,/content/gnn-bert-music-context/data/raw/fma_small/142/142085.mp3,Track: On the daily. Album: Double Diamonds. Artist: SK,"[0.0, 0.0, 0.0, 1.0, 0.0, 0.0, 0.0, 0.0]",/content/gnn-bert-music-context/data/processed/graphs/142085.pt,/content/gnn-bert-music-context/data/processed/mels/142085.pt,6
142086,training,19803,/content/gnn-bert-music-context/data/raw/fma_small/142/142086.mp3,Track: Pennies For My Thoughts. Album: Double Diamonds. Artist: SK,"[0.0, 0.0, 0.0, 1.0, 0.0, 0.0, 0.0, 0.0]",/content/gnn-bert-music-context/data/processed/graphs/142086.pt,/content/gnn-bert-music-context/data/processed/mels/142086.pt,6
142098,validation,21803,/content/gnn-bert-music-context/data/raw/fma_small/142/142098.mp3,Track: Lake in the woods. Album: Dreamland. Artist: TRG Banks,"[0.0, 0.0, 0.0, 0.0, 1.0, 0.0, 0.0, 0.0]",/content/gnn-bert-music-context/data/processed/graphs/142098.pt,/content/gnn-bert-music-context/data/processed/mels/142098.pt,6
142132,training,22602,/content/gnn-bert-music-context/data/raw/fma_small/142/142132.mp3,"Track: Sometimes. Album: Live on WFMU's Surface Noise with Joe McGasko - July 25, 2016. Artist: Brigid Mae Power","[0.0, 0.0, 1.0, 0.0, 0.0, 0.0, 0.0, 0.0]",/content/gnn-bert-music-context/data/processed/graphs/142132.pt,/content/gnn-bert-music-context/data/processed/mels/142132.pt,6
142133,training,22602,/content/gnn-bert-music-context/data/raw/fma_small/142/142133.mp3,"Track: Lookin' at You in a Photo. Album: Live on WFMU's Surface Noise with Joe McGasko - July 25, 2016. Artist: Brigid Mae Power","[0.0, 0.0, 1.0, 0.0, 0.0, 0.0, 0.0, 0.0]",/content/gnn-bert-music-context/data/processed/graphs/142133.pt,/content/gnn-bert-music-context/data/processed/mels/142133.pt,6
142519,training,22678,/content/gnn-bert-music-context/data/raw/fma_small/142/142519.mp3,Track: This Morning's Preacher [bonus tune!]. Album: In our blisters EP. Artist: Jacket Thor,"[0.0, 0.0, 1.0, 0.0, 0.0, 0.0, 0.0, 0.0]",/content/gnn-bert-music-context/data/processed/graphs/142519.pt,/content/gnn-bert-music-context/data/processed/mels/142519.pt,6
142529,training,22679,/content/gnn-bert-music-context/data/raw/fma_small/142/142529.mp3,Track: At the Carnival. Album: Reason Will Prevail. Artist: The Bribe and the Mockery,"[0.0, 0.0, 1.0, 0.0, 0.0, 0.0, 0.0, 0.0]",/content/gnn-bert-music-context/data/processed/graphs/142529.pt,/content/gnn-bert-music-context/data/processed/mels/142529.pt,6
142530,training,22679,/content/gnn-bert-music-context/data/raw/fma_small/142/142530.mp3,Track: Ships. Album: Reason Will Prevail. Artist: The Bribe and the Mockery,"[0.0, 0.0, 1.0, 0.0, 0.0, 0.0, 0.0, 0.0]",/content/gnn-bert-music-context/data/processed/graphs/142530.pt,/content/gnn-bert-music-context/data/processed/mels/142530.pt,6
142531,training,22679,/content/gnn-bert-music-context/data/raw/fma_small/142/142531.mp3,Track: You Will Be Ok. Album: Reason Will Prevail. Artist: The Bribe and the Mockery,"[0.0, 0.0, 1.0, 0.0, 0.0, 0.0, 0.0, 0.0]",/content/gnn-bert-music-context/data/processed/graphs/142531.pt,/content/gnn-bert-music-context/data/processed/mels/142531.pt,6
142536,test,22680,/content/gnn-bert-music-context/data/raw/fma_small/142/142536.mp3,Track: El iaio. Album: Bestial. Artist: Terratombats,"[0.0, 0.0, 0.0, 0.0, 0.0, 1.0, 0.0, 0.0]",/content/gnn-bert-music-context/data/processed/graphs/142536.pt,/content/gnn-bert-music-context/data/processed/mels/142536.pt,6
142549,training,22682,/content/gnn-bert-music-context/data/raw/fma_small/142/142549.mp3,Track: My Best Searching Travel. Album: First transition. Artist: Rony Friedman,"[0.0, 0.0, 0.0, 0.0, 0.0, 0.0, 1.0, 0.0]",/content/gnn-bert-music-context/data/processed/graphs/142549.pt,/content/gnn-bert-music-context/data/processed/mels/142549.pt,6
142551,training,22682,/content/gnn-bert-music-context/data/raw/fma_small/142/142551.mp3,Track: Arms. Album: First transition. Artist: Rony Friedman,"[0.0, 0.0, 0.0, 0.0, 0.0, 0.0, 1.0, 0.0]",/content/gnn-bert-music-context/data/processed/graphs/142551.pt,/content/gnn-bert-music-context/data/processed/mels/142551.pt,6
142947,validation,22765,/content/gnn-bert-music-context/data/raw/fma_small/142/142947.mp3,"Track: Eyes All Over Town. Album: Live on WFMU's The Evan ""Funk"" Davies Show - June 8, 2016. Artist: Mrs. Magician","[0.0, 0.0, 0.0, 0.0, 0.0, 0.0, 0.0, 1.0]",/content/gnn-bert-music-context/data/processed/graphs/142947.pt,/content/gnn-bert-music-context/data/processed/mels/142947.pt,6
143060,training,22774,/content/gnn-bert-music-context/data/raw/fma_small/143/143060.mp3,Track: Wonders Of Modern Technology. Album: Wonders Of Modern Technology. Artist: Mystery Mammal,"[1.0, 0.0, 0.0, 0.0, 0.0, 0.0, 0.0, 0.0]",/content/gnn-bert-music-context/data/processed/graphs/143060.pt,/content/gnn-bert-music-context/data/processed/mels/143060.pt,6
143216,training,22790,/content/gnn-bert-music-context/data/raw/fma_small/143/143216.mp3,Track: Homecoming. Album: The Invasion. Artist: The Invasion,"[0.0, 0.0, 0.0, 0.0, 0.0, 0.0, 0.0, 1.0]",/content/gnn-bert-music-context/data/processed/graphs/143216.pt,/content/gnn-bert-music-context/data/processed/mels/143216.pt,6
143295,validation,22795,/content/gnn-bert-music-context/data/raw/fma_small/143/143295.mp3,Track: Rock Salad. Album: The Kingdom of Back. Artist: Chase Alan Willis,"[0.0, 0.0, 0.0, 0.0, 1.0, 0.0, 0.0, 0.0]",/content/gnn-bert-music-context/data/processed/graphs/143295.pt,/content/gnn-bert-music-context/data/processed/mels/143295.pt,6
143318,training,21127,/content/gnn-bert-music-context/data/raw/fma_small/143/143318.mp3,Track: Hundred Years in Helheim. Album: The Spellbreaker EP. Artist: Tri-Tachyon,"[0.0, 0.0, 0.0, 0.0, 0.0, 0.0, 0.0, 1.0]",/content/gnn-bert-music-context/data/processed/graphs/143318.pt,/content/gnn-bert-music-context/data/processed/mels/143318.pt,6
144213,test,16031,/content/gnn-bert-music-context/data/raw/fma_small/144/144213.mp3,Track: Rhythm Roulette. Album: Five By Five II: Sloth. Artist: The Impossebulls,"[0.0, 0.0, 0.0, 1.0, 0.0, 0.0, 0.0, 0.0]",/content/gnn-bert-music-context/data/processed/graphs/144213.pt,/content/gnn-bert-music-context/data/processed/mels/144213.pt,6
144423,training,22990,/content/gnn-bert-music-context/data/raw/fma_small/144/144423.mp3,Track: Happy Jambo. Album: Happy Jambo. Artist: Angel Garcia,"[1.0, 0.0, 0.0, 0.0, 0.0, 0.0, 0.0, 0.0]",/content/gnn-bert-music-context/data/processed/graphs/144423.pt,/content/gnn-bert-music-context/data/processed/mels/144423.pt,6
144470,training,3475,/content/gnn-bert-music-context/data/raw/fma_small/144/144470.mp3,Track: Make a Life (Instrumental). Album: Brutal Lives (Instrumentals). Artist: Nick Jaina,"[0.0, 0.0, 1.0, 0.0, 0.0, 0.0, 0.0, 0.0]",/content/gnn-bert-music-context/data/processed/graphs/144470.pt,/content/gnn-bert-music-context/data/processed/mels/144470.pt,6
144592,test,23004,/content/gnn-bert-music-context/data/raw/fma_small/144/144592.mp3,Track: Dark Matter. Album: The Big Numbers. Artist: Trillion Catz,"[1.0, 0.0, 0.0, 0.0, 0.0, 0.0, 0.0, 0.0]",/content/gnn-bert-music-context/data/processed/graphs/144592.pt,/content/gnn-bert-music-context/data/processed/mels/144592.pt,6
144940,training,23102,/content/gnn-bert-music-context/data/raw/fma_small/144/144940.mp3,"Track: (next time you coalesce) Come Over. Album: Fridays, Volume 1. Artist: Maxwell Powers","[0.0, 0.0, 0.0, 0.0, 0.0, 0.0, 1.0, 0.0]",/content/gnn-bert-music-context/data/processed/graphs/144940.pt,/content/gnn-bert-music-context/data/processed/mels/144940.pt,6
145027,training,23111,/content/gnn-bert-music-context/data/raw/fma_small/145/145027.mp3,Track: Curly. Album: The Darkness Thou Canst Not Dispel. Artist: Little Ozzy & J. E. Frey,"[0.0, 0.0, 0.0, 0.0, 0.0, 0.0, 0.0, 1.0]",/content/gnn-bert-music-context/data/processed/graphs/145027.pt,/content/gnn-bert-music-context/data/processed/mels/145027.pt,6
145241,training,23151,/content/gnn-bert-music-context/data/raw/fma_small/145/145241.mp3,Track: THE THREE SHADES. Album: The Three Shades. Artist: Vukovar,"[0.0, 0.0, 0.0, 0.0, 0.0, 0.0, 0.0, 1.0]",/content/gnn-bert-music-context/data/processed/graphs/145241.pt,/content/gnn-bert-music-context/data/processed/mels/145241.pt,6
145258,training,23152,/content/gnn-bert-music-context/data/raw/fma_small/145/145258.mp3,Track: Left The Building. Album: Instrumentals EP. Artist: Lonely Punk,"[0.0, 0.0, 0.0, 0.0, 0.0, 0.0, 0.0, 1.0]",/content/gnn-bert-music-context/data/processed/graphs/145258.pt,/content/gnn-bert-music-context/data/processed/mels/145258.pt,6
145458,test,19472,/content/gnn-bert-music-context/data/raw/fma_small/145/145458.mp3,Track: Dilemma of the Heart. Album: The Pleasure of Discovery. Artist: Squire Tuck,"[0.0, 0.0, 0.0, 0.0, 1.0, 0.0, 0.0, 0.0]",/content/gnn-bert-music-context/data/processed/graphs/145458.pt,/content/gnn-bert-music-context/data/processed/mels/145458.pt,6
145552,training,23195,/content/gnn-bert-music-context/data/raw/fma_small/145/145552.mp3,Track: Family Tree Burning. Album: Sign The Drafts EP. Artist: This Mess is Mine,"[0.0, 0.0, 1.0, 0.0, 0.0, 0.0, 0.0, 0.0]",/content/gnn-bert-music-context/data/processed/graphs/145552.pt,/content/gnn-bert-music-context/data/processed/mels/145552.pt,6
145556,training,23195,/content/gnn-bert-music-context/data/raw/fma_small/145/145556.mp3,Track: Roommates (Piano Version by AGPB). Album: Sign The Drafts EP. Artist: This Mess is Mine,"[0.0, 0.0, 1.0, 0.0, 0.0, 0.0, 0.0, 0.0]",/content/gnn-bert-music-context/data/processed/graphs/145556.pt,/content/gnn-bert-music-context/data/processed/mels/145556.pt,6
145708,training,23102,/content/gnn-bert-music-context/data/raw/fma_small/145/145708.mp3,Track: When You Came They Were Clapping (TSPMIX). Album: Godspeed. Artist: Maxwell Powers,"[0.0, 0.0, 0.0, 0.0, 0.0, 0.0, 1.0, 0.0]",/content/gnn-bert-music-context/data/processed/graphs/145708.pt,/content/gnn-bert-music-context/data/processed/mels/145708.pt,6
145744,training,18872,/content/gnn-bert-music-context/data/raw/fma_small/145/145744.mp3,Track: Jazzy Hip-Hop (Featuring Long John). Album: TA2MI Presents: Cheese N Pot-C. Artist: Cheese N Pot-C,"[0.0, 0.0, 0.0, 1.0, 0.0, 0.0, 0.0, 0.0]",/content/gnn-bert-music-context/data/processed/graphs/145744.pt,/content/gnn-bert-music-context/data/processed/mels/145744.pt,6
145749,test,16031,/content/gnn-bert-music-context/data/raw/fma_small/145/145749.mp3,Track: Liars & Conmen. Album: Five By Five III: Greed. Artist: The Impossebulls,"[0.0, 0.0, 0.0, 1.0, 0.0, 0.0, 0.0, 0.0]",/content/gnn-bert-music-context/data/processed/graphs/145749.pt,/content/gnn-bert-music-context/data/processed/mels/145749.pt,6
145754,training,20146,/content/gnn-bert-music-context/data/raw/fma_small/145/145754.mp3,Track: Lotus. Album: Vespidae. Artist: SPCZ,"[1.0, 0.0, 0.0, 0.0, 0.0, 0.0, 0.0, 0.0]",/content/gnn-bert-music-context/data/processed/graphs/145754.pt,/content/gnn-bert-music-context/data/processed/mels/145754.pt,6
145758,training,20146,/content/gnn-bert-music-context/data/raw/fma_small/145/145758.mp3,Track: Spicy. Album: Vespidae. Artist: SPCZ,"[1.0, 0.0, 0.0, 0.0, 0.0, 0.0, 0.0, 0.0]",/content/gnn-bert-music-context/data/processed/graphs/145758.pt,/content/gnn-bert-music-context/data/processed/mels/145758.pt,6
145780,training,23203,/content/gnn-bert-music-context/data/raw/fma_small/145/145780.mp3,"Track: Amilee. Album: Live at WFMU on The Evan ""Funk"" Davies Show, 10/19/2016. Artist: The Jeanies","[0.0, 0.0, 0.0, 0.0, 0.0, 0.0, 0.0, 1.0]",/content/gnn-bert-music-context/data/processed/graphs/145780.pt,/content/gnn-bert-music-context/data/processed/mels/145780.pt,6
146149,training,23260,/content/gnn-bert-music-context/data/raw/fma_small/146/146149.mp3,Track: Spacewalkers. Album: Spacewalkers EP. Artist: A-Grav Lab,"[0.0, 0.0, 0.0, 1.0, 0.0, 0.0, 0.0, 0.0]",/content/gnn-bert-music-context/data/processed/graphs/146149.pt,/content/gnn-bert-music-context/data/processed/mels/146149.pt,6
146153,training,23260,/content/gnn-bert-music-context/data/raw/fma_small/146/146153.mp3,Track: Torture Device. Album: Spacewalkers EP. Artist: A-Grav Lab,"[0.0, 0.0, 0.0, 1.0, 0.0, 0.0, 0.0, 0.0]",/content/gnn-bert-music-context/data/processed/graphs/146153.pt,/content/gnn-bert-music-context/data/processed/mels/146153.pt,6
146483,training,23325,/content/gnn-bert-music-context/data/raw/fma_small/146/146483.mp3,Track: Cope - Mikey Whipwreck. Album: Sampler 2016. Artist: Norwegian Blue Records,"[0.0, 0.0, 0.0, 0.0, 0.0, 0.0, 0.0, 1.0]",/content/gnn-bert-music-context/data/processed/graphs/146483.pt,/content/gnn-bert-music-context/data/processed/mels/146483.pt,6
146713,training,23348,/content/gnn-bert-music-context/data/raw/fma_small/146/146713.mp3,"Track: Twist (Featuring Chuck D) (Def Remix). Album: Souvenirs, Novelties & Party Tricks XE. Artist: Regenerated Headpiece","[0.0, 0.0, 0.0, 1.0, 0.0, 0.0, 0.0, 0.0]",/content/gnn-bert-music-context/data/processed/graphs/146713.pt,/content/gnn-bert-music-context/data/processed/mels/146713.pt,6
147085,training,2008,/content/gnn-bert-music-context/data/raw/fma_small/147/147085.mp3,Track: A Ukulele For Christmas. Album: A Ukulele For Christmas. Artist: Lee Rosevere,"[0.0, 1.0, 0.0, 0.0, 0.0, 0.0, 0.0, 0.0]",/content/gnn-bert-music-context/data/processed/graphs/147085.pt,/content/gnn-bert-music-context/data/processed/mels/147085.pt,6
147086,training,2008,/content/gnn-bert-music-context/data/raw/fma_small/147/147086.mp3,Track: A Ukulele For Christmas (instrumental). Album: A Ukulele For Christmas. Artist: Lee Rosevere,"[0.0, 1.0, 0.0, 0.0, 0.0, 0.0, 0.0, 0.0]",/content/gnn-bert-music-context/data/processed/graphs/147086.pt,/content/gnn-bert-music-context/data/processed/mels/147086.pt,6
147409,training,19740,/content/gnn-bert-music-context/data/raw/fma_small/147/147409.mp3,Track: Game Boy Horror. Album: Dandy's Little Monsters. Artist: The Zombie Dandies,"[0.0, 0.0, 0.0, 0.0, 0.0, 0.0, 0.0, 1.0]",/content/gnn-bert-music-context/data/processed/graphs/147409.pt,/content/gnn-bert-music-context/data/processed/mels/147409.pt,6
147886,training,17695,/content/gnn-bert-music-context/data/raw/fma_small/147/147886.mp3,Track: Burns (Featuring Cable). Album: The Vault. Artist: Deadly Combo,"[0.0, 0.0, 0.0, 1.0, 0.0, 0.0, 0.0, 0.0]",/content/gnn-bert-music-context/data/processed/graphs/147886.pt,/content/gnn-bert-music-context/data/processed/mels/147886.pt,6
148074,training,23531,/content/gnn-bert-music-context/data/raw/fma_small/148/148074.mp3,Track: Niceness. Album: Red Star Martyrs. Artist: Red Star Martyrs,"[0.0, 0.0, 0.0, 0.0, 0.0, 1.0, 0.0, 0.0]",/content/gnn-bert-music-context/data/processed/graphs/148074.pt,/content/gnn-bert-music-context/data/processed/mels/148074.pt,6
148168,training,3426,/content/gnn-bert-music-context/data/raw/fma_small/148/148168.mp3,"Track: Bahia. Album: Live At Monty Hall, 8/18/2016. Artist: Prince Rama","[0.0, 1.0, 0.0, 0.0, 0.0, 0.0, 0.0, 0.0]",/content/gnn-bert-music-context/data/processed/graphs/148168.pt,/content/gnn-bert-music-context/data/processed/mels/148168.pt,6
148208,validation,22428,/content/gnn-bert-music-context/data/raw/fma_small/148/148208.mp3,Track: Shellac. Album: Home Recordings Vol.1. Artist: Josh Armistead,"[0.0, 0.0, 1.0, 0.0, 0.0, 0.0, 0.0, 0.0]",/content/gnn-bert-music-context/data/processed/graphs/148208.pt,/content/gnn-bert-music-context/data/processed/mels/148208.pt,6
148212,validation,22428,/content/gnn-bert-music-context/data/raw/fma_small/148/148212.mp3,Track: Like A Dog. Album: Home Recordings Vol.1. Artist: Josh Armistead,"[0.0, 0.0, 1.0, 0.0, 0.0, 0.0, 0.0, 0.0]",/content/gnn-bert-music-context/data/processed/graphs/148212.pt,/content/gnn-bert-music-context/data/processed/mels/148212.pt,6
148213,validation,22428,/content/gnn-bert-music-context/data/raw/fma_small/148/148213.mp3,Track: From The Sun. Album: Home Recordings Vol.1. Artist: Josh Armistead,"[0.0, 0.0, 1.0, 0.0, 0.0, 0.0, 0.0, 0.0]",/content/gnn-bert-music-context/data/processed/graphs/148213.pt,/content/gnn-bert-music-context/data/processed/mels/148213.pt,6
148234,validation,22428,/content/gnn-bert-music-context/data/raw/fma_small/148/148234.mp3,Track: Olympia. Album: Live @ 3CR Radio - Collingwood Melbourne.. Artist: Josh Armistead,"[0.0, 0.0, 1.0, 0.0, 0.0, 0.0, 0.0, 0.0]",/content/gnn-bert-music-context/data/processed/graphs/148234.pt,/content/gnn-bert-music-context/data/processed/mels/148234.pt,6
148235,validation,22428,/content/gnn-bert-music-context/data/raw/fma_small/148/148235.mp3,Track: Hand of The Hunter. Album: Live @ 3CR Radio - Collingwood Melbourne.. Artist: Josh Armistead,"[0.0, 0.0, 1.0, 0.0, 0.0, 0.0, 0.0, 0.0]",/content/gnn-bert-music-context/data/processed/graphs/148235.pt,/content/gnn-bert-music-context/data/processed/mels/148235.pt,6
148286,training,23544,/content/gnn-bert-music-context/data/raw/fma_small/148/148286.mp3,"Track: Beppe of Italy. Album: Live at WFMU on 100% Whatever with Mary Wing, 11/20/2016. Artist: LoveyDove","[0.0, 0.0, 0.0, 0.0, 0.0, 0.0, 1.0, 0.0]",/content/gnn-bert-music-context/data/processed/graphs/148286.pt,/content/gnn-bert-music-context/data/processed/mels/148286.pt,6
148288,training,23544,/content/gnn-bert-music-context/data/raw/fma_small/148/148288.mp3,"Track: Deep Down Inc.. Album: Live at WFMU on 100% Whatever with Mary Wing, 11/20/2016. Artist: LoveyDove","[0.0, 0.0, 0.0, 0.0, 0.0, 0.0, 1.0, 0.0]",/content/gnn-bert-music-context/data/processed/graphs/148288.pt,/content/gnn-bert-music-context/data/processed/mels/148288.pt,6
148536,training,20693,/content/gnn-bert-music-context/data/raw/fma_small/148/148536.mp3,Track: Medo de Tentar. Album: Medo de Morrer | Medo de Tentar. Artist: E A Terra Nunca Me Pareceu Tão Distante,"[0.0, 0.0, 0.0, 0.0, 0.0, 0.0, 0.0, 1.0]",/content/gnn-bert-music-context/data/processed/graphs/148536.pt,/content/gnn-bert-music-context/data/processed/mels/148536.pt,6
148587,training,23601,/content/gnn-bert-music-context/data/raw/fma_small/148/148587.mp3,Track: Séducteur loser. Album: Ratages et confettis. Artist: Le Manque,"[0.0, 0.0, 0.0, 0.0, 0.0, 0.0, 1.0, 0.0]",/content/gnn-bert-music-context/data/processed/graphs/148587.pt,/content/gnn-bert-music-context/data/processed/mels/148587.pt,6
148611,test,23605,/content/gnn-bert-music-context/data/raw/fma_small/148/148611.mp3,Track: Elektra (You Were Such Fun). Album: II. Artist: Red Crickets,"[0.0, 0.0, 0.0, 0.0, 0.0, 0.0, 1.0, 0.0]",/content/gnn-bert-music-context/data/processed/graphs/148611.pt,/content/gnn-bert-music-context/data/processed/mels/148611.pt,6
149118,training,11979,/content/gnn-bert-music-context/data/raw/fma_small/149/149118.mp3,Track: Blue Introduction. Album: The Blue Tape. Artist: K. Sparks,"[0.0, 0.0, 0.0, 1.0, 0.0, 0.0, 0.0, 0.0]",/content/gnn-bert-music-context/data/processed/graphs/149118.pt,/content/gnn-bert-music-context/data/processed/mels/149118.pt,6
149417,training,22128,/content/gnn-bert-music-context/data/raw/fma_small/149/149417.mp3,Track: Nerve Damage. Album: Nerve Damage. Artist: Punk Rock Opera,"[0.0, 0.0, 0.0, 0.0, 0.0, 0.0, 0.0, 1.0]",/content/gnn-bert-music-context/data/processed/graphs/149417.pt,/content/gnn-bert-music-context/data/processed/mels/149417.pt,6
149523,training,23676,/content/gnn-bert-music-context/data/raw/fma_small/149/149523.mp3,Track: The Slowness of Sloths. Album: C3 and the Juhla Journey. Artist: Dee Zee,"[0.0, 0.0, 0.0, 0.0, 0.0, 0.0, 0.0, 1.0]",/content/gnn-bert-music-context/data/processed/graphs/149523.pt,/content/gnn-bert-music-context/data/processed/mels/149523.pt,6
149623,test,23687,/content/gnn-bert-music-context/data/raw/fma_small/149/149623.mp3,"Track: Boy Bye. Album: Live at WFMU for Champ Sound with DJ Guy, 6/30/2016. Artist: Abdu Ali","[0.0, 0.0, 0.0, 1.0, 0.0, 0.0, 0.0, 0.0]",/content/gnn-bert-music-context/data/processed/graphs/149623.pt,/content/gnn-bert-music-context/data/processed/mels/149623.pt,6
149625,test,23687,/content/gnn-bert-music-context/data/raw/fma_small/149/149625.mp3,"Track: Keep Moving (Negro Kai). Album: Live at WFMU for Champ Sound with DJ Guy, 6/30/2016. Artist: Abdu Ali","[0.0, 0.0, 0.0, 1.0, 0.0, 0.0, 0.0, 0.0]",/content/gnn-bert-music-context/data/processed/graphs/149625.pt,/content/gnn-bert-music-context/data/processed/mels/149625.pt,6
149687,training,11979,/content/gnn-bert-music-context/data/raw/fma_small/149/149687.mp3,Track: God's Love. Album: Diagnosis: Success. Artist: K. Sparks,"[0.0, 0.0, 0.0, 1.0, 0.0, 0.0, 0.0, 0.0]",/content/gnn-bert-music-context/data/processed/graphs/149687.pt,/content/gnn-bert-music-context/data/processed/mels/149687.pt,6
149714,training,22430,/content/gnn-bert-music-context/data/raw/fma_small/149/149714.mp3,Track: P.S.I. Part II (Final Step). Album: P.S.I. (Different). Artist: Fatal Injection,"[0.0, 0.0, 0.0, 0.0, 1.0, 0.0, 0.0, 0.0]",/content/gnn-bert-music-context/data/processed/graphs/149714.pt,/content/gnn-bert-music-context/data/processed/mels/149714.pt,6
150080,training,14155,/content/gnn-bert-music-context/data/raw/fma_small/150/150080.mp3,Track: Deep Karnataka. Album: Reprise. Artist: DubRaJah,"[0.0, 0.0, 0.0, 0.0, 0.0, 1.0, 0.0, 0.0]",/content/gnn-bert-music-context/data/processed/graphs/150080.pt,/content/gnn-bert-music-context/data/processed/mels/150080.pt,6
150266,training,23212,/content/gnn-bert-music-context/data/raw/fma_small/150/150266.mp3,Track: Here. Album: Soundtrack for the Weary Vol. II. Artist: Hyson,"[0.0, 0.0, 0.0, 0.0, 1.0, 0.0, 0.0, 0.0]",/content/gnn-bert-music-context/data/processed/graphs/150266.pt,/content/gnn-bert-music-context/data/processed/mels/150266.pt,6
152261,training,23946,/content/gnn-bert-music-context/data/raw/fma_small/152/152261.mp3,Track: Danse Macabre. Album: Lost ship. Artist: Panda Dub,"[0.0, 0.0, 0.0, 0.0, 0.0, 1.0, 0.0, 0.0]",/content/gnn-bert-music-context/data/processed/graphs/152261.pt,/content/gnn-bert-music-context/data/processed/mels/152261.pt,6
152324,training,20335,/content/gnn-bert-music-context/data/raw/fma_small/152/152324.mp3,Track: Greenhouse On Mars. Album: Greenhouse On Mars. Artist: Frozen Houses,"[0.0, 0.0, 0.0, 0.0, 0.0, 0.0, 1.0, 0.0]",/content/gnn-bert-music-context/data/processed/graphs/152324.pt,/content/gnn-bert-music-context/data/processed/mels/152324.pt,6
153337,training,24202,/content/gnn-bert-music-context/data/raw/fma_small/153/153337.mp3,Track: The Vent. Album: DRVN. Artist: DRVN,"[0.0, 0.0, 0.0, 1.0, 0.0, 0.0, 0.0, 0.0]",/content/gnn-bert-music-context/data/processed/graphs/153337.pt,/content/gnn-bert-music-context/data/processed/mels/153337.pt,6
154305,test,23208,/content/gnn-bert-music-context/data/raw/fma_small/154/154305.mp3,Track: Calm Flight. Album: Journey. Artist: Fleslit,"[0.0, 0.0, 0.0, 1.0, 0.0, 0.0, 0.0, 0.0]",/content/gnn-bert-music-context/data/processed/graphs/154305.pt,/content/gnn-bert-music-context/data/processed/mels/154305.pt,6
154306,test,23208,/content/gnn-bert-music-context/data/raw/fma_small/154/154306.mp3,Track: Yummy. Album: Journey. Artist: Fleslit,"[0.0, 0.0, 0.0, 1.0, 0.0, 0.0, 0.0, 0.0]",/content/gnn-bert-music-context/data/processed/graphs/154306.pt,/content/gnn-bert-music-context/data/processed/mels/154306.pt,6
